:020000040800F2
:10000000000002208D9B0008259800082D9800080C
:10001000359800083D980008459800080000000049
:1000200000000000000000000000000051850008F2
:100030004D98000800000000A1870008F97D000825
:10004000DD9B0008DD9B0008DD9B0008DD9B0008B0
:10005000DD9B0008DD9B0008DD9B0008DD9B0008A0
:10006000DD9B0008DD9B0008DD9B0008DD9B000890
:100070005D980008DD9B000871980008DD9B000872
:10008000DD9B0008DD9B0008DD9B0008DD9B000870
:100090008598000899980008DD9B0008DD9B000802
:1000A000DD9B0008DD9B0008DD9B0008DD9B000850
:1000B000DD9B0008DD9B0008DD9B0008DD9B000840
:1000C000DD9B0008DD9B0008DD9B0008DD9B000830
:1000D000DD9B0008AD980008DD9B0008C198000872
:1000E000DD9B0008DD9B0008DD9B0008DD9B000810
:1000F000DD9B0008DD9B0008DD9B0008DD9B000800
:10010000DD9B0008DD9B0008DD9B0008DD9B0008EF
:10011000DD9B0008DD9B0008D5980008E9980008E1
:10012000DD9B0008FD98000811990008DD9B000880
:10013000DD9B0008DD9B0008DD9B0008DD9B0008BF
:100140002599000839990008DD9B0008DD9B00080F
:10015000DD9B00084D990008619900087599000819
:10016000DD9B0008DD9B0008DD9B0008DD9B00088F
:10017000DD9B0008DD9B0008DD9B000800000000FF
:08018000DD9B0008DD9B000877
:1001900081F0004102E000BF83F0004330B54FEA38
:1001A00041044FEA430594EA050F08BF90EA020FA5
:1001B0001FBF54EA000C55EA020C7FEA645C7FEA38
:1001C000655C00F0E2804FEA5454D4EB5555B8BF5B
:1001D0006D420CDD2C4480EA020281EA030382EACC
:1001E000000083EA010180EA020281EA0303362D5E
:1001F00088BF30BD11F0004F4FEA01314FF4801C31
:100200004CEA113102D0404261EB410113F0004F42
:100210004FEA03334CEA133302D0524263EB4303F9
:1002200094EA050F00F0A780A4F10104D5F1200E97
:100230000DDB02FA0EFC22FA05F2801841F10001F2
:1002400003FA0EF2801843FA05F359410EE0A5F1C6
:1002500020050EF1200E012A03FA0EFC28BF4CF0F7
:10026000020C43FA05F3C01851EBE37101F00045AD
:1002700007D54FF0000EDCF1000C7EEB00006EEBBA
:100280000101B1F5801F1BD3B1F5001F0CD3490844
:100290005FEA30004FEA3C0C04F101044FEA44529B
:1002A00012F5800F80F09A80BCF1004F08BF5FEA22
:1002B000500C50F1000041EB045141EA050130BD02
:1002C0005FEA4C0C404141EB0101013C28BFB1F514
:1002D000801FE9D291F0000F04BF01460020B1FA5F
:1002E00081F308BF2033A3F10B03B3F120020CDA32
:1002F0000C3208DD02F1140CC2F10C0201FA0CF010
:1003000021FA02F10CE002F11402D8BFC2F1200C74
:1003100001FA02F120FA0CFCDCBF41EA0C0190402A
:10032000E41AA2BF01EB0451294330BD6FEA040473
:100330001F3C1CDA0C340EDC04F11404C4F120025E
:1003400020FA04F001FA02F340EA030021FA04F370
:1003500045EA030130BDC4F10C04C4F1200220FAC7
:1003600002F001FA04F340EA0300294630BD21FA05
:1003700004F0294630BD94F0000F83F4801306BFCB
:1003800081F480110134013D4EE77FEA645C18BFBF
:100390007FEA655C29D094EA050F08BF90EA020F56
:1003A00005D054EA000C04BF1946104630BD91EA4E
:1003B000030F1EBF0021002030BD5FEA545C05D151
:1003C0004000494128BF41F0004130BD14F5800490
:1003D0003CBF01F5801130BD01F0004545F0FE4104
:1003E00041F470014FF0000030BD7FEA645C1ABF39
:1003F000194610467FEA655C1CBF0B46024650EA70
:10040000013406BF52EA033591EA030F41F400219B
:1004100030BD00BF90F0000F04BF0021704730B521
:100420004FF4806404F132044FF000054FF00001F6
:1004300050E700BF90F0000F04BF0021704730B5B7
:100440004FF4806404F1320410F0004548BF40428C
:100450004FF000013EE700BF42004FEAE2014FEAE1
:1004600031014FEA02701FBF12F07F4393F07F4FBC
:1004700081F06051704732F07F4208BF704793F0BF
:100480007F4F04BF41F40021704730B54FF46074D2
:1004900001F0004521F000411CE700BF50EA0102D5
:1004A00008BF704730B54FF000050AE050EA01027E
:1004B00008BF704730B511F0004502D5404261EBEE
:1004C00041014FF4806404F132045FEA915C3FF42F
:1004D000D8AE4FF003025FEADC0C18BF03325FEACC
:1004E000DC0C18BF033202EBDC02C2F1200300FA7D
:1004F00003FC20FA02F001FA03FE40EA0E0021FAA2
:1005000002F11444BDE600BF70B54FF0FF0C4CF48F
:10051000E06C1CEA11541DBF1CEA135594EA0C0F41
:1005200095EA0C0F00F0DEF82C4481EA030621EA7C
:100530004C5123EA4C5350EA013518BF52EA0335B7
:1005400041F4801143F4801338D0A0FB02CE4FF069
:100550000005E1FB02E506F00042E0FB03E54FF099
:100560000006E1FB03569CF0000F18BF4EF0010E91
:10057000A4F1FF04B6F5007F64F5407404D25FEA8D
:100580004E0E6D4146EB060642EAC62141EA555140
:100590004FEAC52040EA5E504FEACE2EB4F1FD0C82
:1005A00088BFBCF5E06F1ED8BEF1004F08BF5FEA00
:1005B000500E50F1000041EB045170BD06F00046B2
:1005C00046EA010140EA020081EA0301B4EB5C045F
:1005D000C2BFD4EB0C0541EA045170BD41F4801157
:1005E0004FF0000E013C00F3AB8014F1360FDEBF7C
:1005F000002001F0004170BDC4F10004203C35DA58
:100600000C341BDC04F11404C4F1200500FA05F3DA
:1006100020FA04F001FA05F240EA020001F000427B
:1006200021F0004110EBD37021FA04F642EB0601F1
:100630005EEA430E08BF20EAD37070BDC4F10C041B
:10064000C4F1200500FA04F320FA05F001FA04F2DF
:1006500040EA020001F0004110EBD37041F10001CB
:100660005EEA430E08BF20EAD37070BDC4F12005D6
:1006700000FA05F24EEA020E20FA04F301FA05F23E
:1006800043EA020321FA04F001F0004121FA04F2E6
:1006900020EA020000EBD3705EEA430E08BF20EAB6
:1006A000D37070BD94F0000F0FD101F000464000F0
:1006B00041EB010111F4801F08BF013CF7D041EA72
:1006C000060195F0000F18BF704703F00046520076
:1006D00043EB030313F4801F08BF013DF7D043EA47
:1006E0000603704794EA0C0F0CEA135518BF95EAFD
:1006F0000C0F0CD050EA410618BF52EA4306D1D184
:1007000081EA030101F000414FF0000070BD50EAA2
:10071000410606BF1046194652EA430619D094EA2C
:100720000C0F02D150EA013613D195EA0C0F05D116
:1007300052EA03361CBF104619460AD181EA03016A
:1007400001F0004141F0FE4141F470014FF0000022
:1007500070BD41F0FE4141F4780170BD70B54FF0BD
:10076000FF0C4CF4E06C1CEA11541DBF1CEA13553D
:1007700094EA0C0F95EA0C0F00F0A7F8A4EB05041F
:1007800081EA030E52EA03354FEA013100F0888016
:100790004FEA03334FF0805545EA131343EA1263DF
:1007A0004FEA022245EA111545EA10654FEA002694
:1007B0000EF000419D4208BF964244F1FD0404F54D
:1007C000407402D25B084FEA3202B61A65EB0305A9
:1007D0005B084FEA32024FF480104FF4002CB6EB66
:1007E000020E75EB030E22BFB61A754640EA0C00E6
:1007F0005B084FEA3202B6EB020E75EB030E22BF26
:10080000B61A754640EA5C005B084FEA3202B6EB66
:10081000020E75EB030E22BFB61A754640EA9C0025
:100820005B084FEA3202B6EB020E75EB030E22BFF5
:10083000B61A754640EADC0055EA060E18D04FEAB3
:10084000051545EA16754FEA06164FEAC30343EA53
:1008500052734FEAC2025FEA1C1CC0D111F4801F20
:100860000BD141EA00014FF000004FF0004CB6E719
:1008700011F4801F04BF01430020B4F1FD0C88BFB8
:10088000BCF5E06F3FF6AFAEB5EB030C04BFB6EBC3
:10089000020C5FEA500C50F1000041EB045170BDB6
:1008A0000EF0004E4EEA113114EB5C04C2BFD4EBE3
:1008B0000C0541EA045170BD41F480114FF0000E67
:1008C000013C90E645EA060E8DE60CEA135594EAE3
:1008D0000C0F08BF95EA0C0F3FF43BAF94EA0C0FE6
:1008E0000AD150EA01347FF434AF95EA0C0F7FF45B
:1008F00025AF104619462CE795EA0C0F06D152EAAF
:1009000003353FF4FDAE1046194622E750EA410692
:1009100018BF52EA43067FF4C5AE50EA41047FF4A3
:100920000DAF52EA43057FF4EBAE12E74FF0FF3C08
:1009300006E000BF4FF0010C02E000BF4FF0010CD9
:100940004DF804CD4FEA410C7FEA6C5C4FEA430C52
:1009500018BF7FEA6C5C1BD001B050EA410C0CBFA1
:1009600052EA430C91EA030F02BF90EA020F002003
:10097000704710F1000F91EA030F58BF994208BF6A
:1009800090422CBFD8176FEAE37040F00100704727
:100990004FEA410C7FEA6C5C02D150EA013C07D17E
:1009A0004FEA430C7FEA6C5CD6D152EA033CD3D0C9
:1009B0005DF8040B704700BF8446104662468C46C3
:1009C0001946634600E000BF01B5FFF7B7FF0028F6
:1009D00048BF10F1000F01BD4DF808EDFFF7F4FF1F
:1009E0000CBF012000205DF808FB00BF4DF808EDAA
:1009F000FFF7EAFF34BF012000205DF808FB00BFCD
:100A00004DF808EDFFF7E0FF94BF012000205DF8EE
:100A100008FB00BF4DF808EDFFF7CEFF94BF0120A3
:100A200000205DF808FB00BF4DF808EDFFF7C4FF9C
:100A300034BF012000205DF808FB00BF4A0011D23E
:100A400012F5001211D20DD56FF47873B3EB625228
:100A50000ED44FEAC12343F0004343EA505323FA34
:100A600002F070474FF00000704750EA013002D1A9
:100A70004FF0FF3070474FF0000070474FEA4102DF
:100A8000B2F1E04324BFB3F5001CDCF1FE5C0DD9EC
:100A900001F0004C4FEAC0024CEA5070B2F1004F36
:100AA00040EB830008BF20F00100704711F0804F39
:100AB00021D113F13872BCBF01F00040704741F4FE
:100AC00080114FEA5252C2F11802C2F1200C10FA02
:100AD0000CF320FA02F018BF40F001004FEAC123E6
:100AE0004FEAD32303FA0CFC40EA0C0023FA02F38A
:100AF0004FEA4303CCE77FEA625307D150EA013360
:100B00001EBF4FF0FE4040F44000704701F000402F
:100B100040F0FE4040F40000704700BF53B94AB9AE
:100B2000002908BF00281CBF4FF0FF314FF0FF30F5
:100B300000F00CB8ADF1080C6DE904CE1AF0F2FE2D
:100B4000DDF804E0DDE9022304B07047704700BF20
:100B5000034613F8012B002AFBD1181A01387047FD
:100B600001F0FF01102A2BDB10F0070F08D010F85E
:100B7000013B013A8B422DD010F0070F42B3F6D162
:100B8000F0B441EA012141EA014122F007047FF07B
:100B900000070023F0E80256083C85EA010586EAD2
:100BA000010685FA47F5A3FA87F586FA47F6A5FA0E
:100BB00087F68EB9EED1F0BC01F0FF0102F007021A
:100BC00032B110F8013B013A83EA010313B1F8D1C5
:100BD0000020704701387047002D06BF35460338A6
:100BE000073815F0010F07D1013015F4807F02BFDF
:100BF000013015F4C03F0130F0BC0138704700BF30
:100C00000348044B834202D0034B03B1184770479B
:100C1000B0000020B0000020000000000548064B96
:100C20001B1AD90F01EBA301491002D0034B03B1EA
:100C300018477047B0000020B000002000000000FE
:100C400010B5064C237843B9FFF7DAFF044B13B114
:100C50000448AFF300800123237010BDB0000020D2
:100C60000000000028C7010808B5054B1BB1054965
:100C70000548AFF30080BDE80840FFF7CFBF00BFD5
:100C800000000000B400002028C7010880B400AFB5
:100C9000064BD3F88830054A43F47003C2F8883015
:100CA00000BFBD465DF8047B704700BF00ED00E06B
:100CB00080B582B000AF78607B68002B01D1012342
:100CC00041E07B6893F83D30DBB2002B06D17B68B6
:100CD000002283F83C20786808F062FA7B680222E0
:100CE00083F83D207B681A687B68043319461046F8
:100CF00000F0C0FC7B68012283F846207B6801225B
:100D000083F83E207B68012283F83F207B68012224
:100D100083F840207B68012283F841207B68012210
:100D200083F842207B68012283F843207B680122FC
:100D300083F844207B68012283F845207B680122E8
:100D400083F83D20002318460837BD4680BD0000CB
:100D500080B485B000AF78607B6893F83D30DBB23B
:100D6000012B01D0012346E07B68022283F83D205D
:100D70007B681B68234A934222D07B681B68B3F1CF
:100D8000804F1DD07B681B681F4A934218D07B6838
:100D90001B681E4A934213D07B681B681C4A93420F
:100DA0000ED07B681B681B4A934209D07B681B6886
:100DB000194A934204D07B681B68184A934211D1A8
:100DC0007B681B689B6803F00703FB60FB68062BCE
:100DD00010D07B681B681A687B681B6842F00102B0
:100DE0001A6007E07B681B681A687B681B6842F022
:100DF00001021A60002318461437BD465DF8047BD3
:100E0000704700BF0000014000040040000800409F
:100E1000000C004000040140004001400018004068
:100E200080B485B000AF78607B6893F83D30DBB26A
:100E3000012B01D001234EE07B68022283F83D2084
:100E40007B681B68DA687B681B6842F00102DA6025
:100E50007B681B68234A934222D07B681B68B3F1EE
:100E6000804F1DD07B681B681F4A934218D07B6857
:100E70001B681E4A934213D07B681B681C4A93422E
:100E80000ED07B681B681B4A934209D07B681B68A5
:100E9000194A934204D07B681B68184A934211D1C7
:100EA0007B681B689B6803F00703FB60FB68062BED
:100EB00010D07B681B681A687B681B6842F00102CF
:100EC0001A6007E07B681B681A687B681B6842F041
:100ED00001021A60002318461437BD465DF8047BF2
:100EE000704700BF000001400004004000080040BF
:100EF000000C004000040140004001400018004088
:100F000080B582B000AF78607B68002B01D10123EF
:100F100041E07B6893F83D30DBB2002B06D17B6863
:100F2000002283F83C20786808F018F97B680222D8
:100F300083F83D207B681A687B68043319461046A5
:100F400000F098FB7B68012283F846207B68012231
:100F500083F83E207B68012283F83F207B680122D2
:100F600083F840207B68012283F841207B680122BE
:100F700083F842207B68012283F843207B680122AA
:100F800083F844207B68012283F845207B68012296
:100F900083F83D20002318460837BD4680BD000079
:100FA00080B584B000AF786039603B68002B09D110
:100FB0007B6893F83E30DBB2012B14BF0123002382
:100FC000DBB222E03B68042B09D17B6893F83F3009
:100FD000DBB2012B14BF01230023DBB215E03B6819
:100FE000082B09D17B6893F84030DBB2012B14BF8A
:100FF00001230023DBB208E07B6893F84130DBB2C9
:10100000012B14BF01230023DBB2002B01D00123ED
:101010007CE03B68002B04D17B68022283F83E20F1
:1010200013E03B68042B04D17B68022283F83F2045
:101030000BE03B68082B04D17B68022283F8402038
:1010400003E07B68022283F841207B681B68012251
:101050003968184600F0FEFD7B681B682D4A9342F4
:1010600004D07B681B682C4A934201D1012300E025
:101070000023002B07D07B681B685A6C7B681B68B9
:1010800042F400425A647B681B68224A934222D091
:101090007B681B68B3F1804F1DD07B681B681F4ABB
:1010A000934218D07B681B681D4A934213D07B681B
:1010B0001B681C4A93420ED07B681B68164A9342F9
:1010C00009D07B681B68184A934204D07B681B6870
:1010D000164A934211D17B681B689B6803F0070393
:1010E000FB60FB68062B10D07B681B681A687B6866
:1010F0001B6842F001021A6007E07B681B681A68EF
:101100007B681B6842F001021A6000231846103702
:10111000BD4680BD000001400004014000040040C5
:1011200000080040000C0040004001400018004052
:1011300080B584B000AF78607B681B68DB68FB60BB
:101140007B681B681B69BB60BB6803F00203002B54
:1011500020D0FB6803F00203002B1BD07B681B68C8
:101160006FF002021A617B6801221A777B681B68A4
:101170009B6903F00303002B03D0786800F05BFA4F
:1011800005E0786800F04DFA786800F05EFA7B6858
:1011900000221A77BB6803F00403002B20D0FB6801
:1011A00003F00403002B1BD07B681B686FF0040264
:1011B0001A617B6802221A777B681B689B6903F4BB
:1011C0004073002B03D0786800F035FA05E07868AA
:1011D00000F027FA786800F038FA7B6800221A7766
:1011E000BB6803F00803002B20D0FB6803F0080362
:1011F000002B1BD07B681B686FF008021A617B68AC
:1012000004221A777B681B68DB6903F00303002B59
:1012100003D0786800F00FFA05E0786800F001FA72
:10122000786800F012FA7B6800221A77BB6803F036
:101230001003002B20D0FB6803F01003002B1BD001
:101240007B681B686FF010021A617B6808221A77AE
:101250007B681B68DB6903F44073002B03D078685C
:1012600000F0E9F905E0786800F0DBF9786800F053
:10127000ECF97B6800221A77BB6803F00103002BAE
:101280000CD0FB6803F00103002B07D07B681B68C0
:101290006FF001021A61786807F0D8FBBB6803F0B1
:1012A0008003002B0CD0FB6803F08003002B07D0D9
:1012B0007B681B686FF080021A61786800F076FD29
:1012C000BB6803F04003002B0CD0FB6803F0400325
:1012D000002B07D07B681B686FF040021A617868AA
:1012E00000F0BDF9BB6803F02003002B0CD0FB68B5
:1012F00003F02003002B07D07B681B686FF02002EF
:101300001A61786800F048FD00BF1037BD4680BD07
:1013100080B586B000AFF860B9607A600023FB75D5
:10132000FB6893F83C30012B01D10223AEE0FB684F
:10133000012283F83C207B680C2B00F29F8001A2E5
:1013400052F823F0791300087D1400087D1400087A
:101350007D140008B91300087D1400087D140008EE
:101360007D140008FB1300087D1400087D1400089C
:101370007D1400083B140008FB681B68B968184618
:1013800000F01EFAFB681B689A69FB681B6842F054
:1013900008029A61FB681B689A69FB681B6822F067
:1013A00004029A61FB681B689969BB681A69FB684B
:1013B0001B680A439A6164E0FB681B68B9681846B9
:1013C00000F06EFAFB681B689A69FB681B6842F4C0
:1013D00000629A61FB681B689A69FB681B6822F4CB
:1013E00080629A61FB681B689969BB681B691A0275
:1013F000FB681B680A439A6143E0FB681B68B96895
:10140000184600F0C3FAFB681B68DA69FB681B68C2
:1014100042F00802DA61FB681B68DA69FB681B6846
:1014200022F00402DA61FB681B68D969BB681A699B
:10143000FB681B680A43DA6123E0FB681B68B96834
:10144000184600F017FBFB681B68DA69FB681B682D
:1014500042F40062DA61FB681B68DA69FB681B68AA
:1014600022F48062DA61FB681B68D969BB681B697A
:101470001A02FB681B680A43DA6102E00123FB756C
:1014800000BFFB68002283F83C20FB7D184618371C
:10149000BD4680BD80B584B000AF78603960002360
:1014A000FB737B6893F83C30012B01D10223B4E03D
:1014B0007B68012283F83C207B68022283F83D2070
:1014C0007B681B689B68BB60BB6823F07703BB60CD
:1014D000BB6823F47F43BB607B681B68BA689A6073
:1014E0003B681B68B3F5005F3ED0B3F5005F00F2C8
:1014F0008780B3F5805F00F08680B3F5805F7FD88A
:10150000702B1AD0702B7BD8602B50D0602B77D8E3
:10151000502B3CD0502B73D8402B58D0402B6FD839
:10152000302B64D0302B6BD8202B60D0202B67D889
:10153000002B5CD0102B5AD062E07B6818683B68A7
:1015400099683B685A683B68DB6800F063FB7B681E
:101550001B689B68BB60BB6843F07703BB607B681C
:101560001B68BA689A604FE07B6818683B689968A6
:101570003B685A683B68DB6800F04CFB7B681B6883
:101580009A687B681B6842F480429A603CE07B6802
:1015900018683B6859683B68DB681A4600F0C0FA77
:1015A0007B681B685021184600F019FB2CE07B6813
:1015B00018683B6859683B68DB681A4600F0DFFA38
:1015C0007B681B686021184600F009FB1CE07B6803
:1015D00018683B6859683B68DB681A4600F0A0FA57
:1015E0007B681B684021184600F0F9FA0CE07B6824
:1015F0001A683B681B681946104600F0F0FA03E0D1
:101600000123FB7300E000BF7B68012283F83D20CB
:101610007B68002283F83C20FB7B18461037BD46D0
:1016200080BD80B483B000AF786000BF0C37BD468A
:101630005DF8047B704780B483B000AF786000BF72
:101640000C37BD465DF8047B704780B483B000AFB3
:10165000786000BF0C37BD465DF8047B704780B4EE
:1016600083B000AF786000BF0C37BD465DF8047BE7
:101670007047000080B485B000AF786039607B6847
:101680001B68FB607B68434A934213D07B68B3F1CD
:10169000804F0FD07B68404A93420BD07B683F4A13
:1016A000934207D07B683E4A934203D07B683D4A11
:1016B000934208D1FB6823F07003FB603B685B68D2
:1016C000FA681343FB607B68324A93422BD07B68F5
:1016D000B3F1804F27D07B682F4A934223D07B6899
:1016E0002E4A93421FD07B682D4A93421BD07B68C1
:1016F0002C4A934217D07B682B4A934213D07B68C5
:101700002A4A93420FD07B68294A93420BD07B68C8
:10171000284A934207D07B68274A934203D07B68CC
:10172000264A934208D1FB6823F44073FB603B6870
:10173000DB68FA681343FB60FB6823F080023B68B8
:101740005B691343FB603B689A687B68DA623B68BD
:101750001A687B689A627B680E4A934203D07B6862
:10176000104A934203D13B681A697B681A637B680D
:101770001B6843F004027B681A607B6801225A618F
:101780007B68FA681A6000BF1437BD465DF8047BB9
:10179000704700BF00000140000400400008004006
:1017A000000C0040000401400040014000440140A2
:1017B0000048014000180040001C0040002000408C
:1017C00080B487B000AF786039607B681B6A7B614A
:1017D0007B681B6A23F001027B681A627B685B6886
:1017E0003B617B689B69FB60FB6823F07003FB60D7
:1017F000FB6823F00303FB603B681B68FA68134334
:10180000FB607B6923F002037B613B689B687A691C
:1018100013437B617B68204A934203D07B681F4A55
:1018200093420CD17B6923F008037B613B68DB6842
:101830007A6913437B617B6923F004037B617B68D6
:10184000154A934203D07B68144A934211D13B69F5
:1018500023F480733B613B6923F400733B613B6875
:101860005B693A6913433B613B689B693A6913437F
:101870003B617B683A695A607B68FA689A613B68A9
:101880005A687B685A637B687A691A6200BF1C37A2
:10189000BD465DF8047B7047000001400004014034
:1018A00080B487B000AF786039607B681B6A7B6169
:1018B0007B681B6A23F010027B681A627B685B6896
:1018C0003B617B689B69FB60FB6823F4E043FB6042
:1018D000FB6823F44073FB603B681B681B02FA68DB
:1018E0001343FB607B6923F020037B613B689B68AB
:1018F0001B017A6913437B617B68224A934203D0C0
:101900007B68214A93420DD17B6923F080037B6180
:101910003B68DB681B017A6913437B617B6923F0B9
:1019200040037B617B68174A934203D07B68164A69
:10193000934213D13B6923F480633B613B6923F4F9
:1019400000633B613B685B699B003A6913433B6101
:101950003B689B699B003A6913433B617B683A692A
:101960005A607B68FA689A613B685A687B689A6338
:101970007B687A691A6200BF1C37BD465DF8047B3C
:10198000704700BF000001400004014080B487B0F0
:1019900000AF786039607B681B6A7B617B681B6A7B
:1019A00023F480727B681A627B685B683B617B68AA
:1019B000DB69FB60FB6823F07003FB60FB6823F0CE
:1019C0000303FB603B681B68FA681343FB607B6999
:1019D00023F400737B613B689B681B027A691343A5
:1019E0007B617B68214A934203D07B68204A934203
:1019F0000DD17B6923F400637B613B68DB681B02CC
:101A00007A6913437B617B6923F480637B617B6824
:101A1000164A934203D07B68154A934213D13B691F
:101A200023F480533B613B6923F400533B613B68E3
:101A30005B691B013A6913433B613B689B691B016E
:101A40003A6913433B617B683A695A607B68FA687C
:101A5000DA613B685A687B68DA637B687A691A6284
:101A600000BF1C37BD465DF8047B70470000014095
:101A70000004014080B487B000AF786039607B68B3
:101A80001B6A3B617B681B6A23F480527B681A6285
:101A90007B685B687B617B68DB69FB60FB6823F4C8
:101AA000E043FB60FB6823F44073FB603B681B680A
:101AB0001B02FA681343FB603B6923F400533B614C
:101AC0003B689B681B033A6913433B617B68124A7E
:101AD000934203D07B68114A934209D17B6923F476
:101AE00080437B613B685B699B017A6913437B613F
:101AF0007B687A695A607B68FA68DA613B685A6881
:101B00007B681A647B683A691A6200BF1C37BD465D
:101B10005DF8047B704700BF0000014000040140F5
:101B200080B487B000AFF860B9607A60FB681B6A68
:101B30007B61FB681B6A23F00102FB681A62FB6889
:101B40009B693B613B6923F0F0033B617B681B01B0
:101B50003A6913433B617B6923F00A037B617A692D
:101B6000BB6813437B61FB683A699A61FB687A69D9
:101B70001A6200BF1C37BD465DF8047B704780B415
:101B800087B000AFF860B9607A60FB681B6A7B6160
:101B9000FB681B6A23F01002FB681A62FB689B69F2
:101BA0003B613B6923F470433B617B681B033A69EB
:101BB00013433B617B6923F0A0037B61BB681B017E
:101BC0007A6913437B61FB683A699A61FB687A69B9
:101BD0001A6200BF1C37BD465DF8047B704780B4B5
:101BE00085B000AF786039607B689B68FB60FB68FC
:101BF00023F07003FB603A68FB68134343F007036C
:101C0000FB607B68FA689A6000BF1437BD465DF8D8
:101C1000047B704780B487B000AFF860B9607A6029
:101C20003B60FB689B687B617B6923F47F437B613E
:101C30003B681A027B681A43BB6813437A691343F3
:101C40007B61FB687A699A6000BF1C37BD465DF80E
:101C5000047B704780B487B000AFF860B9607A60E9
:101C6000BB6803F01F03012202FA03F37B61FB68E8
:101C70001A6A7B69DB431A40FB681A62FB681A6ABE
:101C8000BB6803F01F03796801FA03F31A43FB688A
:101C90001A6200BF1C37BD465DF8047B7047000028
:101CA00080B485B000AF786039607B6893F83C30D1
:101CB000012B01D102235AE07B68012283F83C20EA
:101CC0007B68022283F83D207B681B685B68FB60B1
:101CD0007B681B689B68BB60FB6823F07003FB603C
:101CE0003B681B68FA681343FB607B681B68FA68F3
:101CF0005A607B681B68214A934222D07B681B682C
:101D0000B3F1804F1DD07B681B681D4A934218D0E9
:101D10007B681B681B4A934213D07B681B681A4A76
:101D200093420ED07B681B68184A934209D07B68A7
:101D30001B68174A934204D07B681B68154A93427C
:101D40000CD1BB6823F08003BB603B685B68BA685A
:101D50001343BB607B681B68BA689A607B6801228A
:101D600083F83D207B68002283F83C20002318463E
:101D70001437BD465DF8047B704700BF000001408A
:101D80000004004000080040000C00400004014036
:101D9000004001400018004080B483B000AF78607C
:101DA00000BF0C37BD465DF8047B704780B483B03C
:101DB00000AF786000BF0C37BD465DF8047B70470C
:101DC00080B584B000AF78607B68002B01D101231F
:101DD000EDE07B6893F82030DBB2002B02D178680D
:101DE00006F082FF7B681B681A687B681B6842F0FC
:101DF00001021A6002F09EFAF86012E002F09AFA0C
:101E00000246FB68D31A0A2B0BD97B685B6A43F442
:101E100000327B685A627B68052283F82020012308
:101E2000C5E07B681B685B6803F00103002BE5D00D
:101E30007B681B681A687B681B6822F002021A60C4
:101E400002F078FAF86012E002F074FA0246FB68D9
:101E5000D31A0A2B0BD97B685B6A43F400327B6888
:101E60005A627B68052283F8202001239FE07B686B
:101E70001B685B6803F00203002BE5D17B681B7EC7
:101E8000012B08D17B681B681A687B681B6842F0CD
:101E900080021A6007E07B681B681A687B681B6811
:101EA00022F080021A607B685B7E012B08D17B6880
:101EB0001B681A687B681B6842F040021A6007E0E2
:101EC0007B681B681A687B681B6822F040021A60F6
:101ED0007B689B7E012B08D17B681B681A687B6836
:101EE0001B6842F020021A6007E07B681B681A68D2
:101EF0007B681B6822F020021A607B68DB7E012B66
:101F000008D17B681B681A687B681B6822F0100286
:101F10001A6007E07B681B681A687B681B6842F0E0
:101F200010021A607B681B7F012B08D17B681B683D
:101F30001A687B681B6842F008021A6007E07B6839
:101F40001B681A687B681B6822F008021A607B68AD
:101F50005B7F012B08D17B681B681A687B681B6854
:101F600042F004021A6007E07B681B681A687B680D
:101F70001B6822F004021A607B689A687B68DB6841
:101F80001A437B681B691A437B685B6942EA030159
:101F90007B685B685A1E7B681B680A43DA617B6852
:101FA00000225A627B68012283F820200023184611
:101FB0001037BD4680BD000080B487B000AF7860A8
:101FC00039607B6893F82030FB75FB7D012B03D0D3
:101FD000FB7D022B40F0BE80654B3B613B69D3F833
:101FE000003243F001023B69C3F800223B69D3F899
:101FF000003223F47C523B69C3F800223B69D3F8DA
:1020000000223B685B6A1B021A433B69C3F800224B
:102010003B685B6903F01F03012202FA03F3FB60D4
:102020003B69D3F81C22FB68DB431A403B69C3F8C9
:102030001C223B68DB69002B23D13B69D3F80C22BF
:10204000FB68DB431A403B69C3F80C223B68DB6842
:1020500019043B685B689BB23A68526919433B6953
:10206000483243F832103B689B6819043B681B6890
:102070009AB23B685B690A4339694833DB000B4419
:102080005A603B68DB69012B22D13B69D3F80C22F3
:10209000FB681A433B69C3F80C223B681B681904B0
:1020A0003B685B689BB23A68526919433B694832A6
:1020B00043F832103B689B6819043B68DB689AB2AE
:1020C0003B685B690A4339694833DB000B445A605B
:1020D0003B689B69002B09D13B69D3F80422FB685C
:1020E000DB431A403B69C3F8042207E03B69D3F89D
:1020F0000422FB681A433B69C3F804223B681B694E
:10210000002B09D13B69D3F81422FB68DB431A404A
:102110003B69C3F8142207E03B69D3F81422FB683B
:102120001A433B69C3F814223B681B6A012B07D191
:102130003B69D3F81C22FB681A433B69C3F81C2295
:102140003B69D3F8003223F001023B69C3F8002257
:10215000002306E07B685B6A43F480227B685A6256
:10216000012318461C37BD465DF8047B704700BF4D
:102170000064004080B584B000AF78607B6893F85D
:102180002030DBB2012B2ED17B68022283F8202085
:102190007B681B681A687B681B6822F001021A6062
:1021A00002F0C8F8F86012E002F0C4F80246FB68DA
:1021B000D31A0A2B0BD97B685B6A43F400327B6825
:1021C0005A627B68052283F82020012312E07B6895
:1021D0001B685B6803F00103002BE5D17B680022DC
:1021E0005A62002306E07B685B6A43F400227B6846
:1021F0005A62012318461037BD4680BD80B584B0B1
:1022000000AF78607B6893F82030DBB2022B33D1CB
:102210007B681B681A687B681B6842F001021A60C1
:1022200002F088F8F86012E002F084F80246FB68D9
:10223000D31A0A2B0BD97B685B6A43F400327B68A4
:102240005A627B68052283F8202001231BE07B680B
:102250001B685B6803F00103002BE5D07B681B68FB
:102260001A687B681B6822F002021A607B680122F0
:1022700083F82020002306E07B685B6A43F4801229
:102280007B685A62012318461037BD4680BD80B472
:1022900089B000AFF860B9607A603B60FB6893F882
:1022A0002030FB77FB681B689B68BB61FB7F012BC1
:1022B00003D0FB7F022B40F0AD80BB6903F080634D
:1022C000002B0AD1BB6903F00063002B05D1BB6969
:1022D00003F08053002B00F09580BB691B0E03F0C8
:1022E00003037B6101227B699A403B681A60BB68EB
:1022F0009B68002B0DD1BB681B685A05BB68DB6867
:10230000F96809681A437B6918331B010B441A608A
:102310000FE0BB685B68DA00BB689B681A43BB6868
:10232000DB68F96809681A437B6918331B010B44A1
:102330001A60FB681968BB681A697B6918331B014E
:102340000B4404331A60BB681B7D012B11D1FB6861
:102350001A687B6918331B01134404331B68FA683D
:10236000116843F480727B6918331B010B440433FA
:102370001A607B6807331B781A067B6806331B7864
:102380001B041A437B6805331B781B0213437A68CE
:10239000043212781046FA68116843EA00027B6939
:1023A0001B010B4403F5C6731A607B6803331B786B
:1023B0001A067B6802331B781B041A437B680133BF
:1023C0001B781B0213437A6812781046FA6811686A
:1023D00043EA00027B691B010B4403F5C4731A60D6
:1023E000FB681A687B6918331B0113441B68FA6881
:1023F000116843F001027B6918331B010B441A601A
:1024000000230EE0FB685B6A43F40012FB685A622B
:10241000012306E0FB685B6A43F48022FB685A6292
:10242000012318462437BD465DF8047B704780B40D
:1024300085B000AF786039607B6893F82030FB731B
:10244000FB7B012B02D0FB7B022B28D13B6803F0E6
:102450000103002B07D07B681B689A687B681B68A8
:1024600042F080029A603B6803F00203002B07D021
:102470007B681B689A687B681B6842F400429A601C
:102480003B6803F00403002B07D07B681B689A6845
:102490007B681B6842F400029A60002306E07B68B8
:1024A0005B6A43F480227B685A6201231846143722
:1024B000BD465DF8047B704780B485B000AF78609E
:1024C0000023FB607B6893F82030FB72FB7A012BC2
:1024D00002D0FB7A022B1DD17B681B689B6803F03E
:1024E0008063002B02D0FB680133FB607B681B68B4
:1024F0009B6803F00063002B02D0FB680133FB6094
:102500007B681B689B6803F08053002B02D0FB683C
:102510000133FB60FB6818461437BD465DF8047B49
:10252000704780B487B000AFF860B9607A603B60F4
:10253000FB6893F82030FB75FB7D012B03D0FB7DFE
:10254000022B40F00381BB68002B0ED1FB681B6897
:10255000DB6803F00303002B16D1FB685B6A43F4CE
:102560000012FB685A620123F7E0FB681B681B69D5
:1025700003F00303002B07D1FB685B6A43F40012EE
:10258000FB685A620123E8E0FB681A68BB681B33EA
:102590001B0113441B6803F004027B689A607B688C
:1025A0009B68002B0CD1FB681A68BB681B331B01AE
:1025B00013441B685B0DC3F30A027B681A600BE0CF
:1025C000FB681A68BB681B331B0113441B68DB08DC
:1025D00023F060427B685A60FB681A68BB681B3353
:1025E0001B0113441B6803F002027B68DA60FB687E
:1025F0001A68BB681B331B01134404331B6803F0C8
:102600000803002B03D07B6808221A610BE0FB68EB
:102610001A68BB681B331B01134404331B6803F0A7
:102620000F027B681A61FB681A68BB681B331B01C9
:10263000134404331B681B0ADAB27B689A61FB6897
:102640001A68BB681B331B01134404331B681B0C43
:102650009AB27B685A61FB681A68BB681B01134415
:1026600003F5DC731B68DAB23B681A70FB681A6802
:10267000BB681B01134403F5DC731B681A0A3B6833
:102680000133D2B21A70FB681A68BB681B0113448D
:1026900003F5DC731B681A0C3B680233D2B21A7064
:1026A000FB681A68BB681B01134403F5DC731B68E5
:1026B0001A0E3B680333D2B21A70FB681A68BB6803
:1026C0001B01134403F5DE731A683B680433D2B26E
:1026D0001A70FB681A68BB681B01134403F5DE73AC
:1026E0001B681A0A3B680533D2B21A70FB681A6875
:1026F000BB681B01134403F5DE731B681A0C3B68AF
:102700000633D2B21A70FB681A68BB681B01134407
:1027100003F5DE731B681A0E3B680733D2B21A70DA
:10272000BB68002B08D1FB681B68DA68FB681B6874
:1027300042F02002DA6007E0FB681B681A69FB6858
:102740001B6842F020021A61002306E0FB685B6A06
:1027500043F48022FB685A62012318461C37BD46A9
:102760005DF8047B704780B485B000AF7860396055
:102770000023FB607B6893F82030FB72FB7A012B0F
:1027800002D0FB7A022B0FD13B68002B06D17B686D
:102790001B68DB6803F00303FB6005E07B681B68D4
:1027A0001B6903F00303FB60FB6818461437BD4642
:1027B0005DF8047B704780B485B000AF7860396005
:1027C0007B6893F82030FB73FB7B012B02D0FB7BF3
:1027D000022B09D17B681B6859697B681B683A68C2
:1027E0000A435A61002306E07B685B6A43F4802257
:1027F0007B685A62012318461437BD465DF8047B96
:10280000704780B485B000AF786039607B6893F81A
:102810002030FB73FB7B012B02D0FB7B022B0AD108
:102820007B681B6859693B68DA437B681B680A4010
:102830005A61002306E07B685B6A43F480227B6870
:102840005A62012318461437BD465DF8047B704771
:1028500080B58AB000AF786000237B627B681B681C
:102860005B693B627B681B685B68FB617B681B681C
:102870009B68BB617B681B68DB687B617B681B684E
:102880001B693B617B681B689B69FB603B6A03F0CB
:102890000103002B7CD0BB6903F00103002B23D084
:1028A0007B681B6801229A60BB6903F00203002B5E
:1028B00003D0786800F083F916E0BB6903F00403E5
:1028C000002B04D07B6A43F400637B620CE0BB699D
:1028D00003F00803002B04D07B6A43F480537B622F
:1028E00002E0786800F089F9BB6903F48073002B7B
:1028F00024D07B681B684FF480729A60BB6903F434
:102900000073002B03D0786800F063F916E0BB6910
:1029100003F48063002B04D07B6A43F400537B6292
:102920000CE0BB6903F40063002B04D07B6A43F422
:1029300080437B6202E0786800F069F9BB6903F4C8
:102940008033002B24D07B681B684FF480329A6060
:10295000BB6903F40033002B03D0786800F043F91F
:1029600016E0BB6903F48023002B04D07B6A43F498
:1029700000437B620CE0BB6903F40023002B04D00E
:102980007B6A43F480337B6202E0786800F049F9A7
:102990003B6A03F00803002B0CD07B6903F01003A3
:1029A000002B07D07B6A43F400737B627B681B6853
:1029B0001022DA603B6A03F00403002B0BD07B6922
:1029C00003F00803002B06D07B681B680822DA603E
:1029D000786800F030F93B6A03F00203002B09D05D
:1029E0007B681B68DB6803F00303002B02D0786868
:1029F0000FF040FE3B6A03F04003002B0CD03B6914
:102A000003F01003002B07D07B6A43F480637B62E2
:102A10007B681B6810221A613B6A03F02003002BBD
:102A20000BD03B6903F00803002B06D07B681B68C2
:102A300008221A61786800F008F93B6A03F0100375
:102A4000002B09D07B681B681B6903F00303002B74
:102A500002D078680FF048FE3B6A03F40033002B85
:102A60000BD0FB6903F01003002B06D07B681B68BA
:102A700010225A60786800F0F2F83B6A03F4803361
:102A8000002B0BD0FB6903F00803002B06D07B68FA
:102A90001B6808225A60786800F0EBF83B6A03F480
:102AA0000043002B7BD0FB6903F00403002B72D0A2
:102AB0003B6A03F48073002B08D0FB6803F001032A
:102AC000002B03D07B6A43F001037B623B6A03F473
:102AD0000073002B08D0FB6803F00203002B03D027
:102AE0007B6A43F002037B623B6A03F48063002B42
:102AF00008D0FB6803F00403002B03D07B6A43F08B
:102B000004037B623B6A03F40063002B43D0FB6841
:102B100003F07003002B3ED0FB6803F07003602BC2
:102B20002BD0602B2ED8502B22D0502B2AD8402BC4
:102B300019D0402B26D8302B10D0302B22D8102B78
:102B400002D0202B05D01DE07B6A43F008037B6296
:102B500019E07B6A43F010037B6214E07B6A43F068
:102B600020037B620FE07B6A43F040037B620AE054
:102B70007B6A43F080037B6205E07B6A43F48073E9
:102B80007B6200E000BF7B681B689A697B681B68FA
:102B900022F070029A617B681B6804225A607B6A8B
:102BA000002B08D07B685A6A7B6A1A437B685A629A
:102BB00078680FF0E9FD00BF2837BD4680BD80B4BE
:102BC00083B000AF786000BF0C37BD465DF8047B72
:102BD000704780B483B000AF786000BF0C37BD464B
:102BE0005DF8047B704780B483B000AF786000BFAD
:102BF0000C37BD465DF8047B704780B483B000AFEE
:102C0000786000BF0C37BD465DF8047B704780B428
:102C100083B000AF786000BF0C37BD465DF8047B21
:102C2000704780B483B000AF786000BF0C37BD46FA
:102C30005DF8047B704780B483B000AF786000BF5C
:102C40000C37BD465DF8047B704780B483B000AF9D
:102C5000786000BF0C37BD465DF8047B704780B4D8
:102C600083B000AF786000BF0C37BD465DF8047BD1
:102C7000704780B483B000AF786000BF0C37BD46AA
:102C80005DF8047B704780B483B000AF78607B68E8
:102C90005B6A18460C37BD465DF8047B7047000040
:102CA00080B586B000AF78607B68002B01D101232E
:102CB00067E27B681B6803F00103002B75D0884B2B
:102CC0009B6803F00C03042B0CD0854B9B6803F02E
:102CD0000C03082B12D1824B5B6803F48003B3F51D
:102CE000800F0BD17E4B1B6803F40033002B5BD0AD
:102CF0007B685B68002B57D1012342E27B685B68ED
:102D0000B3F5803F06D1764B1B68754A43F4803398
:102D100013601DE07B685B68B3F5A02F0CD1704B8E
:102D20001B686F4A43F4802313606D4B1B686C4A29
:102D300043F4803313600BE0694B1B68684A23F44B
:102D400080331360664B1B68654A23F4802313604D
:102D50007B685B68002B13D001F0ECFA386108E067
:102D600001F0E8FA02463B69D31A642B01D9032328
:102D700007E25B4B1B6803F40033002BF0D014E038
:102D800001F0D8FA386108E001F0D4FA02463B6954
:102D9000D31A642B01D90323F3E1514B1B6803F4CD
:102DA0000033002BF0D100E000BF7B681B6803F00C
:102DB0000203002B63D04A4B9B6803F00C03002BEB
:102DC0000BD0474B9B6803F00C03082B1CD1444BE2
:102DD0005B6803F48003002B16D1414B1B6803F0A2
:102DE0000203002B05D07B68DB68012B01D0012397
:102DF000C7E13B4B1B6823F0F8027B681B69DB00D3
:102E0000374913430B603AE07B68DB68002B20D026
:102E1000344B01221A6001F08DFA386108E001F0AC
:102E200089FA02463B69D31A022B01D90323A8E190
:102E30002B4B1B6803F00203002BF0D0284B1B68C0
:102E400023F0F8027B681B69DB00254913430B6004
:102E500015E0244B00221A6001F06CFA386108E09A
:102E600001F068FA02463B69D31A022B01D9032309
:102E700087E11B4B1B6803F00203002BF0D17B683A
:102E80001B6803F00803002B36D07B685B69002BBE
:102E900016D0154B01221A6001F04CFA386108E097
:102EA00001F048FA02463B69D31A022B01D90323E9
:102EB00067E10B4B5B6F03F00203002BF0D01BE0CC
:102EC000094B00221A6001F035FA38610EE001F07A
:102ED00031FA02463B69D31A022B07D9032350E18A
:102EE0000038024000004742800E4742884B5B6F2B
:102EF00003F00203002BEAD17B681B6803F0040394
:102F0000002B00F097800023FB75814B1B6C03F0B6
:102F10008053002B0FD10023BB607D4B1B6C7C4A80
:102F200043F0805313647A4B1B6C03F08053BB60F7
:102F3000BB680123FB75774B1B6803F48073002B80
:102F400018D1744B1B68734A43F48073136001F00B
:102F5000F1F9386108E001F0EDF902463B69D31A56
:102F6000022B01D903230CE16A4B1B6803F4807325
:102F7000002BF0D07B689B68012B06D1644B1B6F44
:102F8000634A43F0010313671CE07B689B68052BD1
:102F90000CD15F4B1B6F5E4A43F0040313675C4B1D
:102FA0001B6F5B4A43F0010313670BE0584B1B6F29
:102FB000574A23F001031367554B1B6F544A23F004
:102FC000040313677B689B68002B15D001F0B2F9EE
:102FD00038610AE001F0AEF902463B69D31A41F2CA
:102FE0008832934201D90323CBE0494B1B6F03F096
:102FF0000203002BEED014E001F09CF938610AE0E6
:1030000001F098F902463B69D31A41F288329342A3
:1030100001D90323B5E03E4B1B6F03F00203002BE5
:10302000EED1FB7D012B05D1394B1B6C384A23F0C7
:10303000805313647B689B69002B00F0A180344BA4
:103040009B6803F00C03082B5CD07B689B69022B08
:1030500041D1314B00221A6001F06CF9386108E06F
:1030600001F068F902463B69D31A022B01D9032308
:1030700087E0274B1B6803F00073002BF0D17B68BF
:10308000DA697B681B6A1A437B685B6A9B011A4397
:103090007B689B6A5B08013B1B041A437B68DB6A05
:1030A0001B061B4913434B601B4B01221A6001F0A6
:1030B00041F9386108E001F03DF902463B69D31A55
:1030C000022B01D903235CE0114B1B6803F0007352
:1030D000002BF0D054E0104B00221A6001F02AF9C6
:1030E000386108E001F026F902463B69D31A022B49
:1030F00001D9032345E0064B1B6803F00073002B46
:10310000F0D13DE07B689B69012B07D1012338E0BA
:103110000038024000700040600047421B4B5B6873
:10312000FB607B689B69012B28D0FB6803F480025D
:103130007B68DB699A4221D1FB6803F03F027B6820
:103140001B6A9A421AD1FA6847F6C07313407A682C
:10315000526A9201934211D1FB6803F440327B68BA
:103160009B6A5B08013B1B049A4207D1FB6803F092
:1031700070627B68DB6A1B069A4201D0012300E083
:10318000002318461837BD4680BD00BF00380240F6
:1031900080B584B000AF786039607B68002B01D1C6
:1031A0000123CCE0684B1B6803F007033A689A429E
:1031B0000CD9654B3A68D2B21A70634B1B6803F0A6
:1031C00007033A689A4201D00123B8E07B681B6884
:1031D00003F00203002B20D07B681B6803F004037C
:1031E000002B05D0594B9B68584A43F4E053936039
:1031F0007B681B6803F00803002B05D0534B9B68CA
:10320000524A43F460439360504B9B6823F0F002B2
:103210007B689B684D4913438B607B681B6803F098
:103220000103002B44D07B685B68012B07D1474B1F
:103230001B6803F40033002B19D101237FE07B6866
:103240005B68022B03D07B685B68032B07D13F4B85
:103250001B6803F00073002B09D101236FE03B4B87
:103260001B6803F00203002B01D1012367E0374BF9
:103270009B6823F003027B685B68344913438B60CF
:1032800001F058F8F8600AE001F054F80246FB68D3
:10329000D31A41F28832934201D903234FE02B4BDA
:1032A0009B6803F00C027B685B689B009A42EBD141
:1032B000254B1B6803F007033A689A420CD2224B55
:1032C0003A68D2B21A70204B1B6803F007033A68C1
:1032D0009A4201D0012332E07B681B6803F00403AB
:1032E000002B08D0194B9B6823F4E0527B68DB6805
:1032F000164913438B607B681B6803F00803002B9F
:1033000009D0124B9B6823F460427B681B69DB0089
:103310000E4913438B6000F021F802460B4B9B686B
:103320001B0903F00F030A49CB5C22FA03F3094A95
:103330001360094B1B68184606F052FB0023184621
:103340001037BD4680BD00BF003C0240003802403F
:103350007CC9010800000020040000202DE9B04FC6
:1033600090B000AF00237B630023FB6300233B632B
:103370000023BB63584B9B6803F00C03082B0DD054
:10338000082B00F2A080002B02D0042B03D09AE07F
:10339000524BBB639AE0524BBB6397E04E4B5B686A
:1033A00003F03F037B634C4B5B6803F48003002B0B
:1033B00027D0494B5B689B0900223B627A623B6ADB
:1033C000C3F308000021464B03FB01F2002300FB7E
:1033D00003F31344424AA0FB0221F962BA62FA6A7B
:1033E0001344FB627B6B0022BB61FA61D7E90623C1
:1033F000D7E90A01FDF792FB02460B461346FB6331
:1034000053E0354B5B689B0900223B617A613B6965
:10341000C3F3080A4FF0000B52465B464FF0000022
:103420004FF00001590141EAD261500102460B46BA
:10343000B2EB0A0863EB0B094FF000024FF00003F8
:103440004FEA891343EA98634FEA8812B2EB080403
:1034500063EB09054FF000024FF00003EB0043EA75
:103460005473E20014461D4614EB0A033B6045EB1F
:103470000B037B604FF000024FF00003D7E90045DB
:1034800029468B02214643EA915321468A0210467F
:1034900019467B6B0022BB60FA60D7E90223FDF777
:1034A0003DFB02460B461346FB630B4B5B681B0C54
:1034B00003F0030301335B003B63FA6B3B6BB2FB2E
:1034C000F3F3BB6302E0054BBB6300BFBB6B184665
:1034D0004037BD46BDE8B08F003802400024F400FC
:1034E000001BB70080B400AF034B1B681846BD46F5
:1034F0005DF8047B704700BF0000002080B500AF7E
:10350000FFF7F0FF0246054B9B689B0A03F0070399
:103510000349CB5C22FA03F3184680BD0038024011
:103520008CC9010880B500AFFFF7DCFF0246054BF0
:103530009B685B0B03F007030349CB5C22FA03F3A0
:10354000184680BD003802408CC9010880B483B0A1
:1035500000AF786039607B680F221A60124B9B685D
:1035600003F003027B685A600F4B9B6803F0F00284
:103570007B689A600C4B9B6803F4E0527B68DA60CE
:10358000094B9B68DB0803F4E0527B681A61074B28
:103590001B6803F007023B681A6000BF0C37BD468A
:1035A0005DF8047B704700BF00380240003C0240D9
:1035B00080B489B000AF7860396000237B6100235C
:1035C0003B610023BB610023FB616BE10122FB69CE
:1035D00002FA03F37B613B681B687A6913403B6125
:1035E0003A697B699A4240F05A813B685B6803F014
:1035F0000303012B05D03B685B6803F00303022B38
:1036000030D17B689B68BB61FB695B00032202FAD7
:1036100003F3DB43BA691340BB613B68DA68FB69BB
:103620005B0002FA03F3BA691343BB617B68BA69B2
:103630009A607B685B68BB610122FB6902FA03F355
:10364000DB43BA691340BB613B685B681B0903F04D
:103650000102FB6902FA03F3BA691343BB617B6899
:10366000BA695A603B685B6803F00303032B17D009
:103670007B68DB68BB61FB695B00032202FA03F332
:10368000DB43BA691340BB613B689A68FB695B0026
:1036900002FA03F3BA691343BB617B68BA69DA6063
:1036A0003B685B6803F00303022B23D1FB69DA0854
:1036B0007B68083253F82230BB61FB6903F00703D3
:1036C0009B000F2202FA03F3DB43BA691340BB618C
:1036D0003B681A69FB6903F007039B0002FA03F3D6
:1036E000BA691343BB61FB69DA087B680832B969C0
:1036F00043F822107B681B68BB61FB695B000322F7
:1037000002FA03F3DB43BA691340BB613B685B68B1
:1037100003F00302FB695B0002FA03F3BA69134387
:10372000BB617B68BA691A603B685B6803F440332D
:10373000002B00F0B4800023FB60604B5B6C5F4AA1
:1037400043F4804353645D4B5B6C03F48043FB6044
:10375000FB685B4AFB699B08023352F82330BB616C
:10376000FB6903F003039B000F2202FA03F3DB4320
:10377000BA691340BB617B68524A93422BD07B6885
:10378000514A934225D07B68504A93421FD07B68B0
:103790004F4A934219D07B684E4A934213D07B68BC
:1037A0004D4A93420DD07B684C4A934207D07B68C8
:1037B0004B4A934201D107230EE008230CE0062375
:1037C0000AE0052308E0042306E0032304E00223C3
:1037D00002E0012300E00023FA6902F003029200F4
:1037E0009340BA691343BB613549FB699B080233B7
:1037F000BA6941F823203B4B9B68BB613B69DB43C3
:10380000BA691340BB613B685B6803F48013002B0B
:1038100003D0BA693B691343BB61324ABB69936009
:10382000304BDB68BB613B69DB43BA691340BB616A
:103830003B685B6803F40013002B03D0BA693B6953
:103840001343BB61274ABB69D360264B5B68BB61EE
:103850003B69DB43BA691340BB613B685B6803F4B7
:103860000033002B03D0BA693B691343BB611D4A87
:10387000BB6953601B4B1B68BB613B69DB43BA6987
:103880001340BB613B685B6803F48033002B03D0BB
:10389000BA693B691343BB61124ABB691360FB6998
:1038A0000133FB61FB690F2B7FF690AE00BF00BFB9
:1038B0002437BD465DF8047B704700BF00380240E6
:1038C00000380140000002400004024000080240AD
:1038D000000C024000100240001402400018024098
:1038E000001C0240003C014080B586B000AF78600B
:1038F00000237B6100F01EFD38617B68002B01D145
:10390000012399E07B68022283F835207B6800223E
:1039100083F834207B681B681A687B681B6822F078
:1039200001021A600FE000F005FD02463B69D31A60
:10393000052B08D97B6820225A657B68032283F80F
:103940003520032378E07B681B681B6803F00103C4
:10395000002BE8D17B681B681B687B617A69384B58
:1039600013407B617B685A687B689B681A437B685D
:10397000DB681A437B681B691A437B685B691A43DF
:103980007B689B691A437B68DB691A437B681B6A07
:1039900013437A6913437B617B685B6A042B07D10D
:1039A0007B68DA6A7B681B6B13437A6913437B611C
:1039B0007B681B687A691A607B681B685B697B613E
:1039C0007B6923F007037B617B685B6A7A69134339
:1039D0007B617B685B6A042B17D17B689B6A7A6981
:1039E00013437B617B68DB6A002B0ED0786800F0A4
:1039F0000DFB0346002B08D07B6840225A657B688C
:103A0000012283F83520012316E07B681B687A6960
:103A10005A61786800F0C4FA0346FB607B68DB6D8E
:103A20003F229A40FB689A607B6800225A657B6857
:103A3000012283F83520002318461837BD4680BD83
:103A40003F8010F080B586B000AFF860B9607A6052
:103A50003B600023FB75FB689B6D3B61FB6893F843
:103A60003430012B01D1022340E0FB68012283F8AE
:103A70003420FB6893F83530DBB2012B2FD1FB6883
:103A8000022283F83520FB6800225A653B687A6879
:103A9000B968F86800F056FAFB68DB6D3F229A407F
:103AA0003B699A60FB681B681A68FB681B6842F0F8
:103AB00016021A60FB681B6C002B07D0FB681B68A2
:103AC0001A68FB681B6842F008021A60FB681B68F2
:103AD0001A68FB681B6842F001021A6005E0FB6887
:103AE000002283F834200223FB75FB7D184618372B
:103AF000BD4680BD80B584B000AF78607B689B6DAB
:103B0000FB6000F017FCB8607B6893F83530DBB2DF
:103B1000022B08D07B6880225A657B68002283F8DC
:103B20003420012352E07B681B681A687B681B689D
:103B300022F016021A607B681B685A697B681B6852
:103B400022F080025A617B681B6C002B03D17B68DA
:103B50009B6C002B07D07B681B681A687B681B680E
:103B600022F008021A607B681B681A687B681B6871
:103B700022F001021A6013E000F0DCFB0246BB6891
:103B8000D31A052B0CD97B6820225A657B68032247
:103B900083F835207B68002283F83420032315E066
:103BA0007B681B681B6803F00103002BE4D17B6872
:103BB000DB6D3F229A40FB689A607B68012283F8A4
:103BC00035207B68002283F8342000231846103704
:103BD000BD4680BD80B483B000AF78607B6893F849
:103BE0003530DBB2022B04D07B6880225A6501237A
:103BF0000CE07B68052283F835207B681B681A6817
:103C00007B681B6822F001021A60002318460C37FB
:103C1000BD465DF8047B704780B586B000AF786024
:103C20000023BB608E4B1B688E4AA2FB03239B0ABA
:103C30007B617B689B6D3B613B691B68FB607B68BC
:103C4000DB6D08229A40FB681340002B1AD07B687A
:103C50001B681B6803F00403002B13D07B681B68F0
:103C60001A687B681B6822F004021A607B68DB6DAF
:103C700008229A403B699A607B685B6D43F00102C1
:103C80007B685A657B68DB6D01229A40FB681340B4
:103C9000002B12D07B681B685B6903F08003002B4C
:103CA0000BD07B68DB6D01229A403B699A607B6890
:103CB0005B6D43F002027B685A657B68DB6D042212
:103CC0009A40FB681340002B12D07B681B681B686E
:103CD00003F00203002B0BD07B68DB6D04229A40BB
:103CE0003B699A607B685B6D43F004027B685A65B0
:103CF0007B68DB6D10229A40FB681340002B43D099
:103D00007B681B681B6803F00803002B3CD07B68B2
:103D1000DB6D10229A403B699A607B681B681B68C8
:103D200003F48023002B18D07B681B681B6803F406
:103D30000023002B08D17B681B6C002B24D07B68F0
:103D40001B6C786898471FE07B689B6C002B1BD02E
:103D50007B689B6C7868984716E07B681B681B68DB
:103D600003F48073002B07D17B681B681A687B689B
:103D70001B6822F008021A607B681B6C002B03D0C2
:103D80007B681B6C786898477B68DB6D20229A40C3
:103D9000FB681340002B00F08F807B681B681B685A
:103DA00003F01003002B00F087807B68DB6D20227E
:103DB0009A403B699A607B6893F83530DBB2052BFB
:103DC00036D17B681B681A687B681B6822F0160274
:103DD0001A607B681B685A697B681B6822F0800246
:103DE0005A617B681B6C002B03D17B689B6C002B9A
:103DF00007D07B681B681A687B681B6822F0080282
:103E00001A607B68DB6D3F229A403B699A607B6851
:103E1000012283F835207B68002283F834207B68F8
:103E20001B6D002B7ED07B681B6D7868984779E00E
:103E30007B681B681B6803F48023002B1DD07B6804
:103E40001B681B6803F40023002B0DD17B685B6C9F
:103E5000002B31D07B685B6C786898472CE000BF02
:103E600000000020B5814E1B7B68DB6B002B23D04C
:103E70007B68DB6B786898471EE07B681B681B6873
:103E800003F48073002B0FD17B681B681A687B6872
:103E90001B6822F010021A607B68012283F835202B
:103EA0007B68002283F834207B68DB6B002B03D017
:103EB0007B68DB6B786898477B685B6D002B32D042
:103EC0007B685B6D03F00103002B22D07B68052229
:103ED00083F835207B681B681A687B681B6822F0B2
:103EE00001021A60BB680133BB607A699A4207D34A
:103EF0007B681B681B6803F00103002BF2D100E014
:103F000000BF7B68012283F835207B68002283F89C
:103F100034207B68DB6C002B05D07B68DB6C786819
:103F2000984700E000BF1837BD4680BD80B483B01D
:103F300000AF78607B685B6D18460C37BD465DF856
:103F4000047B704780B485B000AFF860B9607A60D8
:103F50003B60FB681B681A68FB681B6822F48022C0
:103F60001A60FB681B683A685A60FB689B68402BC4
:103F700008D1FB681B687A689A60FB681B68BA689E
:103F8000DA6007E0FB681B68BA689A60FB681B6828
:103F90007A68DA6000BF1437BD465DF8047B70476D
:103FA00080B485B000AF78607B681B68DBB2103BE3
:103FB000144AA2FB03231B09FB60134AFB6813444A
:103FC0001B781A467B68DA65FB68032B09D97B6886
:103FD0001B6823F47F7323F003031A1D7B689A6523
:103FE00007E07B681B6823F47F7323F003037A6880
:103FF00093657B689B6D18461437BD465DF8047B5E
:10400000704700BFABAAAAAA94C9010880B485B0C2
:1040100000AF78600023FB737B689B6ABB607B68A2
:104020009B69002B1FD1BB68032B56D801A252F805
:1040300023F000BF454000085740000845400008F5
:10404000DB4000087B68DB6A03F08073002B46D0FE
:104050000123FB7343E07B68DB6AB3F1C07F40D18F
:104060000123FB733DE07B689B69B3F5005F21D1C1
:10407000BB68032B37D801A252F823F08D4000080B
:10408000934000088D400008A54000080123FB7301
:1040900030E07B68DB6A03F08073002B25D00123BE
:1040A000FB7322E07B68DB6AB3F1C07F1FD1012381
:1040B000FB731CE0BB68022B03D9BB68032B03D046
:1040C00018E00123FB7315E07B68DB6A03F0807363
:1040D000002B0ED00123FB730BE000BF0AE000BFF2
:1040E00008E000BF06E000BF04E000BF02E000BF40
:1040F00000E000BFFB7B18461437BD465DF8047B2B
:10410000704700BF80B485B000AF78607B6803F073
:104110000703FB600C4BDB68BB60BA684FF6FF031C
:104120001340BB60FB681A02BB68134343F0BF63D4
:1041300043F40033BB60044ABB68D36000BF14374C
:10414000BD465DF8047B704700ED00E080B400AF31
:10415000044BDB681B0A03F007031846BD465DF8F5
:10416000047B704700ED00E080B483B000AF0346ED
:10417000FB7197F90730002B0BDBFB7903F01F0273
:10418000074997F907305B09012000FA02F241F86C
:10419000232000BF0C37BD465DF8047B704700BF8D
:1041A00000E100E080B483B000AF03463960FB71EA
:1041B00097F90730002B0ADB3B68DAB20C4997F914
:1041C00007301201D2B20B4483F800230AE03B68A7
:1041D000DAB20849FB7903F00F03043B1201D2B2B3
:1041E0000B441A7600BF0C37BD465DF8047B704760
:1041F00000E100E000ED00E080B489B000AFF860BD
:10420000B9607A60FB6803F00703FB61FB69C3F1E7
:104210000703042B28BF0423BB61FB690433062B6F
:1042200002D9FB69033B00E000237B614FF0FF32C2
:10423000BB6902FA03F3DA43BB681A407B699A4010
:104240004FF0FF317B6901FA03F3D9437B680B40E0
:10425000134318462437BD465DF8047B704780B58C
:1042600082B000AF78607868FFF74CFF00BF083776
:10427000BD4680BD80B586B000AF0346B9607A60A8
:10428000FB7300237B61FFF761FF78617A68B9688F
:104290007869FFF7B1FF024697F90F3011461846CB
:1042A000FFF780FF00BF1837BD4680BD80B582B0E4
:1042B00000AF0346FB7197F907301846FFF754FF2C
:1042C00000BF0837BD4680BD80B500AF0E4B1B68F0
:1042D0000D4A43F4007313600B4B1B680A4A43F406
:1042E00080631360084B1B68074A43F480731360B4
:1042F0000320FFF7B4FF0F2005F072FB05F044FB2D
:104300000023184680BD00BF003C024080B400AFCF
:10431000064B1B781A46064B1B681344044A13606D
:1043200000BFBD465DF8047B704700BF0800002059
:10433000CC00002080B400AF034B1B681846BD467C
:104340005DF8047B704700BFCC00002080B582B0D0
:1043500000AF78607B68002B01D1012342E07B68CD
:1043600093F84130DBB2002B06D17B68002283F842
:104370004020786805F036F87B68242283F84120D5
:104380007B681B68DA687B681B6822F40052DA607D
:10439000786801F06DFA7B681B681A697B681B6896
:1043A00022F490421A617B681B685A697B681B681B
:1043B00022F02A025A617B681B68DA687B681B68F6
:1043C00042F40052DA607B6800225A647B68202243
:1043D00083F841207B68202283F842207B680022FA
:1043E0005A63002318460837BD4680BD80B58AB0A1
:1043F00002AFF860B9603B601346FB8000237B612D
:10440000FB6893F84130DBB2202B75D1BB68002BE1
:1044100002D0FB88002B01D101236EE0FB68002253
:104420005A64FB68212283F84120FFF783FF7861FB
:10443000FB68FA889A84FB68FA88DA84FB689B68D0
:10444000B3F5805F08D1FB681B69002B04D1002302
:10445000FB61BB68BB6103E0BB68FB610023BB6120
:104460002EE03B6800937B6900228021F86800F011
:1044700004FF0346002B05D0FB68202283F841206F
:1044800003233AE0FB69002B0BD1BB691B881A465A
:10449000FB681B68C2F308025A60BB690233BB6148
:1044A00007E0FB691A78FB681B685A60FB690133F7
:1044B000FB61FB68DB8C9BB2013B9AB2FB68DA8440
:1044C000FB68DB8C9BB2002BCBD13B6800937B69F4
:1044D00000224021F86800F0D0FE0346002B05D0F2
:1044E000FB68202283F84120032306E0FB6820229A
:1044F00083F84120002300E0022318462037BD4600
:1045000080BD80B58AB002AFF860B9603B601346E9
:10451000FB8000237B61FB6893F84230DBB2202BE9
:1045200040F08180BB68002B02D0FB88002B01D1BA
:10453000012379E0FB6800225A64FB68222283F899
:104540004220FB6800221A63FFF7F4FE7861FB68E3
:10455000FA889A85FB68FA88DA85FB689B68B3F568
:10456000805F08D1FB681B69002B04D10023FB612D
:10457000BB68BB6103E0BB68FB610023BB6147E034
:104580003B6800937B6900222021F86800F075FEEB
:104590000346002B05D0FB68202283F8422003232A
:1045A00042E0FB69002B0CD1FB681B685B689BB287
:1045B000C3F308039AB2BB691A80BB690233BB61BB
:1045C0001FE0FB689B68B3F5805F07D0FB689B68C2
:1045D000002B0AD1FB681B69002B06D1FB681B6806
:1045E0005B68DAB2FB691A7008E0FB681B685B68FD
:1045F000DBB203F07F03DAB2FB691A70FB690133A7
:10460000FB61FB68DB8D9BB2013B9AB2FB68DA85EC
:10461000FB68DB8D9BB2002BB2D1FB68202283F8B4
:104620004220002300E0022318462037BD4680BD0B
:1046300080B485B000AFF860B9601346FB80FB68BA
:1046400093F84130DBB2202B21D1BB68002B02D084
:10465000FB88002B01D101231AE0FB68BA681A62BB
:10466000FB68FA889A84FB68FA88DA84FB6800227F
:104670005A64FB68212283F84120FB681B68DA68D2
:10468000FB681B6842F08002DA60002300E002232E
:1046900018461437BD465DF8047B704780B584B07A
:1046A00000AFF860B9601346FB80FB6893F84230B6
:1046B000DBB2202B12D1BB68002B02D0FB88002B71
:1046C00001D101230BE0FB6800221A63FB881A4624
:1046D000B968F86800F02AFE034600E00223184695
:1046E0001037BD4680BD000080B58CB000AFF860CB
:1046F000B9601346FB80FB6893F84130DBB2202B96
:1047000062D1BB68002B02D0FB88002B01D10123B2
:104710005BE0BA68FB681A62FB68FA889A84FB68F7
:10472000FA88DA84FB6800225A64FB68212283F845
:104730004120FB689B6B274ADA63FB689B6B264A28
:104740001A64FB689B6B254ADA64FB689B6B00224A
:104750001A6507F10803FB62FB68986BFB6A19682E
:10476000FB681B6804331A46FB88FFF76BF90346A6
:10477000002B08D0FB6810225A64FB68202283F8C3
:104780004120012321E0FB681B686FF040021A60A2
:10479000FB681B681433BB61BB6953E8003F7B6156
:1047A0007B6943F08003BB62FB681B681433BA6A01
:1047B0007A623B62396A7A6A41E80023FB61FB69ED
:1047C000002BE5D1002300E0022318463037BD4618
:1047D00080BD00BFC94F000863500008E7510008C2
:1047E00080B584B000AFF860B9601346FB80FB6809
:1047F00093F84230DBB2202B12D1BB68002B02D0E1
:10480000FB88002B01D101230BE0FB6800221A6317
:10481000FB881A46B968F86800F0C2FD034600E05C
:10482000022318461037BD4680BD80B58CB000AF5E
:10483000F860B9601346FB80FB6893F84230DBB246
:10484000202B46D1BB68002B02D0FB88002B01D166
:1048500001233FE0FB6801221A63FB6800225A63D0
:10486000FB881A46B968F86800F09AFD034687F895
:104870002F30FB681B6B012B25D100233B61FB68AC
:104880001B681B683B61FB681B685B683B613B699D
:10489000FB681B680C33BB61BB6953E8003F7B615D
:1048A0007B6943F01003BB62FB681B680C33BA6A78
:1048B0007A623B62396A7A6A41E80023FB61FB69EC
:1048C000002BE5D102E0012387F82F3097F82F3035
:1048D00000E0022318463037BD4680BD80B59AB04F
:1048E00000AF78607B681B680C33BB64BB6C53E81B
:1048F000003F7B647B6C23F490737B667B681B6852
:104900000C337A6E7A653B65396D7A6D41E8002328
:10491000FB64FB6C002BE5D17B681B6814337B6365
:104920007B6B53E8003F3B633B6B23F001033B662B
:104930007B681B6814333A6E3A64FB63F96B3A6C1C
:1049400041E80023BB63BB6B002BE5D17B681B6B8D
:10495000012B19D17B681B680C333B623B6A53E81F
:10496000003FFB61FB6923F01003FB657B681B685C
:104970000C33FA6DFA62BB62B96AFA6A41E8002345
:104980007B627B6A002BE5D17B681B685B6903F067
:104990004003402B36D17B681B681433FB60FB68F7
:1049A00053E8003FBB60BB6823F04003BB657B68F6
:1049B0001B681433BA6DBA617B617969BA6941E8E1
:1049C00000233B613B69002BE5D17B68DB6B002B4F
:1049D00018D07B68DB6B00221A657B68DB6B18469E
:1049E000FFF788F80346002B0CD07B68DB6B18467A
:1049F000FFF79CFA0346202B04D17B6810225A64EF
:104A000003230AE07B680022DA857B68202283F892
:104A100042207B6800221A63002318466837BD468F
:104A200080BD000080B5BAB000AF78607B681B68BD
:104A30001B68C7F8E4307B681B68DB68C7F8E030A8
:104A40007B681B685B69C7F8DC300023C7F8D83087
:104A50000023C7F8D430D7F8E43003F00F03C7F8C9
:104A6000D830D7F8D830002B0FD1D7F8E43003F086
:104A70002003002B09D0D7F8E03003F02003002BEF
:104A800003D0786800F036FE73E2D7F8D830002BF8
:104A900000F0DE80D7F8DC3003F00103002B06D1F4
:104AA000D7F8E03003F49073002B00F0D180D7F8F2
:104AB000E43003F00103002B0BD0D7F8E03003F40F
:104AC0008073002B05D07B685B6C43F001027B6830
:104AD0005A64D7F8E43003F00403002B0BD0D7F866
:104AE000DC3003F00103002B05D07B685B6C43F0E6
:104AF00002027B685A64D7F8E43003F00203002B0B
:104B00000BD0D7F8DC3003F00103002B05D07B6815
:104B10005B6C43F004027B685A64D7F8E43003F01E
:104B20000803002B11D0D7F8E03003F02003002B4E
:104B300005D1D7F8DC3003F00103002B05D07B68EA
:104B40005B6C43F008027B685A647B685B6C002BEB
:104B500000F00A82D7F8E43003F02003002B08D0DD
:104B6000D7F8E03003F02003002B02D0786800F083
:104B7000C1FD7B681B685B6903F04003402B0CBFE1
:104B800001230023DBB2C7F8D4307B685B6C03F0F1
:104B90000803002B03D1D7F8D430002B4FD078680E
:104BA00000F0CCFC7B681B685B6903F04003402B82
:104BB00041D17B681B681433C7F89C30D7F89C3010
:104BC00053E8003FC7F89830D7F8983023F04003F7
:104BD000C7F8D0307B681B681433D7F8D020C7F8EB
:104BE000A820C7F8A430D7F8A410D7F8A82041E827
:104BF0000023C7F8A030D7F8A030002BD9D17B68AC
:104C0000DB6B002B13D07B68DB6B8A4A1A657B68F1
:104C1000DB6B1846FEF7DEFF0346002B16D07B68E1
:104C2000DB6B1B6D7A68D26B104698470EE0786894
:104C30000DF052FE0AE078680DF04EFE06E078684E
:104C40000DF04AFE7B6800225A648DE100BF8BE1C3
:104C50007B681B6B012B40F06781D7F8E43003F0D1
:104C60001003002B00F06081D7F8E03003F0100350
:104C7000002B00F059810023BB607B681B681B6818
:104C8000BB607B681B685B68BB60BB687B681B683C
:104C90005B6903F04003402B40F0CE807B68DB6B08
:104CA0001B685B68A7F8BE30B7F8BE30002B00F079
:104CB000A9807B689B8DB7F8BE209A4280F0A280C5
:104CC0007B68B7F8BE20DA857B68DB6BDB69B3F500
:104CD000807F00F088807B681B680C33C7F88830C1
:104CE000D7F8883053E8003FC7F88430D7F88430CD
:104CF00023F48073C7F8B8307B681B680C33D7F88F
:104D0000B820C7F89420C7F89030D7F89010D7F89B
:104D1000942041E80023C7F88C30D7F88C30002B62
:104D2000D9D17B681B6814337B677B6F53E8003FE6
:104D30003B673B6F23F00103C7F8B4307B681B6807
:104D40001433D7F8B420C7F88020FB67F96FD7F881
:104D5000802041E80023BB67BB6F002BE1D17B685B
:104D60001B6814333B663B6E53E8003FFB65FB6DED
:104D700023F04003C7F8B0307B681B681433D7F8C2
:104D8000B020FA66BB66B96EFA6E41E800237B6616
:104D90007B6E002BE3D17B68202283F842207B6866
:104DA00000221A637B681B680C33FB64FB6C53E8BE
:104DB000003FBB64BB6C23F01003C7F8AC307B68CA
:104DC0001B680C33D7F8AC20BA657B65796DBA6D7A
:104DD00041E800233B653B6D002BE3D17B68DB6B37
:104DE0001846FEF787FE7B6802225A637B689A8D1D
:104DF0007B68DB8D9BB2D31A9BB2194678680DF0A5
:104E0000F7FCB3E07B689B8DB7F8BE209A4240F078
:104E1000AD807B68DB6BDB69B3F5807F40F0A680FB
:104E20007B6802225A637B689B8D194678680DF077
:104E3000DFFC9BE0035600087B689A8D7B68DB8D66
:104E40009BB2D31AA7F8CE307B68DB8D9BB2002BC8
:104E500000F08E80B7F8CE30002B00F089807B68A0
:104E60001B680C33BB63BB6B53E8003F7B637B6BFE
:104E700023F49073C7F8C8307B681B680C33D7F8ED
:104E8000C8207A643B64396C7A6C41E80023FB6388
:104E9000FB6B002BE3D17B681B6814337B627B6A5E
:104EA00053E8003F3B623B6A23F00103C7F8C4307C
:104EB0007B681B681433D7F8C4203A63FB62F96A35
:104EC0003A6B41E80023BB62BB6A002BE3D17B68ED
:104ED000202283F842207B6800221A637B681B68CB
:104EE0000C333B613B6953E8003FFB60FB6823F0F8
:104EF0001003C7F8C0307B681B680C33D7F8C0209C
:104F0000FA61BB61B969FA6941E800237B617B6999
:104F1000002BE3D17B6802225A63B7F8CE301946E2
:104F200078680DF065FC23E0D7F8E43003F08003E7
:104F3000002B09D0D7F8E03003F08003002B03D01A
:104F4000786800F06FFB14E0D7F8E43003F040031A
:104F5000002B0ED0D7F8E03003F04003002B08D030
:104F6000786800F0AFFB04E000BF02E000BF00E0A3
:104F700000BFE837BD4680BD80B483B000AF786025
:104F800000BF0C37BD465DF8047B704780B483B02A
:104F900000AF786000BF0C37BD465DF8047B7047FA
:104FA00080B483B000AF786000BF0C37BD465DF8B9
:104FB000047B704780B483B000AF786000BF0C37CB
:104FC000BD465DF8047B704780B590B000AF786057
:104FD0007B689B6BFB637B681B681B6803F48073B7
:104FE000002B37D1FB6B0022DA84FB6B1B68143378
:104FF0007B627B6A53E8003F3B623B6A23F080039D
:10500000BB63FB6B1B681433BA6B3A63FB62F96AD0
:105010003A6B41E80023BB62BB6A002BE5D1FB6B16
:105020001B680C333B613B6953E8003FFB60FB6846
:1050300043F040037B63FB6B1B680C337A6BFA61B4
:10504000BB61B969FA6941E800237B617B69002B88
:10505000E5D102E0F86BFFF78FFF00BF4037BD4698
:1050600080BD80B584B000AF78607B689B6BFB60CF
:10507000F868FFF78BFF00BF1037BD4680BD80B5D5
:105080009CB000AF78607B689B6BFB667B681B689D
:105090001B6803F48073002B72D1FB6E0022DA854B
:1050A000FB6E1B680C33FB64FB6C53E8003FBB6476
:1050B000BB6C23F48073BB66FB6E1B680C33BA6E4B
:1050C000BA657B65796DBA6D41E800233B653B6D40
:1050D000002BE5D1FB6E1B681433BB63BB6B53E83D
:1050E000003F7B637B6B23F001037B66FB6E1B68D9
:1050F00014337A6E7A643B64396C7A6C41E800232D
:10510000FB63FB6B002BE5D1FB6E1B6814337B62EA
:105110007B6A53E8003F3B623B6A23F040033B66F7
:10512000FB6E1B6814333A6E3A63FB62F96A3A6BA2
:1051300041E80023BB62BB6A002BE5D1FB6E202255
:1051400083F84220FB6E1B6B012B19D1FB6E1B6891
:105150000C333B613B6953E8003FFB60FB6823F085
:105160001003FB65FB6E1B680C33FA6DFA61BB61C3
:10517000B969FA6941E800237B617B69002BE5D1BD
:10518000FB6E00225A63FB6E1B6B012B06D1FB6E7C
:105190009B8D1946F86E0DF02BFB02E0F86EFFF7C1
:1051A000FFFE00BF7037BD4680BD80B584B000AF44
:1051B00078607B689B6BFB60FB6801225A63FB682D
:1051C0001B6B012B08D1FB689B8D5B089BB21946BA
:1051D000F8680DF00DFB02E0F868FFF7EBFE00BF8A
:1051E0001037BD4680BD80B584B000AF7860002325
:1051F000FB607B689B6BBB60BB681B685B6903F0F3
:105200008003802B0CBF01230023DBB2FB60BB6853
:1052100093F84130DBB2212B08D1FB68002B05D07D
:10522000BB680022DA84B86800F060F9BB681B68CC
:105230005B6903F04003402B0CBF01230023DBB26A
:10524000FB60BB6893F84230DBB2222B08D1FB68CD
:10525000002B05D0BB680022DA85B86800F06EF933
:10526000BB685B6C43F01002BB685A64B8680DF011
:1052700033FB00BF1037BD4680BD80B586B000AFA0
:10528000F860B9603B601346FB713BE03B6AB3F1E9
:10529000FF3F37D0FFF74EF802463B68D31A3A6A11
:1052A0009A4202D33B6A002B01D103233AE0FB6808
:1052B0001B68DB6803F00403002B23D0BB68802B42
:1052C00020D0BB68402B1DD0FB681B681B6803F017
:1052D0000803082B16D100237B61FB681B681B6841
:1052E0007B61FB681B685B687B617B69F86800F029
:1052F00025F9FB6808225A64FB68002283F84020E5
:1053000001230FE0FB681B681A68BB681340BA688A
:105310009A420CBF01230023DBB21A46FB799A4262
:10532000B4D0002318461837BD4680BD80B485B080
:1053300000AFF860B9601346FB80FB68BA689A62F8
:10534000FB68FA889A85FB68FA88DA85FB68002290
:105350005A64FB68222283F84220FB681B69002BF9
:1053600007D0FB681B68DA68FB681B6842F4807230
:10537000DA60FB681B685A69FB681B6842F001022F
:105380005A61FB681B68DA68FB681B6842F0200200
:10539000DA60002318461437BD465DF8047B704779
:1053A00080B598B000AFF860B9601346FB80BA686A
:1053B000FB689A62FB68FA889A85FB6800225A6447
:1053C000FB68222283F84220FB68DB6B444ADA63E5
:1053D000FB68DB6B434A1A64FB68DB6B424ADA64A6
:1053E000FB68DB6B00221A6507F10803FB65FB68AD
:1053F000D86BFB681B6804331946FB6D1A68FB8881
:10540000FEF720FB0346002B08D0FB6810225A64ED
:10541000FB68202283F8422001235DE000233B61EA
:10542000FB681B681B683B61FB681B685B683B6132
:105430003B69FB681B69002B19D0FB681B680C33A8
:105440003B643B6C53E8003FFB63FB6B43F48073AE
:10545000BB65FB681B680C33BA6DFA64BB64B96C3E
:10546000FA6C41E800237B647B6C002BE5D1FB6880
:105470001B681433FB62FB6A53E8003FBB62BB6AE4
:1054800043F001037B65FB681B6814337A6DBA63D4
:105490007B63796BBA6B41E800233B633B6B002B6A
:1054A000E5D1FB681B681433BB61BB6953E8003F5F
:1054B0007B617B6943F040033B65FB681B681433E9
:1054C0003A6D7A623B62396A7A6A41E80023FB618D
:1054D000FB69002BE5D1002318466037BD4680BD2F
:1054E0007F500008AB510008E751000880B489B034
:1054F00000AF78607B681B680C33FB60FB6853E887
:10550000003FBB60BB6823F0C003FB617B681B6886
:105510000C33FA69BA617B617969BA6941E80023A1
:105520003B613B69002BE5D17B68202283F8412059
:1055300000BF2437BD465DF8047B704780B495B04A
:1055400000AF78607B681B680C337B637B6B53E830
:10555000003F3B633B6B23F49073FB647B681B68E9
:105560000C33FA6C3A64FB63F96B3A6C41E8002344
:10557000BB63BB6B002BE5D17B681B6814333B62BC
:105580003B6A53E8003FFB61FB6923F00103BB6406
:105590007B681B681433BA6CFA62BB62B96AFA6A38
:1055A00041E800237B627B6A002BE5D17B681B6BA3
:1055B000012B19D17B681B680C33FB60FB6853E837
:1055C000003FBB60BB6823F010037B647B681B68F3
:1055D0000C337A6CBA617B617969BA6941E800235E
:1055E0003B613B69002BE5D17B68202283F8422098
:1055F0007B6800221A6300BF5437BD465DF8047B08
:10560000704780B584B000AF78607B689B6BFB60AF
:10561000FB680022DA85F8680DF05EF900BF1037EC
:10562000BD4680BD80B485B000AF78607B6893F8DC
:105630004130DBB2212B3ED17B689B68B3F5805FA4
:1056400014D17B681B69002B10D17B681B6AFB603F
:10565000FB681B881A467B681B68C2F308025A6005
:105660007B681B6A9A1C7B681A6208E07B681B6A6D
:10567000591C7A6811621A787B681B685A607B68CB
:10568000DB8C9BB2013B9BB27A681946D184002B1C
:105690000FD17B681B68DA687B681B6822F0800288
:1056A000DA607B681B68DA687B681B6842F040023E
:1056B000DA60002300E0022318461437BD465DF887
:1056C000047B704780B582B000AF78607B681B6850
:1056D000DA687B681B6822F04002DA607B6820226F
:1056E00083F841207868FFF747FC00231846083705
:1056F000BD4680BD80B58CB000AF78600023FB62F2
:105700000023BB627B6893F84230DBB2222B40F06F
:10571000AA807B689B68B3F5805F15D17B681B69A5
:10572000002B11D17B689B6ABB627B681B685B683E
:105730009BB2C3F308039AB2BB6A1A807B689B6A68
:105740009A1C7B689A6224E07B689B6AFB627B6898
:105750009B68B3F5805F07D07B689B68002B0AD1FC
:105760007B681B69002B06D17B681B685B68DAB21B
:10577000FB6A1A7008E07B681B685B68DBB203F0A9
:105780007F03DAB2FB6A1A707B689B6A5A1C7B68DB
:105790009A627B68DB8D9BB2013B9BB27A681946AB
:1057A000D185002B5DD17B681B68DA687B681B683C
:1057B00022F02002DA607B681B68DA687B681B686D
:1057C00022F48072DA607B681B685A697B681B6808
:1057D00022F001025A617B68202283F842207B6814
:1057E00000225A637B681B6B012B35D17B6800223A
:1057F0001A637B681B680C337B617B6953E8003F4D
:105800003B613B6923F010037B627B681B680C33B0
:105810007A6A3A62FB61F9693A6A41E80023BB613E
:10582000BB69002BE5D17B681B681B6803F0100384
:10583000102B0AD10023FB607B681B681B68FB6090
:105840007B681B685B68FB60FB687B689B8D194607
:1058500078680CF0CDFF02E07868FFF7A1FB002329
:1058600002E0002300E0022318463037BD4680BD29
:105870002DE9B04FC0B000AFC7F8F400D7F8F4304E
:105880001B681B6923F44050D7F8F430D968D7F867
:10589000F4301A6840EA01031361D7F8F4309A68CB
:1058A000D7F8F4301B691A43D7F8F4305B691A4310
:1058B000D7F8F430DB691343C7F8F830D7F8F43081
:1058C0001B68DB6823F4164121F00C01D7F8F43093
:1058D0001A68D7F8F8300B43D360D7F8F4301B6858
:1058E0005B6923F44070D7F8F4309969D7F8F43045
:1058F0001A6840EA01035361D7F8F4301A688F4BF5
:105900009A4205D0D7F8F4301A688D4B9A4204D1E8
:10591000FDF708FEC7F8FC0003E0FDF7EFFDC7F850
:10592000FC00D7F8F430DB69B3F5004F40F00C8190
:10593000D7F8FC300022C7F8E830C7F8EC20D7E9E8
:105940003A4522462B469118B9655B41FB65D7E97C
:105950001623214612EB0108294643EB01094FF0BB
:1059600000024FF000034FEAC90343EA58734FEABD
:10597000C80290469946234618EB0303C7F8E03067
:105980002B4649EB0303C7F8E430D7F8F4305B68E3
:105990000022C7F8D830C7F8DC20D7E936120B460A
:1059A000DB183B65134642EB03037B65D7E9142301
:1059B000D7E93801FBF7B2F802460B46614BA3FB6F
:1059C00002235B091C01D7F8FC300022C7F8D03055
:1059D000C7F8D420D7E9348942464B469118B964B8
:1059E0005B41FB64D7E91223414612EB010A4946A9
:1059F00043EB010B4FF000024FF000034FEACB03E3
:105A000043EA5A734FEACA0292469B4643461AEB50
:105A10000303C7F8C8304B464BEB0303C7F8CC3041
:105A2000D7F8F4305B680022C7F8C030C7F8C4204C
:105A3000D7E930120B46DB183B64134642EB0303F5
:105A40007B64D7E91023D7E93201FBF767F80246F8
:105A50000B4611463B4BA3FB01235B09642202FB6F
:105A600003F3CB1ADB0003F13202364BA3FB022314
:105A70005B095B0003F4F8731C44D7F8FC30002288
:105A8000C7F8B830C7F8BC20D7E92E8942464B4644
:105A90009118B9635B41FB63D7E90E234146511866
:105AA000396349464B417B634FF000024FF00003DE
:105AB000D7E90CAB5946CB00514643EA51735146E6
:105AC000CA0010461946034642469B18C7F8B03034
:105AD0004B460A4642EB0303C7F8B430D7F8F4301C
:105AE0005B680022C7F8A830C7F8AC20D7E92A12B3
:105AF0000B46DB18BB62134642EB0303FB62D7E99C
:105B00000A23D7E92C01FBF709F802460B460D4B97
:105B1000A3FB02135B09642101FB03F3D31ADB002F
:105B20003233084AA2FB03235B0903F00702D7F8CC
:105B3000F4301B6822449A6006E100BF0010014067
:105B4000001401401F85EB51D7F8FC300022C7F844
:105B5000A030C7F8A420D7E9288942464B469118BF
:105B600039625B417B62D7E90823414654184946B4
:105B700043EB01054FF000024FF00003EB0043EA56
:105B80005473E20014461D464346E318C7F89830A4
:105B90004B4645EB0303C7F89C30D7F8F4305B68FD
:105BA0000022C7F89030C7F894204FF000024FF061
:105BB0000003D7E9244529468B00214643EA917327
:105BC00021468A00D7E92601FAF7A8FF02460B46CC
:105BD000604BA3FB02235B091C01D7F8FC300022B9
:105BE000C7F88830C7F88C20D7E9228942464B464F
:105BF0009118B9615B41FB61D7E906234146511811
:105C0000396149464B417B614FF000024FF0000380
:105C1000D7E904AB5946CB00514643EA517351468C
:105C2000CA0010461946034642469B18C7F8803002
:105C30004B460A4642EB0303C7F88430D7F8F430EA
:105C40005B680022BB67FA674FF000024FF0000369
:105C5000D7E91E8949468B00414643EA9173414684
:105C60008A00D7E92001FAF759FF02460B46114690
:105C7000384BA3FB01235B09642202FB03F3CB1A1D
:105C80001B013233334AA2FB03235B0903F0F00309
:105C90001C44D7F8FC3000223B677A67D7E91C899F
:105CA00042464B469118B9605B41FB60D7E902233D
:105CB00041465118396049464B417B604FF0000224
:105CC0004FF00003D7E900AB5946CB00514643EAF9
:105CD00051735146CA0010461946034642469B1866
:105CE000BB664B460A4642EB0303FB66D7F8F4302B
:105CF0005B6800223B667A664FF000024FF00003BB
:105D0000D7E9188949468B00414643EA91734146D9
:105D10008A00D7E91A01FAF701FF02460B460D4B3C
:105D2000A3FB02135B09642101FB03F3D31A1B01DC
:105D30003233084AA2FB03235B0903F00F02D7F8B2
:105D4000F4301B6822449A6000BF07F58077BD4697
:105D5000BDE8B08F1F85EB5180B483B000AF786091
:105D60007B6803F108027B685A607B684FF0FF3262
:105D70009A607B6803F108027B68DA607B6803F154
:105D800008027B681A617B6800221A6000BF0C372A
:105D9000BD465DF8047B704780B483B000AF786087
:105DA0007B6800221A6100BF0C37BD465DF8047B9A
:105DB000704780B485B000AF786039607B685B68FD
:105DC000FB603B68FA685A60FB689A683B689A60B7
:105DD000FB689B683A685A60FB683A689A603B685F
:105DE0007A681A617B681B685A1C7B681A6000BF5E
:105DF0001437BD465DF8047B704780B485B000AFB2
:105E0000786039603B681B68BB60BB68B3F1FF3FDB
:105E100003D17B681B69FB600CE07B680833FB6087
:105E200002E0FB685B68FB60FB685B681B68BA6844
:105E30009A42F6D2FB685A683B685A603B685B68D6
:105E40003A689A603B68FA689A60FB683A685A60F8
:105E50003B687A681A617B681B685A1C7B681A6009
:105E600000BF1437BD465DF8047B704780B485B031
:105E700000AF78607B681B69FB607B685B687A6851
:105E800092689A607B689B687A6852685A60FB687F
:105E90005B687A689A4203D17B689A68FB685A60AB
:105EA0007B6800221A61FB681B685A1EFB681A6037
:105EB000FB681B6818461437BD465DF8047B7047C5
:105EC00080B584B000AF786039607B68FB60FB68A8
:105ED000002B0BD14FF0500383F31188BFF36F8F6A
:105EE000BFF34F8FBB6000BF00BFFDE702F0FCFBBC
:105EF000FB681A68FB68DB6BF968096C01FB03F34C
:105F00001A44FB689A60FB6800229A63FB681A686F
:105F1000FB685A60FB681A68FB68DB6B013BF96839
:105F2000096C01FB03F31A44FB68DA60FB68FF228B
:105F300083F84420FB68FF2283F845203B68002B50
:105F400014D1FB681B69002B1AD0FB68103318466C
:105F500001F02CF90346002B12D00D4B4FF080526C
:105F60001A60BFF34F8FBFF36F8F09E0FB681033E8
:105F70001846FFF7F1FEFB6824331846FFF7ECFEE6
:105F800002F0E4FB012318461037BD4680BD00BF78
:105F900004ED00E080B58EB002AFF860B9607A60C1
:105FA0003B60FB68002B0BD14FF0500383F311884B
:105FB000BFF36F8FBFF34F8FBB6200BF00BFFDE722
:105FC0003B68002B0BD14FF0500383F31188BFF3D4
:105FD0006F8FBFF34F8F7B6200BF00BFFDE77B6811
:105FE000002B02D0BB68002B01D0012300E000236E
:105FF000002B0BD14FF0500383F31188BFF36F8F49
:10600000BFF34F8F3B6200BF00BFFDE77B68002BF3
:1060100002D1BB68002B01D1012300E00023002B3B
:106020000BD14FF0500383F31188BFF36F8FBFF391
:106030004F8FFB6100BF00BFFDE750237B617B6991
:10604000502B0BD04FF0500383F31188BFF36F8FA9
:10605000BFF34F8FBB6100BF00BFFDE77B693B68AB
:10606000FB62FB6A002B0DD0FB6A012283F84620FD
:1060700097F83820FB6A009313467A68B968F86885
:1060800000F005F8FB6A18463037BD4680BD80B584
:1060900084B000AFF860B9607A60FB70BB68002B19
:1060A00003D1BB69BA691A6002E0BB697A681A60F9
:1060B000BB69FA68DA63BB69BA681A640121B86916
:1060C000FFF7FEFEBB69FA7883F84C2000BF10375B
:1060D000BD4680BD80B58EB000AFF860B9607A6013
:1060E0003B6000237B63FB683B633B6B002B0BD166
:1060F0004FF0500383F31188BFF36F8FBFF34F8FBF
:10610000BB6200BF00BFFDE7BB68002B03D13B6B48
:106110001B6C002B01D1012300E00023002B0BD1CD
:106120004FF0500383F31188BFF36F8FBFF34F8F8E
:106130007B6200BF00BFFDE73B68022B03D13B6BD6
:10614000DB6B012B01D1012300E00023002B0BD1DD
:106150004FF0500383F31188BFF36F8FBFF34F8F5E
:106160003B6200BF00BFFDE701F0E0F90346002BF2
:1061700002D17B68002B01D1012300E00023002B1A
:106180000BD14FF0500383F31188BFF36F8FBFF330
:106190004F8FFB6100BF00BFFDE702F0A5FA3B6B2C
:1061A0009A6B3B6BDB6B9A4202D33B68022B29D183
:1061B0003A68B968386B00F00FFAF8623B6B5B6ABB
:1061C000002B10D03B6B2433184600F0EFFF034642
:1061D000002B13D03F4B4FF080521A60BFF34F8F0C
:1061E000BFF36F8F0AE0FB6A002B07D0394B4FF0EB
:1061F00080521A60BFF34F8FBFF36F8F02F0A6FA81
:10620000012363E07B68002B03D102F09FFA002397
:106210005CE07B6B002B06D107F11403184601F0FC
:1062200029F801237B6302F091FA00F087FD02F068
:106230005BFA3B6B93F844305BB2B3F1FF3F03D1A1
:106240003B6B002283F844203B6B93F845305BB2F4
:10625000B3F1FF3F03D13B6B002283F8452002F0EE
:1062600075FA3A1D07F114031146184601F018F8A3
:106270000346002B24D1386B00F0A6FA0346002B0E
:1062800018D03B6B10337A681146184600F03CFF7B
:10629000386B00F031FA00F05FFD0346002B7FF40D
:1062A0007CAF0C4B4FF080521A60BFF34F8FBFF39F
:1062B0006F8F72E7386B00F01FFA00F04DFD6CE74E
:1062C000386B00F019FA00F047FD00231846383704
:1062D000BD4680BD04ED00E080B590B000AFF86031
:1062E000B9607A603B60FB68BB63BB6B002B0BD172
:1062F0004FF0500383F31188BFF36F8FBFF34F8FBD
:10630000BB6200BF00BFFDE7BB68002B03D1BB6BC6
:106310001B6C002B01D1012300E00023002B0BD1CB
:106320004FF0500383F31188BFF36F8FBFF34F8F8C
:106330007B6200BF00BFFDE73B68022B03D1BB6B54
:10634000DB6B012B01D1012300E00023002B0BD1DB
:106350004FF0500383F31188BFF36F8FBFF34F8F5C
:106360003B6200BF00BFFDE702F09EFAEFF311822F
:106370004FF0500383F31188BFF36F8FBFF34F8F3C
:10638000FA61BB61FB697B63BB6B9A6BBB6BDB6BBD
:106390009A4202D33B68022B2FD1BB6B93F8453056
:1063A00087F83330BB6B9B6BFB623A68B968B86B9C
:1063B00000F012F997F93330B3F1FF3F12D1BB6B04
:1063C0005B6A002B16D0BB6B2433184600F0EEFE40
:1063D0000346002B0ED07B68002B0BD07B6801227C
:1063E0001A6007E097F833300133DBB25AB2BB6B67
:1063F00083F845200123FB6301E00023FB637B6BF3
:106400007B617B6983F3118800BFFB6B18464037C3
:10641000BD4680BD80B58CB000AFF860B9607A60D1
:106420000023FB62FB68BB62BB6A002B0BD14FF001
:10643000500383F31188BFF36F8FBFF34F8F3B621D
:1064400000BF00BFFDE7BB68002B03D1BB6A1B6C1C
:10645000002B01D1012300E00023002B0BD14FF0D2
:10646000500383F31188BFF36F8FBFF34F8FFB612E
:1064700000BF00BFFDE701F059F80346002B02D131
:106480007B68002B01D1012300E00023002B0BD1FE
:106490004FF0500383F31188BFF36F8FBFF34F8F1B
:1064A000BB6100BF00BFFDE702F01EF9BB6A9B6B3A
:1064B0007B627B6A002B1FD0B968B86A00F0F6F8DF
:1064C0007B6A5A1EBB6A9A63BB6A1B69002B0FD09A
:1064D000BB6A1033184600F069FE0346002B07D054
:1064E0003C4B4FF080521A60BFF34F8FBFF36F8F5A
:1064F00002F02CF9012369E07B68002B03D102F044
:1065000025F9002362E0FB6A002B06D107F1100396
:10651000184600F0AFFE0123FB6202F017F900F00D
:106520000DFC02F0E1F8BB6A93F844305BB2B3F1C2
:10653000FF3F03D1BB6A002283F84420BB6A93F873
:1065400045305BB2B3F1FF3F03D1BB6A002283F851
:10655000452002F0FBF83A1D07F1100311461846DA
:1065600000F09EFE0346002B23D1B86A00F016F916
:106570000346002B17D0BB6A24337A6811461846AD
:1065800000F0C2FDB86A00F0B7F800F0E5FB034682
:10659000002B89D10F4B4FF080521A60BFF34F8F01
:1065A000BFF36F8F80E7B86A00F0A6F800F0D4FB65
:1065B0007AE7B86A00F0A0F800F0CEFBB86A00F005
:1065C000EDF80346002B3FF46FAF00231846303739
:1065D000BD4680BD04ED00E080B586B000AFF86038
:1065E000B9607A6000237B61FB689B6B3B61FB6851
:1065F0001B6C002B0DD1FB681B68002B4DD1FB6879
:106600009B68184600F0B0FF7861FB6800229A6032
:1066100043E07B68002B19D1FB685868FB681B6C52
:106620001A46B96815F0AEFCFB685A68FB681B6C2B
:106630001A44FB685A60FB685A68FB689B689A4278
:106640002BD3FB681A68FB685A6026E0FB68D868A1
:10665000FB681B6C1A46B96815F094FCFB68DA6895
:10666000FB681B6C5B421A44FB68DA60FB68DA6803
:10667000FB681B689A4207D2FB689A68FB681B6C30
:106680005B421A44FB68DA607B68022B05D13B69E8
:10669000002B02D03B69013B3B613B695A1CFB6804
:1066A0009A637B6918461837BD4680BD80B582B0B5
:1066B00000AF786039607B681B6C002B18D07B685A
:1066C000DA687B681B6C1A447B68DA607B68DA687E
:1066D0007B689B689A4203D37B681A687B68DA60A0
:1066E0007B68D9687B681B6C1A46386815F04AFCD1
:1066F00000BF0837BD4680BD80B584B000AF78606C
:1067000001F0F2FF7B6893F84530FB7311E07B6882
:106710005B6A002B12D07B682433184600F046FDDC
:106720000346002B01D000F01FFEFB7B013BDBB2D8
:10673000FB7397F90F30002BE9DC00E000BF7B68AA
:10674000FF2283F8452002F001F801F0CDFF7B68BD
:1067500093F84430BB7311E07B681B69002B12D0A7
:106760007B681033184600F021FD0346002B01D052
:1067700000F0FAFDBB7B013BDBB2BB7397F90E3037
:10678000002BE9DC00E000BF7B68FF2283F8442097
:1067900001F0DCFF00BF1037BD4680BD80B584B07E
:1067A00000AF786001F0A0FF7B689B6B002B02D1EB
:1067B0000123FB6001E00023FB6001F0C7FFFB68E1
:1067C00018461037BD4680BD80B584B000AF7860F4
:1067D00001F08AFF7B689A6B7B68DB6B9A4202D17F
:1067E0000123FB6001E00023FB6001F0AFFFFB68C9
:1067F00018461037BD4680BD80B485B000AF7860C4
:1068000039600023FB6014E00F4AFB6852F8333014
:10681000002B0BD10C49FB683A6841F833200A4A37
:10682000FB68DB0013447A685A6006E0FB680133BA
:10683000FB60FB68072BE7D900BF00BF1437BD46DC
:106840005DF8047B704700BFD000002080B586B0A3
:1068500000AFF860B9607A60FB687B6101F044FFCB
:106860007B6993F844305BB2B3F1FF3F03D17B699E
:10687000002283F844207B6993F845305BB2B3F182
:10688000FF3F03D17B69002283F8452001F05EFFC2
:106890007B699B6B002B06D17B6924337A68B968CE
:1068A000184600F057FC7869FFF726FF00BF18373D
:1068B000BD4680BD80B58EB004AFF860B9607A6027
:1068C0003B607B6B002B0BD14FF0500383F311889F
:1068D000BFF36F8FBFF34F8F3B6200BF00BFFDE779
:1068E000BB6B002B0BD14FF0500383F31188BFF328
:1068F0006F8FBFF34F8FFB6100BF00BFFDE75C23CD
:106900003B613B695C2B0BD04FF0500383F3118844
:10691000BFF36F8FBFF34F8FBB6100BF00BFFDE7B9
:106920003B69BB6B002B1ED07B6B002B1BD0BB6B62
:106930007B627B6A7A6B1A637B6A022283F8592036
:10694000002303937B6A029307F1140301933B6BCB
:1069500000933B687A68B968F86800F050F8786A84
:1069600000F0DEF801E000237B617B6918462837E0
:10697000BD4680BD80B58CB004AFF860B9603B60A7
:106980001346FB80FB889B00184601F08FFB786163
:106990007B69002B0ED05C2001F088FBF861FB695D
:1069A000002B03D0FB697A691A6305E0786901F06E
:1069B0004BFC01E00023FB61FB69002B17D0FB6956
:1069C000002283F85920FA8800230393FB6902937D
:1069D000FB6A0193BB6A00933B68B968F86800F0F2
:1069E0000EF8F86900F09CF80123BB6102E04FF05B
:1069F000FF33BB61BB6918462037BD4680BD80B5FB
:106A000088B000AFF860B9607A603B603B6B186B90
:106A10007B689B001A46A52115F02BFA3B6B1A6B7D
:106A20007B6803F18043013B9B001344BB61BB695E
:106A300023F00703BB61BB6903F00703002B0BD0F6
:106A40004FF0500383F31188BFF36F8FBFF34F8F65
:106A50007B6100BF00BFFDE7BB68002B1FD0002398
:106A6000FB6112E0BA68FB69134419783A6BFB6961
:106A7000134434330A461A70BA68FB6913441B780E
:106A8000002B06D0FB690133FB61FB690F2BE9D9B1
:106A900000E000BF3B6B002283F8432003E03B6B28
:106AA000002283F83420BB6A372B01D93723BB621D
:106AB0003B6BBA6ADA623B6BBA6ADA643B6B002200
:106AC0001A653B6B04331846FFF766F93B6B1833C6
:106AD0001846FFF761F93B6B3A6B1A61BB6AC3F169
:106AE00038023B6B9A613B6B3A6B5A623B6B0022FC
:106AF0005A653B6B002283F858203A68F968B869F8
:106B000001F0C2FC02463B6B1A60FB6A002B02D00C
:106B1000FB6A3A6B1A6000BF2037BD4680BD00009B
:106B200080B582B000AF786001F0DEFD2D4B1B68B0
:106B300001332C4A13602C4B1B68002B09D12A4AC5
:106B40007B681360274B1B68012B10D100F030FCD1
:106B50000DE0264B1B68002B09D1234B1B68DA6A1A
:106B60007B68DB6A9A4202D81F4A7B681360204B1D
:106B70001B6801331E4A13601D4B1A687B685A64F8
:106B80007B68DA6A1B4B1B689A4203D97B68DB6A15
:106B9000184A13607B68DA6A13469B0013449B0013
:106BA000154A1A447B68043319461046FFF701F969
:106BB00001F0CCFD0D4B1B68002B0ED00A4B1B685F
:106BC000DA6A7B68DB6A9A4207D20C4B4FF080523C
:106BD0001A60BFF34F8FBFF36F8F00BF0837BD46FA
:106BE00080BD00BFE405002010010020F00500205A
:106BF00000060020EC0500201401002004ED00E058
:106C000080B584B000AF78600023FB607B68002B08
:106C100018D0144B1B68002B0BD04FF0500383F39C
:106C20001188BFF36F8FBFF34F8FBB6000BF00BFF2
:106C3000FDE700F083F80021786800F005FD00F022
:106C40008BF8F860FB68002B07D1074B4FF08052A0
:106C50001A60BFF34F8FBFF36F8F00BF1037BD4671
:106C600080BD00BF0C06002004ED00E080B58AB0B6
:106C700004AF0023BB6000237B603A46391D07F157
:106C80000803184601F0DEF939687B68BA68029299
:106C900001930023009300230A4622492248FFF76C
:106CA00009FE0346214A1360204B1B68002B02D0CB
:106CB00001237B6101E000237B617B69012B02D111
:106CC00000F016FD78617B69012B16D14FF050035F
:106CD00083F31188BFF36F8FBFF34F8F3B6100BF0A
:106CE000134B4FF0FF321A60124B01221A60124B05
:106CF00000221A6001F054FC0FE07B69B3F1FF3F02
:106D00000BD14FF0500383F31188BFF36F8FBFF3A4
:106D10004F8FFB6000BF00BFFDE700BF1837BD46C7
:106D200080BD00BF40C7010881730008080600202D
:106D300004060020F0050020E805002080B400AF24
:106D4000044B1B680133034A136000BFBD465DF866
:106D5000047B70470C06002080B584B000AF002390
:106D6000FB600023BB60424B1B68002B0BD14FF034
:106D7000500383F31188BFF36F8FBFF34F8F3B60D6
:106D800000BF00BFFDE701F0AFFC394B1B68013BC2
:106D9000374A1360364B1B68002B62D1354B1B689A
:106DA000002B5ED02FE0344BDB68DB68FB60FB68B8
:106DB00018331846FFF75AF8FB6804331846FFF7F4
:106DC00055F8FB68DA6A2D4B1B689A4203D9FB68B9
:106DD000DB6A2A4A1360FB68DA6A13469B00134495
:106DE0009B00274A1A44FB68043319461046FEF7F5
:106DF000E0FFFB68DA6A234B1B68DB6A9A4202D326
:106E0000214B01221A601C4B1B68002BCBD1FB6865
:106E1000002B01D000F06AFB1C4B1B687B607B6879
:106E2000002B10D000F058F80346002B02D0164B70
:106E300001221A607B68013B7B607B68002BF1D1EB
:106E4000124B00221A60104B1B68002B09D0012343
:106E5000BB600F4B4FF080521A60BFF34F8FBFF3F0
:106E60006F8F01F073FCBB6818461037BD4680BDBC
:106E70000C060020E4050020A4050020EC050020FD
:106E80001401002010010020F8050020F405002066
:106E900004ED00E080B483B000AF054B1B687B605D
:106EA0007B6818460C37BD465DF8047B704700BF11
:106EB000E805002080B582B000AF01F0F5FC0023AA
:106EC0007B60044B1B683B603B6818460837BD4637
:106ED00080BD00BFE805002080B586B000AF00236C
:106EE0007B614F4B1B68002B40F090804D4B1B6823
:106EF00001333B614B4A3B6913603B69002B21D155
:106F0000494B1B681B68002B0BD04FF0500383F3D9
:106F10001188BFF36F8FBFF34F8F3B6000BF00BF7F
:106F2000FDE7414B1B68FB60404B1B683E4A13600A
:106F30003E4AFB6813603E4B1B6801333C4A1360BA
:106F400000F0D4FA3B4B1B683A699A4249D3364B5E
:106F50001B681B68002B04D1364B4FF0FF321A60C0
:106F60003FE0314B1B68DB68DB68BB60BB685B687C
:106F70007B603A697B689A4203D22E4A7B68136031
:106F80002FE0BB6804331846FEF770FFBB689B6AAE
:106F9000002B04D0BB6818331846FEF767FFBB68A8
:106FA000DA6A254B1B689A4203D9BB68DB6A224A1E
:106FB0001360BB68DA6A13469B0013449B001F4AA8
:106FC0001A44BB68043319461046FEF7F2FEBB684C
:106FD000DA6A1B4B1B68DB6A9A42B8D301237B61D8
:106FE000B5E7174B1B68DA6A144913469B00134434
:106FF0009B000B441B68012B01D901237B61114BC2
:107000001B68002B07D001237B6104E00E4B1B683B
:1070100001330D4A13607B6918461837BD4680BDA1
:107020000C060020E80500209C050020A00500209B
:10703000FC05002004060020EC05002014010020BF
:1070400010010020F8050020F405002080B485B070
:1070500000AF284B1B68002B03D0274B01221A607E
:1070600042E0254B00221A60244B1B68FB6011E0B4
:10707000FB68002B0BD14FF0500383F31188BFF353
:107080006F8FBFF34F8F7B6000BF00BFFDE7FB68D2
:10709000013BFB601A49FA6813469B0013449B00AE
:1070A0000B441B68002BE3D0FA6813469B00134483
:1070B0009B00134A1344BB60BB685B685A68BB689B
:1070C0005A60BB685A68BB6808339A4204D1BB68EF
:1070D0005B685A68BB685A60BB685B68DB68094AD2
:1070E0001360064AFB68136000BF1437BD465DF8A5
:1070F000047B70470C060020F8050020EC050020FA
:10710000140100201001002080B584B000AF786029
:1071100039607B68002B0BD14FF0500383F311884B
:10712000BFF36F8FBFF34F8FFB6000BF00BFFDE762
:10713000074B1B68183319467868FEF75EFE01217D
:10714000386800F081FA00BF1037BD4680BD00BF2F
:107150001001002080B586B000AFF860B9607A6099
:10716000FB68002B0BD14FF0500383F31188BFF362
:107170006F8FBFF34F8F7B6100BF00BFFDE70A4BEE
:107180001B6818331946F868FEF713FE7B68002B5E
:1071900002D04FF0FF33BB607968B86800F054FA52
:1071A00000BF1837BD4680BD1001002080B586B0F5
:1071B00000AF78607B68DB68DB683B613B69002B74
:1071C0000BD14FF0500383F31188BFF36F8FBFF3E0
:1071D0004F8FFB6000BF00BFFDE73B6918331846C7
:1071E000FEF744FE1D4B1B68002B1DD13B69043389
:1071F0001846FEF73BFE3B69DA6A194B1B689A4258
:1072000003D93B69DB6A164A13603B69DA6A1346A5
:107210009B0013449B00134A1A443B6904331946EC
:107220001046FEF7C6FD05E03B69183319460E48C7
:10723000FEF7BFFD3B69DA6A0C4B1B68DB6A9A42BA
:1072400005D901237B610A4B01221A6001E000236A
:107250007B617B6918461837BD4680BD0C0600204F
:10726000EC05002014010020A405002010010020DE
:10727000F805002080B483B000AF7860064B1A6830
:107280007B681A60054B1A687B685A6000BF0C3730
:10729000BD465DF8047B7047FC050020E805002032
:1072A00080B588B000AF786039607B68002B0BD167
:1072B0004FF0500383F31188BFF36F8FBFF34F8FED
:1072C0003B6100BF00BFFDE73B68002B0BD14FF0D7
:1072D000500383F31188BFF36F8FBFF34F8FFB60B1
:1072E00000BF00BFFDE701F0FFF91D4B1B68BB614C
:1072F0007B685B68BA69D31A7B613B681B68B3F132
:10730000FF3F02D10023FB6123E07B681A68154B25
:107310001B689A4207D07B685B68BA699A4202D3BD
:107320000123FB6115E03B681B687A699A420BD226
:107330003B681A687B69D21A3B681A607868FFF765
:1073400099FF0023FB6104E03B6800221A600123DF
:10735000FB6101F0FBF9FB6918462037BD4680BD93
:10736000E8050020FC05002080B400AF034B01229B
:107370001A6000BFBD465DF8047B7047F805002029
:1073800080B582B000AF786000F052F8064B1B6801
:10739000012BF9D9054B4FF080521A60BFF34F8F84
:1073A000BFF36F8FF0E700BF1401002004ED00E091
:1073B00080B582B000AF00237B600CE07A68134692
:1073C0009B0013449B00124A13441846FEF7C4FC6A
:1073D0007B6801337B607B68372BEFD90D48FEF764
:1073E000BBFC0D48FEF7B8FC0C48FEF7B5FC0C489A
:1073F000FEF7B2FC0B48FEF7AFFC0B4B054A1A60D8
:107400000A4B054A1A6000BF0837BD4680BD00BF61
:10741000140100207405002088050020A405002028
:10742000B8050020D00500209C050020A005002004
:1074300080B582B000AF19E001F056F9104BDB685F
:10744000DB687B607B6804331846FEF70FFD0D4B4D
:107450001B68013B0B4A13600B4B1B68013B0A4A3C
:10746000136001F073F9786800F010F8064B1B68A0
:10747000002BE1D100BF00BF0837BD4680BD00BF73
:10748000B8050020E4050020CC05002080B584B0BC
:1074900000AF78607B6893F85930002B08D17B6887
:1074A0001B6B184600F0D0FE786800F0CDFE19E0A6
:1074B0007B6893F85930012B03D1786800F0C4FE43
:1074C00010E07B6893F85930022B0BD04FF050033B
:1074D00083F31188BFF36F8FBFF34F8FFB6000BF43
:1074E00000BFFDE700BF1037BD4680BD80B483B04C
:1074F00000AF0C4B1B681B68002B04D10A4B4FF0EC
:10750000FF321A6008E0074B1B68DB68DB687B60B2
:107510007B685B68044A136000BF0C37BD465DF8AA
:10752000047B70479C0500200406002080B483B0D3
:1075300000AF0B4B1B68002B02D101237B6008E0DE
:10754000084B1B68002B02D102237B6001E0002363
:107550007B607B6818460C37BD465DF8047B70473E
:10756000F00500200C06002080B586B000AF7860E2
:107570007B683B6100237B617B68002B58D02F4BDD
:107580001B683A699A420BD04FF0500383F311887D
:10759000BFF36F8FBFF34F8FFB6000BF00BFFDE7EE
:1075A0003B691B6D002B0BD14FF0500383F3118807
:1075B000BFF36F8FBFF34F8FBB6000BF00BFFDE70E
:1075C0003B691B6D5A1E3B691A653B69DA6A3B6968
:1075D000DB6C9A422CD03B691B6D002B28D13B6998
:1075E00004331846FEF742FC3B69DA6C3B69DA6209
:1075F0003B69DB6AC3F138023B699A613B69DA6A2D
:107600000F4B1B689A4203D93B69DB6A0C4A136033
:107610003B69DA6A13469B0013449B00094A1A44EB
:107620003B69043319461046FEF7C3FB01237B6117
:107630007B6918461837BD4680BD00BF1001002089
:10764000EC0500201401002080B584B000AF786004
:107650003960214B1B68FB60204B1B6804331846C4
:10766000FEF704FC7B68B3F1FF3F0AD13B68002BB7
:1076700007D01A4B1B68043319461948FEF799FBCB
:1076800026E0FA687B681344BB60144B1B68BA6839
:107690005A60BA68FB689A4209D2124B1A680F4BBB
:1076A0001B68043319461046FEF7A7FB10E00E4B8B
:1076B0001A680A4B1B68043319461046FEF79DFBF7
:1076C0000A4B1B68BA689A4202D2084ABB68136028
:1076D00000BF1037BD4680BDE80500201001002026
:1076E000D0050020A00500209C05002004060020F5
:1076F00080B58AB004AF00237B6100F013FB1D4B03
:107700001B68002B21D00023FB600023BB603A1DC7
:1077100007F1080107F10C03184600F0ADFC796889
:10772000BB68FA68029201930223009300230A4681
:1077300011491248FFF7BEF80346114A1360104B77
:107740001B68002B01D001237B617B69002B0BD1CF
:107750004FF0500383F31188BFF36F8FBFF34F8F48
:107760003B6100BF00BFFDE77B6918461837BD4687
:1077700080BD00BF4006002048C70108BD78000852
:107780004406002080B58AB000AFF860B9607A6026
:107790003B6000237B62FB68002B0BD14FF0500352
:1077A00083F31188BFF36F8FBFF34F8F3B6200BF2E
:1077B00000BFFDE7194B1B68002B2AD0BB683B615B
:1077C0007B687B61FB68BB61BB68052B18DCFFF73E
:1077D000ADFE0346022B09D1104B186807F11001CA
:1077E00000233A6BFEF776FC786212E00B4B1868C8
:1077F00007F1100100230022FEF76CFC786208E01C
:10780000064B186807F1100100233A68FEF764FD83
:1078100078627B6A18462837BD4680BD4006002046
:1078200080B588B002AF78603960234B1B68DB6895
:10783000DB687B617B6904331846FEF717FB7B69C5
:1078400093F8283003F00403002B23D07B699A6956
:107850007B68D1187B683A68786900F0D5F80346F0
:10786000002B20D00023009300237A680021786940
:10787000FFF788FF38613B69002B14D14FF05003AC
:1078800083F31188BFF36F8FBFF34F8FFB6000BF8F
:1078900000BFFDE77B6993F8283023F00103DAB2DB
:1078A0007B6983F828207B691B6A7869984700BF49
:1078B0001837BD4680BD00BF3806002080B584B0B3
:1078C00000AF786007F10803184600F059F8F86037
:1078D000BB681946F86800F005F800F0D7F800BF5B
:1078E000F0E7000080B584B000AF78603960FFF742
:1078F00025FA07F10803184600F066F8F860BB683F
:10790000002B30D13B68002B0AD17A68FB689A4281
:1079100006D8FFF721FAF9687868FFF781FF24E0BD
:107920003B68002B08D0134B1B681B68002B01D150
:10793000012300E000233B600F4B18687A68FB6866
:10794000D31A3A681946FEF781FFFFF705FA034696
:10795000002B0AD1094B4FF080521A60BFF34F8FB2
:10796000BFF36F8F01E0FFF7F7F900BF1037BD4697
:1079700080BD00BF3C0600204006002004ED00E072
:1079800080B485B000AF78600E4B1B681B68002B7D
:1079900001D1012200E000227B681A607B681B682D
:1079A000002B05D1074B1B68DB681B68FB6001E0FF
:1079B0000023FB60FB6818461437BD465DF8047B66
:1079C000704700BF3806002080B584B000AF7860F3
:1079D000FFF760FAF8600B4B1B68FA689A4205D211
:1079E00000F03AF97B6801221A6002E07B6800220D
:1079F0001A60044AFB681360FB6818461037BD46DE
:107A000080BD00BF4806002080B586B000AFF8609A
:107A1000B9607A603B6000237B61FB68BA685A609A
:107A2000FB68FA681A61BA687B689A4212D87A6869
:107A30003B68D21AFB689B699A4202D301237B619F
:107A40001BE0104B1A68FB68043319461046FEF71A
:107A5000D4F912E07A683B689A4206D2BA683B6869
:107A60009A4202D301237B6107E0074B1A68FB6847
:107A7000043319461046FEF7C0F97B6918461837DB
:107A8000BD4680BD3C0600203806002080B58EB083
:107A900002AFCEE07B68002B19DA3B1D0433FB629A
:107AA000FB6A002B0BD14FF0500383F31188BFF317
:107AB0006F8FBFF34F8FFB6100BF00BFFDE7FB6A15
:107AC0001B68FA6A5068FA6A9268114698477B68A0
:107AD000002BC0F2AE80FB68BB62BB6A5B69002B07
:107AE00004D0BB6A04331846FEF7C0F93B4618467B
:107AF000FFF76AFF78627B68092B00F2978001A28A
:107B000052F823F02D7B00082D7B00082D7B000808
:107B1000A37B0008B77B0008037C00082D7B0008CE
:107B20002D7B0008A37B0008B77B0008BB6A93F895
:107B3000283043F00103DAB2BB6A83F82820BA6820
:107B4000BB6A9B69D118BB687A6AB86AFFF75CFFA9
:107B50000346002B6CD0BB6A1B6AB86A9847BB6AA5
:107B600093F8283003F00403002B61D0BA68BB6A95
:107B70009B691A440023009300230021B86AFFF791
:107B800001FE38623B6A002B52D14FF0500383F361
:107B90001188BFF36F8FBFF34F8FBB6100BF00BF72
:107BA000FDE7BB6A93F8283023F00103DAB2BB6A21
:107BB00083F828203DE0BB6A93F8283043F00103A6
:107BC000DAB2BB6A83F82820BA68BB6A9A61BB6ADA
:107BD0009B69002B0BD14FF0500383F31188BFF347
:107BE0006F8FBFF34F8F7B6100BF00BFFDE7BB6AA4
:107BF0009A697B6AD1187B6A7A6AB86AFFF704FFD0
:107C000017E0BB6A93F8283003F00203002B03D17E
:107C1000B86A00F019FB0CE0BB6A93F8283023F037
:107C20000103DAB2BB6A83F8282002E000BF00E05B
:107C300000BF084B1B68391D00221846FEF7EAFBFF
:107C40000346002B7FF426AF00BF00BF3037BD4690
:107C500080BD00BF4006002080B588B002AF49E07B
:107C60002E4B1B68DB681B683B612C4B1B68DB6879
:107C7000DB68FB60FB6804331846FEF7F7F8FB6827
:107C80001B6AF8689847FB6893F8283003F00403F0
:107C9000002B2FD0FB689B693A691344BB60BA681C
:107CA0003B699A420ED9FB68BA685A60FB68FA6869
:107CB0001A611A4B1A68FB68043319461046FEF71E
:107CC0009CF817E00023009300233A690021F8682C
:107CD000FFF758FD78607B68002B0BD14FF0500305
:107CE00083F31188BFF36F8FBFF34F8F3B6000BFEB
:107CF00000BFFDE7094B1B681B68002BB0D1074B89
:107D00001B687B61064B1B68044A1360044A7B694D
:107D1000136000BF1837BD4680BD00BF3806002085
:107D20003C06002080B582B002AF00F0DDFC154BB0
:107D30001B68002B20D11448FEF70EF81348FEF7FD
:107D40000BF8134B104A1A60124B104A1A600023AA
:107D50000093114B114A10210A20FEF71BF903462C
:107D6000084A1360074B1B68002B05D0054B1B68A6
:107D70000B491846FEF740FD00F0E8FC00BFBD4689
:107D800080BD00BF40060020100600202406002011
:107D9000380600203C060020EC0600204C0600209F
:107DA00050C7010880B483B000AF03463960FB714F
:107DB00097F90730002B0ADB3B68DAB20C4997F9D8
:107DC00007301201D2B20B4483F800230AE03B686B
:107DD000DAB20849FB7903F00F03043B1201D2B277
:107DE0000B441A7600BF0C37BD465DF8047B704724
:107DF00000E100E000ED00E080B500AF054B1B683E
:107E0000FFF794FB0346012B01D000F0FDFC00BFFF
:107E100080BD00BF10E000E080B500AF00216FF032
:107E20000400FFF7BFFF00BF80BD000080B483B037
:107E300000AFEFF305833B603B68002B03D06FF08E
:107E400005037B600CE00A4B1B68002B05D1084B37
:107E500001221A6000237B6002E04FF0FF337B6059
:107E60007B6818460C37BD465DF8047B704700BF41
:107E70003C07002080B582B000AFEFF305833B6084
:107E80003B68002B03D06FF005037B6010E00B4BC9
:107E90001B68012B09D1FFF7BFFF084B02221A60B4
:107EA000FEF7E4FE00237B6002E04FF0FF337B60CF
:107EB0007B6818460837BD4680BD00BF3C070020E0
:107EC00080B582B000AFEFF305833B603B68002BC9
:107ED00003D0FEF7EFFF786002E0FEF7DBFF78608B
:107EE0007B6818460837BD4680BD80B58EB004AFAC
:107EF000F860B9607A6000233B61EFF305837B6132
:107F00007B69002B7ED1FB68002B7BD080233B62FA
:107F10001823FB6100237B624FF0FF33BB617B685A
:107F2000002B45D07B681B68002B02D07B681B6848
:107F30007B627B689B69002B02D07B689B69FB613D
:107F4000FB69002B08D0FB69382B05D87B685B6880
:107F500003F00103002B01D0002354E07B685B6930
:107F6000002B03D07B685B699B083B627B689B6846
:107F7000002B0ED07B68DB685B2B0AD97B681B6902
:107F8000002B06D07B685B69002B02D00123BB610C
:107F900010E07B689B68002B0CD17B68DB68002BB2
:107FA00008D17B681B69002B04D10023BB6101E071
:107FB0000023BB61BB69012B10D17B681B697A6808
:107FC000926802920193FB690093BB683A6A796AEE
:107FD000F868FEF76FFC03463B6113E0BB69002BBA
:107FE00010D13B6A9AB207F110030193FB69009329
:107FF000BB68796AF868FEF7BDFC0346012B01D027
:1080000000233B613B6918462837BD4680BD80B5DB
:1080100084B000AF7860EFF30583BB60BB68002BD2
:1080200003D06FF00503FB6007E00023FB607B6873
:10803000002B02D07868FEF7E3FDFB681846103786
:10804000BD4680BD80B485B000AFF860B9607A608D
:10805000FB68074A1A60BB68064A1A607B68802280
:108060001A6000BF1437BD465DF8047B704700BF3F
:10807000400700209C07002080B485B000AFF86066
:10808000B9607A60FB68074A1A60BB68064A1A60E2
:108090007B684FF480721A6000BF1437BD465DF8EC
:1080A000047B70479C090020F809002080B58AB045
:1080B00000AF78600023FB61FEF740FE5C4B1B685D
:1080C000002B01D100F024F95A4B1A687B68134049
:1080D000002B40F095807B68002B1ED008227B6827
:1080E00013447B607B6803F00703002B15D07B688B
:1080F00023F0070308337B607B6803F00703002B42
:108100000BD04FF0500383F31188BFF36F8FBFF391
:108110004F8F7B6100BF00BFFDE77B68002B6FD0F6
:10812000454B1B687A689A426AD8444B3B62434B82
:108130001B687B6204E07B6A3B627B6A1B687B6234
:108140007B6A5B687A689A4203D97B6A1B68002B5A
:10815000F1D1374B1B687A6A9A4251D03B6A1B684F
:1081600008221344FB617B6A1A683B6A1A607B6AC7
:108170005A687B68D21A08235B009A4220D97A6A2F
:108180007B681344BB61BB6903F00703002B0BD072
:108190004FF0500383F31188BFF36F8FBFF34F8FFE
:1081A0003B6100BF00BFFDE77B6A5A687B68D21A5B
:1081B000BB695A607B6A7A685A60B86900F00AF94C
:1081C0001D4B1A687B6A5B68D31A1B4A13601A4BF3
:1081D0001A681B4B1B689A4203D2174B1B68184A3C
:1081E00013607B6A5A68134B1B681A437B6A5A6098
:1081F0007B6A00221A60134B1B680133114A13601B
:10820000FEF7AAFDFB6903F00703002B0BD04FF02C
:10821000500383F31188BFF36F8FBFF34F8FFB6061
:1082200000BF00BFFDE7FB6918462837BD4680BD8B
:10823000004A0020144A0020044A0020F849002087
:10824000084A00200C4A002080B586B000AF786054
:108250007B687B617B68002B4FD008235B427A6987
:1082600013447B617B693B613B695A68254B1B6802
:108270001340002B0BD14FF0500383F31188BFF351
:108280006F8FBFF34F8FFB6000BF00BFFDE73B69FF
:108290001B68002B0BD04FF0500383F31188BFF302
:1082A0006F8FBFF34F8FBB6000BF00BFFDE73B691F
:1082B0005A68144B1B681340002B1ED03B691B6887
:1082C000002B1AD13B695A680E4B1B68DB431A40DE
:1082D0003B695A60FEF732FD3B695A680A4B1B68DE
:1082E0001344094A1360386900F074F8074B1B689F
:1082F0000133064A1360FEF72FFD00BF1837BD4655
:1083000080BD00BF144A0020044A0020104A00200B
:1083100080B485B000AF4FF47053BB60274BFB6057
:10832000FB6803F00703002B0CD0FB680733FB60EE
:10833000FB6823F00703FB60BA68FB68D31A1F4A87
:108340001344BB60FB687B601D4A7B6813601C4B59
:1083500000225A607B68BA681344FB600822FB68FD
:108360009B1AFB60FB6823F00703FB60FB68154A60
:108370001360144B1B6800225A60124B1B680022CA
:108380001A607B683B603B68FA68D21A3B685A60A7
:108390000C4B1A683B681A603B685B680A4A1360BA
:1083A0003B685B68094A1360094B4FF000421A6052
:1083B00000BF1437BD465DF8047B7047F80D002000
:1083C000F8490020004A0020084A0020044A002002
:1083D000144A002080B485B000AF7860284BFB6061
:1083E00002E0FB681B68FB60FB681B687A689A42C6
:1083F000F7D8FB68BB60FB685B68BA6813447A68AF
:108400009A4208D1FB685A687B685B681A44FB682B
:108410005A60FB687B607B68BB607B685B68BA689E
:108420001A44FB681B689A4218D1FB681A68154BFE
:108430001B689A420DD07B685A68FB681B685B68B2
:108440001A447B685A60FB681B681A687B681A606C
:1084500008E00C4B1A687B681A6003E0FB681A6836
:108460007B681A60FA687B689A4202D0FB687A6877
:108470001A6000BF1437BD465DF8047B704700BF2B
:10848000F8490020004A002080B485B000AFF860B1
:10849000B9607A60FB68043BFB60FB684FF0807258
:1084A0001A60FB68043BFB60BB6823F00102FB68B9
:1084B0001A60FB68043BFB600C4AFB681A60FB68AF
:1084C000143BFB607A68FB681A60FB68043BFB6046
:1084D000FB686FF002021A60FB68203BFB60FB68E0
:1084E00018461437BD465DF8047B7047F1840008D8
:1084F00080B485B000AF00237B60134B1B68B3F1E1
:10850000FF3F0BD04FF0500383F31188BFF36F8F01
:10851000BFF34F8FFB6000BF00BFFDE74FF050037C
:1085200083F31188BFF36F8FBFF34F8FBB6000BF22
:1085300000BF7B68002BFCD000BF00BF1437BD46D6
:108540005DF8047B704700BF0C00002000000000B5
:10855000074B19680868B0E8F04F80F30988BFF34B
:108560006F8F4FF0000080F311887047AFF30080E9
:108570001001002000BF00BF08480068006880F3B9
:1085800008884FF0000080F3148862B661B6BFF32C
:108590004F8FBFF36F8F00DF00BF00BF08ED00E01B
:1085A00080B586B000AF474B1B68474A93420BD15A
:1085B0004FF0500383F31188BFF36F8FBFF34F8FDA
:1085C000FB6000BF00BFFDE73E4B1B683F4A934284
:1085D0000BD14FF0500383F31188BFF36F8FBFF3BC
:1085E0004F8F3B6100BF00BFFDE7394B7B617B696B
:1085F0001B78DBB27B607B69FF221A707B691B787A
:10860000DBB2FB70FB78DBB203F05003DAB2314B24
:108610001A70314B07221A6009E02F4B1B68013B8F
:108620002D4A1360FB78DBB25B00DBB2FB70FB789A
:10863000DBB203F08003802BEFD0274B1B68C3F124
:108640000703042B0BD04FF0500383F31188BFF3C3
:108650006F8FBFF34F8FBB6000BF00BFFDE71E4BA6
:108660001B681B021C4A13601B4B1B6803F4E0636E
:10867000194A13607B68DAB27B691A70174B1B6862
:10868000164A43F470031360144B1B68134A43F0FB
:108690007043136000F0DAF8114B00221A6000F00A
:1086A000F9F8104B1B680F4A43F040431360FFF783
:1086B00063FFFEF7CBFCFFF71BFF002318461837BC
:1086C000BD4680BD00ED00E071C20F4170C20F4198
:1086D00000E400E0184A00201C4A002020ED00E0E1
:1086E0000C00002034EF00E080B483B000AF4FF006
:1086F000500383F31188BFF36F8FBFF34F8F7B60FD
:1087000000BF104B1B6801330E4A13600D4B1B68F2
:10871000012B10D10C4B1B68DBB2002B0BD04FF0A0
:10872000500383F31188BFF36F8FBFF34F8F3B600C
:1087300000BF00BFFDE700BF0C37BD465DF8047BFE
:10874000704700BF0C00002004ED00E080B483B04F
:1087500000AF124B1B68002B0BD14FF0500383F37B
:108760001188BFF36F8FBFF34F8F7B6000BF00BFD7
:10877000FDE70A4B1B68013B084A1360074B1B6867
:10878000002B05D100233B603B6883F3118800BFB9
:1087900000BF0C37BD465DF8047B70470C0000201D
:1087A000EFF30980BFF36F8F154B1A681EF0100F9F
:1087B00008BF20ED108A20E9F04F10602DE9090074
:1087C0004FF0500080F31188BFF34F8FBFF36F8FCE
:1087D000FEF73CFC4FF0000080F3118809BC1968DB
:1087E0000868B0E8F04F1EF0100F08BFB0EC108A18
:1087F00080F30988BFF36F8F704700BFAFF300802D
:108800001001002000BF00BF80B582B000AF4FF064
:10881000500383F31188BFF36F8FBFF34F8F7B60DB
:1088200000BFFEF759FB0346002B03D0064B4FF069
:1088300080521A6000233B603B6883F3118800BFBD
:1088400000BF0837BD4680BD04ED00E080B400AF36
:108850000B4B00221A600B4B00221A600A4B1B685C
:108860000A4AA2FB03239B09094A013B1360044BFC
:1088700007221A6000BFBD465DF8047B704700BF49
:1088800010E000E018E000E000000020D34D62108E
:1088900014E000E0DFF80C00016841F470010160B1
:1088A000704700BF88ED00E080B485B000AFEFF303
:1088B0000583FB60FB680F2B15D9184AFB6813442E
:1088C0001B78FB72164B1B78FA7A9A420BD24FF048
:1088D000500383F31188BFF36F8FBFF34F8F7B601B
:1088E00000BF00BFFDE70F4B1B6803F4E0620E4BB7
:1088F0001B689A420BD94FF0500383F31188BFF3E2
:108900006F8FBFF34F8F3B6000BF00BFFDE700BF1D
:108910001437BD465DF8047B704700BFF0E300E00C
:10892000184A00200CED00E01C4A002080B500AF82
:1089300072B600BFFBF7C8FC00F01EF800F0A8F804
:1089400000F092FA00F064F900F098F900F0CAFC27
:1089500000F0F2FC00F01CFD00F0CAFB00F0DAFAB7
:1089600000F038FB07F022FFFFF760FA00F0F0F8A4
:10897000FFF780FA00BFFDE780B594B000AF07F1C4
:10898000200330220021184613F073FA07F10C037C
:1089900000221A605A609A60DA601A610023BB6094
:1089A000284B1B6C274A43F080531364254B1B6CE8
:1089B00003F08053BB60BB6800237B60224B1B68C5
:1089C000214A43F4804313601F4B1B6803F4804328
:1089D0007B607B6801233B624FF480337B62022320
:1089E000BB634FF48003FB6306233B64A8237B64D3
:1089F0000223BB640423FB6407F120031846FAF743
:108A00004FF90346002B01D000F03CF80F23FB6028
:108A100002233B6100237B614FF4A053BB614FF401
:108A20008053FB6107F10C0305211846FAF7B0FBF0
:108A30000346002B01D000F025F800BF5037BD469B
:108A400080BD00BF003802400070004080B582B099
:108A500000AF78607B681B68084A934202D1FBF73D
:108A600055FC06E07B681B68054A934201D10EF075
:108A700091FD00BF0837BD4680BD00BF001000401B
:108A80000014004080B400AF72B600BF00BFFDE725
:108A900080B487B000AF00237B612C4B1B6B2B4A4B
:108AA00043F002031363294B1B6B03F002037B614A
:108AB0007B6900233B61254B1B6B244A43F0400339
:108AC0001363224B1B6B03F040033B613B690023A4
:108AD000FB601E4B1B6B1D4A43F0010313631B4BD2
:108AE0001B6B03F00103FB60FB680023BB60174BAB
:108AF0001B6B164A43F008031363144B1B6B03F004
:108B00000803BB60BB6800237B60104B1B6B0F4AE4
:108B100043F0040313630D4B1B6B03F004037B60F2
:108B20007B6800233B60094B1B6B084A43F08003C2
:108B30001363064B1B6B03F080033B603B6800BF75
:108B40001C37BD465DF8047B704700BF003802400B
:108B500080B500AF184A00211848FFF7C6F9034650
:108B6000174A1360174A00211748FFF7BEF903465A
:108B7000164A1360164A00211648FFF7B6F9034655
:108B8000154A1360154A00211548FFF7AEF9034650
:108B9000144A1360144A00211448FFF7A6F903464B
:108BA000134A1360134A00211348FFF79EF9034646
:108BB000124A136000BF80BD9CC90108018C0008E7
:108BC000204A0020C0C9010831380108244A002089
:108BD000E4C90108396C0108284A002008CA0108C4
:108BE00095A401082C4A00202CCA0108518F0108C5
:108BF000304A002050CA0108A9750108344A0020F3
:108C000080B582B000AF78600120FFF700FAFBE783
:108C100080B500AF174B184A1A60164B06225A60EF
:108C2000144B00229A60134B0022DA60114B4FF470
:108C300040321A610F4B4FF480125A610D4B0022E3
:108C40001A760C4B00225A760A4B00229A76094B70
:108C50000022DA76074B00221A77064B00225A7759
:108C60000448F9F7ADF80346002B01D0FFF70AFFDF
:108C700000BF80BD384A00200064004080B500AFCE
:108C8000174B184A1A60164B06225A60144B0022E2
:108C90009A60134B0022DA60114B4FF440321A6194
:108CA0000F4B4FF480125A610D4B00221A760C4B79
:108CB00000225A760A4B00229A76094B0022DA7675
:108CC000074B00221A77064B00225A770448F9F71F
:108CD00077F80346002B01D0FFF7D4FE00BF80BD1C
:108CE000604A00200068004080B58CB000AF78601A
:108CF00007F11C0300221A605A609A60DA601A6158
:108D00007B681B68524A934245D1524B1B68013322
:108D1000504A13604F4B1B68012B0DD10023BB61E0
:108D20004D4B1B6C4C4A43F0007313644A4B1B6C55
:108D300003F00073BB61BB6900237B61464B1B6B77
:108D4000454A43F008031363434B1B6B03F00803CE
:108D50007B617B690323FB6102233B6200237B620F
:108D60000323BB620923FB6207F11C0319463B483E
:108D7000FAF71EFC002200211420FBF77BFA1420D6
:108D8000FBF794FA002205211520FBF773FA152052
:108D9000FBF78CFA57E07B681B68314A934252D14B
:108DA00000233B612C4B1B6C2B4A43F08063136404
:108DB000294B1B6C03F080633B613B69254B1B68AF
:108DC0000133244A1360234B1B68012B0DD1002370
:108DD000FB60214B1B6C204A43F0007313641E4B55
:108DE0001B6C03F00073FB60FB680023BB601A4B35
:108DF0001B6B194A43F002031363174B1B6B03F001
:108E00000203BB60BB686023FB6102233B6200235B
:108E10007B620323BB620923FB6207F11C03194633
:108E20001048FAF7C5FB002205214020FBF722FA83
:108E30004020FBF73BFA002205214120FBF71AFAFC
:108E40004120FBF733FA00BF3037BD4680BD00BF7D
:108E500000640040884A002000380240000C0240B4
:108E6000006800400004024080B582B000AF0023DB
:108E70007B60274B1B6B264A43F480031363244B10
:108E80001B6B03F480037B607B6800233B60204BFB
:108E90001B6B1F4A43F4001313631D4B1B6B03F43E
:108EA00000133B603B68002205210C20FBF7E2F930
:108EB0000C20FBF7FBF9002205210E20FBF7DAF965
:108EC0000E20FBF7F3F9002205213920FBF7D2F938
:108ED0003920FBF7EBF9002205213A20FBF7CAF90C
:108EE0003A20FBF7E3F9002205214520FBF7C2F900
:108EF0004520FBF7DBF9002205214620FBF7BAF9F4
:108F00004620FBF7D3F900BF0837BD4680BD00BF40
:108F10000038024080B58EB000AF07F12803002270
:108F20001A605A609A60DA6007F1200300221A6022
:108F30005A603B1D00221A605A609A60DA601A611A
:108F40005A619A61214B224A1A60204BA7225A602B
:108F50001E4B00229A601D4B4FF6FF72DA601B4BCE
:108F600000221A61194B00229A611848F7F7C8FFCE
:108F70000346002B01D0FFF785FD00233B62002351
:108F80007B6207F1200319461048F8F789FE034673
:108F9000002B01D0FFF776FD60237B600023BB60D0
:108FA0000023FB6000237B613B1D08221946074814
:108FB000F8F7AEF90346002B01D0FFF763FD034835
:108FC00000F02CF900BF3837BD4680BD8C4A002028
:108FD0000008004080B58EB000AF07F128030022E2
:108FE0001A605A609A60DA6007F1200300221A6062
:108FF0005A603B1D00221A605A609A60DA601A615A
:109000005A619A61384B394A1A60374B00225A60CC
:10901000354B00229A60344B4FF6FF72DA60324BC8
:1090200000221A61304B00229A612F48F7F740FE68
:109030000346002B01D0FFF725FD4FF48053BB62A0
:1090400007F1280319462848F8F724FA0346002BAD
:1090500001D0FFF717FD2448F7F752FF0346002B16
:1090600001D0FFF70FFD00233B6200237B6207F175
:10907000200319461C48F8F713FE0346002B01D0C5
:10908000FFF700FD60237B6042F21073BB6000239A
:10909000FB6000237B613B1D002219461248F8F754
:1090A00037F90346002B01D0FFF7ECFC3B1D0422EF
:1090B00019460D48F8F72CF90346002B01D0FFF7AD
:1090C000E1FC3B1D082219460748F8F721F9034641
:1090D000002B01D0FFF7D6FC034800F09FF800BF3B
:1090E0003837BD4680BD00BFD44A0020000C004088
:1090F00080B582B000AF3B4600221A605A60154B23
:10910000154A1A60134B53225A60124B00229A6080
:10911000104B40F2E732DA600E4B80229A610D4824
:10912000F7F7C6FD0346002B01D0FFF7ABFC002389
:109130003B6000237B603B4619460648F8F7B0FDCC
:109140000346002B01D0FFF79DFC00BF0837BD464A
:1091500080BD00BF1C4B00200014004080B485B0CF
:1091600000AF78607B681B680B4A93420DD10023E7
:10917000FB600A4B1B6C094A43F004031364074B62
:109180001B6C03F00403FB60FB6800BF1437BD4693
:109190005DF8047B704700BF0008004000380240C3
:1091A00080B584B000AF78607B681B68184A934232
:1091B0000ED10023FB60174B1B6C164A43F00803CB
:1091C0001364144B1B6C03F00803FB60FB681AE08C
:1091D0007B681B68104A934215D10023BB600D4B7E
:1091E0001B6C0C4A43F0200313640A4B1B6C03F006
:1091F0002003BB60BB68002201213720FBF73AF84F
:109200003720FBF753F800BF1037BD4680BD00BFC5
:10921000000C0040003802400014004080B58AB0C5
:1092200000AF786007F1140300221A605A609A6058
:10923000DA601A617B681B68254A93421FD10023BC
:109240003B61244B1B6B234A43F008031363214B00
:109250001B6B03F008033B613B694FF480437B6168
:109260000223BB610123FB6103233B6202237B6278
:1092700007F1140319461848FAF79AF923E07B68B6
:109280001B68164A93421ED10023FB60114B1B6BD7
:10929000104A43F0800313630E4B1B6B03F08003F3
:1092A000FB60FB684FF4E0537B610223BB6100234A
:1092B000FB6100233B6202237B6207F11403194622
:1092C0000748FAF775F900BF2837BD4680BD00BFD3
:1092D0000008004000380240000C0240000C004032
:1092E000001C024080B500AF114B124A1A60104BAF
:1092F0004FF4E1325A600E4B00229A600C4B002270
:10930000DA600B4B00221A61094B0C225A61084BA0
:1093100000229A61064B0022DA610548FBF716F835
:109320000346002B01D0FFF7ADFB00BF80BD00BF9F
:10933000644B00200010014080B500AF114B124A71
:109340001A60104B114A5A600E4B4FF480529A60CB
:109350000C4B0022DA600B4B4FF480621A61094B10
:109360000C225A61074B00229A61064B0022DA61F7
:109370000448FAF7EBFF0346002B01D0FFF782FB0E
:1093800000BF80BDAC4B002000480040A08601001B
:1093900080B500AF114B124A1A60104B4FF4E13206
:1093A0005A600E4B00229A600C4B0022DA600B4B85
:1093B00000221A61094B0C225A61084B00229A6163
:1093C000064B0022DA610548FAF7C0FF0346002B7E
:1093D00001D0FFF757FB00BF80BD00BFF44B00205A
:1093E0000014014080B58EB000AF786007F124030F
:1093F00000221A605A609A60DA601A617B681B6802
:10940000594A934240F0C08000233B62574B5B6C4B
:10941000564A43F010035364544B5B6C03F0100343
:109420003B623B6A0023FB61504B1B6B4F4A43F08E
:10943000020313634D4B1B6B03F00203FB61FB69DB
:109440000023BB61494B1B6B484A43F00103136384
:10945000464B1B6B03F00103BB61BB6980237B623E
:109460000223BB620023FB6203233B6307237B636E
:1094700007F1240319463E48FAF79AF84FF40073AF
:109480007B620223BB620023FB6203233B6307234F
:109490007B6307F1240319463648FAF789F8364BFF
:1094A000364A1A60344B4FF000625A60324B402209
:1094B0009A60314B0022DA602F4B4FF480621A61C0
:1094C0002D4B00225A612C4B00229A612A4B00221C
:1094D000DA61294B00221A62274B00225A62264881
:1094E000FAF702FA0346002B01D0FFF7CBFA7B68AC
:1094F000214A9A63204A7B689363214B214A1A6070
:109500001F4B4FF000625A601D4B00229A601C4BAB
:109510000022DA601A4B4FF480621A61184B002265
:109520005A61174B00229A61154B0022DA61144BE5
:1095300000221A62124B00225A621148FAF7D4F93B
:109540000346002B01D0FFF79DFA7B680C4ADA63D3
:109550000B4A7B689363002205212520FAF78AFED7
:109560002520FAF7A3FE3EE100100140003802403A
:1095700000040240000002403C4C0020B86402405D
:109580009C4C0020406402407B681B68984A9342D0
:1095900040F0928000237B61964B1B6C954A43F40C
:1095A00080231364934B1B6C03F480237B617B69E2
:1095B00000233B618F4B1B6B8E4A43F00403136304
:1095C0008C4B1B6B03F004033B613B694FF440631E
:1095D0007B620223BB620023FB6203233B630723FE
:1095E0007B6307F1240319468348F9F7E1FF834BB6
:1095F000834A1A60814B4FF000625A607F4B002211
:109600009A607E4B0022DA607C4B4FF480621A61D4
:109610007A4B00225A61794B00229A61774B0022E3
:10962000DA61764B00221A62744B00225A62734848
:10963000FAF75AF90346002B01D0FFF723FA7B68AB
:109640006E4ADA636D4A7B6893636E4B6E4A1A60AA
:109650006C4B4FF000625A606A4B40229A60694B33
:109660000022DA60674B4FF480621A61654B00227A
:109670005A61644B00229A61624B0022DA61614BAD
:1096800000221A625F4B00225A625E48FAF72CF9F8
:109690000346002B01D0FFF7F5F97B68594A9A631E
:1096A000584A7B689363002204212720FAF7E2FDE1
:1096B0002720FAF7FBFD96E07B681B68534A93422C
:1096C00040F091800023FB604A4B5B6C494A43F0B9
:1096D00020035364474B5B6C03F02003FB60FB6883
:1096E0000023BB60434B1B6B424A43F040031363B0
:1096F000404B1B6B03F04003BB60BB684FF48443DB
:109700007B620223BB620023FB6203233B630823CB
:109710007B6307F1240319463D48F9F749FF3D4BA8
:109720003D4A1A603B4B4FF020625A60394B402251
:109730009A60384B0022DA60364B4FF480621A612F
:10974000344B00225A61334B00229A61314B002284
:10975000DA61304B00221A622E4B00225A622D48E9
:10976000FAF7C2F80346002B01D0FFF78BF97B68AC
:10977000284A9A63274A7B689363284B284A1A60D1
:10978000264B4FF020625A60244B00229A60234BF4
:109790000022DA60214B4FF480621A611F4B0022D5
:1097A0005A611E4B00229A611C4B0022DA611B4B4E
:1097B00000221A62194B00225A621848FAF794F8EC
:1097C0000346002B01D0FFF75DF97B68134ADA638B
:1097D000124A7B689363002204214720FAF74AFD6E
:1097E0004720FAF763FD00BF3837BD4680BD00BF94
:1097F000004800400038024000080240FC4C0020B5
:10980000286002405C4D0020586002400014014076
:1098100000180240BC4D0020A06402401C4E0020F5
:109820002864024080B400AF00BFFDE780B400AF01
:1098300000BFFDE780B400AF00BFFDE780B400AF1C
:1098400000BFFDE780B400AF00BFFDE780B400AF0C
:1098500000BFBD465DF8047B7047000080B500AFD7
:109860000248FAF7D9F900BF80BD00BFFC4C0020C8
:1098700080B500AF0248FAF7CFF900BF80BD00BF46
:109880005C4D002080B500AF0248F8F7E1FF00BF53
:1098900080BD00BF384A002080B500AF0248F8F70D
:1098A000D7FF00BF80BD00BF384A002080B500AFA1
:1098B0000248FBF7B7F800BF80BD00BF644B002033
:1098C00080B500AF0248FBF7ADF800BF80BD00BF18
:1098D000AC4B002080B500AF0248F7F729FC00BF71
:1098E00080BD00BF7C4E002080B500AF0248F7F776
:1098F0001FFC00BF80BD00BF1C4B002080B500AF27
:109900000248FAF789F900BF80BD00BF1C4E002055
:1099100080B500AF0248FAF77FF900BF80BD00BFF5
:109920009C4C002080B500AF0248F8F791FF00BFC3
:1099300080BD00BF604A002080B500AF0248F8F744
:1099400087FF00BF80BD00BF604A002080B500AF28
:109950000248FAF761F900BF80BD00BFBC4D00208E
:1099600080B500AF0248FAF757F900BF80BD00BFCD
:109970003C4C002080B500AF0248FBF753F800BF15
:1099800080BD00BFF44B002080B582B000AF002343
:109990007B60124B5B6C114A43F4804353640F4B62
:1099A0005B6C03F480437B607B6800233B600B4B64
:1099B0001B6C0A4A43F080531364084B1B6C03F082
:1099C00080533B603B6800220F216FF00100FAF7E3
:1099D00051FC00BF0837BD4680BD00BF00380240C3
:1099E00080B58EB000AF78600023FB620023BB62BD
:1099F0000023FB60334B1B6C324A43F010031364AB
:109A0000304B1B6C03F01003FB60FB6807F1100286
:109A100007F1140311461846F9F798FD3B6AFB62FB
:109A2000FB6A002B03D1F9F769FD786304E0F9F7CD
:109A300065FD03465B007B637B6B234AA2FB03232C
:109A40009B0C013BBB62214B214A1A601F4B40F229
:109A5000E732DA601D4ABB6A53601C4B00221A6170
:109A60001A4B00229A60194B00229A611748F7F7A7
:109A70001FF9034687F8333097F83330002B1BD19A
:109A80001248F7F7CDF9034687F8333097F83330AB
:109A9000002B11D13620FAF709FC7B680F2B08D870
:109AA000002279683620FAF7E5FB0A4A7B681360E2
:109AB00002E0012387F8333097F8333018463837FF
:109AC000BD4680BD0038024083DE1B437C4E002033
:109AD000001000400400002080B586B000AF786020
:109AE000144A154BD31A7B617B693B61134B1B688E
:109AF000002B02D1114B124A1A60104B1A687B6876
:109B000013443A699A4207D212F010FA03460C2223
:109B10001A604FF0FF3309E0084B1B68FB60074BEE
:109B20001A687B681344054A1360FB6818461837A7
:109B3000BD4680BD0000022000040000C44E00208D
:109B4000F07F002080B400AF01231846BD465DF8C9
:109B5000047B704780B582B000AF7860396012F046
:109B6000E5F9034616221A604FF0FF33184608370E
:109B7000BD4680BD80B582B000AF78604FF0FF3148
:109B80007868FFF7E7FF00BFFDE70000DFF834D09B
:109B9000F7F77CF80C480D490D4A002302E0D45831
:109BA000C4500433C4188C42F9D30A4A0A4C002327
:109BB00001E013600432A242FBD312F0BDF9FEF7BC
:109BC000B5FE70470000022000000020B000002019
:109BD0006CD50108B0000020EC7F0020FEE780B4C7
:109BE00083B000AF78607B681B7C18460C37BD469D
:109BF0005DF8047B704780B483B000AF78607B6809
:109C0000DB7E18460C37BD465DF8047B704780B498
:109C100083B000AF78607B681B7F18460C37BD4669
:109C20005DF8047B704780B483B000AF78607B68D8
:109C30009B7E18460C37BD465DF8047B70470000DC
:109C400080B483B000AF7860044A7B681A607B6898
:109C500018460C37BD465DF8047B704790CA010872
:109C600080B582B000AF78607868FFF7E9FF08211F
:109C7000786810F039FD7B6818460837BD4680BD0E
:109C800080B483B000AF78600B467B8013463B8086
:109C900000BF0C37BD465DF8047B704780B483B0CD
:109CA00000AF7860044B1B680022DA6300BF0C37FA
:109CB000BD465DF8047B70478C4A002080B588B0B3
:109CC00000AF78607B685B683B613869FFF787FFAE
:109CD00003461A467B689A613869FFF798FF034686
:109CE000002B05D07B689B7A002B01D1012300E07B
:109CF0000023002B05D0786800F0BAF87B680122B9
:109D00009A723869FFF78FFF0346FB73FB7B002BCA
:109D100009D04D4B1B7883F00103DBB2002B02D03E
:109D2000786800F097F8484AFB7B1370FB7B002BA8
:109D300077D0FEF7C5F8B8600023FB610023BB6154
:109D400010E03A69BB69134412331B7883F00103B6
:109D5000DBB2002B03D0BB690133FB6105E0BB69BB
:109D60000133BB61BB69032BEBDDFB69002B16D113
:109D700000237B6110E03A697B69134416331B783A
:109D800083F00103DBB2002B03D07B690133FB615D
:109D900005E07B6901337B617B69032BEBDDFB69AC
:109DA000002B17DD7B681B7A83F00103DBB2002BED
:109DB00010D0264B1B68BA68D31AB3F5FA6F09D9CD
:109DC000FB69DBB21946786800F08AF81F4ABB6865
:109DD000136021E03869FFF70EFF034683F00103AB
:109DE000DBB2002B0FD07B681B7A83F00103DBB260
:109DF000002B08D0164B1B68BA68D31AB3F5FA6F5C
:109E000001D9012300E00023002B05D0786800F081
:109E100095F80F4ABB6813600A20FEF7F8F8012393
:109E20000DE07B681B7A83F00103DBB2002B02D0CC
:109E3000786800F060F90A20FEF7E9F80023184678
:109E40002037BD4680BD00BF10000020C84E002056
:109E5000CC4E002080B582B000AF78607868FFF704
:109E60001DFF7B6800221A7200BF0837BD4680BD07
:109E700080B582B000AF78607868FFF7EBFF7B6851
:109E800001221A7242F2107201217868FFF7F8FE7F
:109E90004FF4AF70FEF7BBF87868FFF7FFFE642061
:109EA000FEF7B5F842F2107206217868FFF7E8FE77
:109EB000FA20FEF7ACF842F2107201217868FFF741
:109EC000DFFE4FF4FA70FEF7A2F87868FFF7E6FEBF
:109ED0007B6800221A7200BF0837BD4680BD0000B3
:109EE00080B582B000AF78600B46FB70FB78013B19
:109EF000032B1AD801A252F823F000BF0D9F0008CF
:109F0000159F00081D9F0008259F0008786800F035
:109F100015F80EE0786800F032F80AE0786800F092
:109F20005EF806E0786800F099F87868FFF7B6FE0A
:109F300000BF00BF0837BD4680BD00BF80B582B0FE
:109F400000AF78607868FFF785FF7B6801221A729E
:109F500042F2107201217868FFF792FE9620FEF718
:109F600056F87868FFF79AFE40F25230FEF74FF845
:109F70007B6800221A7200BF0837BD4680BD80B5DD
:109F800082B000AF78607868FFF764FF7B680122D9
:109F90001A7242F2107201217868FFF771FE962062
:109FA000FEF735F87868FFF779FEC820FEF72FF83E
:109FB00042F2107201217868FFF762FE9620FEF7E8
:109FC00026F87868FFF76AFE4FF4FA70FEF71FF87C
:109FD0007B6800221A7200BF0837BD4680BD80B57D
:109FE00082B000AF78607868FFF734FF7B680122A9
:109FF0001A7242F2107201217868FFF741FE962032
:10A00000FEF705F87868FFF749FE9620FDF7FFFF99
:10A0100042F2107201217868FFF732FE9620FDF7B8
:10A02000F6FF7868FFF73AFE9620FDF7F0FF42F260
:10A03000107201217868FFF723FE9620FDF7E7FFF5
:10A040007868FFF72BFE4FF4C870FDF7E0FF7B68E0
:10A0500000221A7200BF0837BD4680BD80B582B0AD
:10A0600000AF78607868FFF7F5FE7B6801221A720E
:10A0700042F2107201217868FFF702FE9620FDF788
:10A08000C6FF7868FFF70AFE9620FDF7C0FF42F290
:10A09000107201217868FFF7F3FD9620FDF7B7FFF6
:10A0A0007868FFF7FBFD9620FDF7B1FF42F21072D2
:10A0B00001217868FFF7E4FD9620FDF7A8FF786896
:10A0C000FFF7ECFD9620FDF7A2FF42F2107201218E
:10A0D0007868FFF7D5FD9620FDF799FF7868FFF7C0
:10A0E000DDFDFA20FDF793FF7B6800221A7200BFA6
:10A0F0000837BD4680BD80B582B000AF7860786813
:10A10000FFF7A8FE7B6801221A7242F21072012149
:10A110007868FFF7B5FD4FF44870FDF778FF7B686E
:10A1200000221A7200BF0837BD4680BD80B582B0DC
:10A1300000AF7860054A7B681A607B681846FFF7B5
:10A140007FFD7B6818460837BD4680BD7CCA010884
:10A1500080B582B000AF78607868FFF7E7FF302104
:10A16000786810F0C1FA7B6818460837BD4680BD94
:10A1700080B485B000AF78600023FB600EE07A68A1
:10A18000FB68134412331B7883F00103DBB2002B0E
:10A1900001D0012306E0FB680133FB60FB68032B61
:10A1A000EDDD002318461437BD465DF8047B70478B
:10A1B00080B485B000AF78600023FB600EE07A6861
:10A1C000FB68134416331B7883F00103DBB2002BCA
:10A1D00001D0012306E0FB680133FB60FB68032B21
:10A1E000EDDD002318461437BD465DF8047B70474B
:10A1F00080B584B000AF78607B685B68FB60F8680E
:10A20000FFF7B6FF0346002B08D07B6800221A74C4
:10A210002049786800F024F9002336E0F868FFF759
:10A22000C7FF0346002B08D07B6800221A741A4926
:10A23000786800F015F9002327E0F868FFF7F3FCD1
:10A24000034683F00103DBB2002B08D07B680022B9
:10A250001A741249786800F003F9002315E0F868D1
:10A26000FFF7C9FC034683F00103DBB2002B08D0E3
:10A270007B6800221A740A49786800F0F1F800231C
:10A2800003E0786800F038F9012318461037BD461E
:10A2900080BD00BF0000FFFFFF0000FFCBC0FFFF3D
:10A2A00000A5FFFF80B483B000AF78600B467B80D1
:10A2B0007B88022B01D900237B807A887B680E3251
:10A2C00053F822301B0E07EE903AF8EE677A7B685F
:10A2D000C3ED097A7A887B680E3253F822301B0C62
:10A2E000DBB207EE903AF8EE677A7B68C3ED0A7A44
:10A2F0007A887B680E3253F822301B0ADBB207EEF5
:10A30000903AF8EE677A7B68C3ED0B7A7A887B68BF
:10A310000E3253F82230DBB207EE903AF8EE677A4D
:10A320007B68C3ED0C7A7B885A1C7B680E3253F82D
:10A3300022301B0E07EE903AB8EE677A7A887B6877
:10A340000E3253F822301B0E07EE903AF8EE677A81
:10A3500077EE677A7B68C3ED057A7B885A1C7B6849
:10A360000E3253F822301B0CDBB207EE903AB8EEF7
:10A37000677A7A887B680E3253F822301B0CDBB286
:10A3800007EE903AF8EE677A77EE677A7B68C3ED6E
:10A39000067A7B885A1C7B680E3253F822301B0ADF
:10A3A000DBB207EE903AB8EE677A7A887B680E32B5
:10A3B00053F822301B0ADBB207EE903AF8EE677AC8
:10A3C00077EE677A7B68C3ED077A7B885A1C7B68D7
:10A3D0000E3253F82230DBB207EE903AB8EE677ACD
:10A3E0007A887B680E3253F82230DBB207EE903A5F
:10A3F000F8EE677A77EE677A7B68C3ED087A7B6858
:10A4000093ED057ADFED156AC7EE267A7B68C3ED1A
:10A41000057A7B6893ED067ADFED106AC7EE267A3F
:10A420007B68C3ED067A7B6893ED077ADFED0B6AF4
:10A43000C7EE267A7B68C3ED077A7B6893ED087ACE
:10A44000DFED066AC7EE267A7B68C3ED087A00BFA7
:10A450000C37BD465DF8047B704700BF0000C84262
:10A4600080B483B000AF786039603B681B0EDAB20D
:10A470001C4B1A703B681B0C9BB2DBB29BB2194A97
:10A48000127813FB02F39AB2174B1A803B681B0A2F
:10A490009BB2DBB29BB2134A127813FB02F39AB25F
:10A4A000124B1A803B689BB2DBB29BB20D4A12780A
:10A4B00013FB02F39AB20E4B1A800D4B1A880D4B08
:10A4C0001B685A63094B1A880A4B1B689A63064B30
:10A4D0001A88084B1B68DA6300BF0C37BD465DF86D
:10A4E000047B7047D04E0020D24E0020D44E002076
:10A4F000D64E0020D44A002080B582B000AF7860EC
:10A500007B681B7C83F00103DBB2002B0ED07B68E1
:10A5100000229A817B680022DA817B689B89194638
:10A520007868FFF7BFFE7B6801221A747B6893EDA1
:10A53000097A7B68D3ED057A77EE277A7B68C3EDDD
:10A54000097A7B6893ED0A7A7B68D3ED067A77EE19
:10A55000277A7B68C3ED0A7A7B6893ED0B7A7B6878
:10A56000D3ED077A77EE277A7B68C3ED0B7A7B68A9
:10A5700093ED0C7A7B68D3ED087A77EE277A7B68C7
:10A58000C3ED0C7A7B68D3ED097AFCEEE77A17EE1F
:10A59000903A1A067B68D3ED0A7AFCEEE77A17EE5A
:10A5A000903A1B041A437B68D3ED0B7AFCEEE77AF2
:10A5B00017EE903A1B0213437A68D2ED0C7AFCEE48
:10A5C000E77A17EE902A1A437B685A637B685B6BC5
:10A5D00019467868FFF744FF7B68DB8901339AB23C
:10A5E0007B68DA817B68DB89632B15D97B68002265
:10A5F000DA817B689B8901339AB27B689A817B6898
:10A600009B89022B02D97B6800229A817B689B89F7
:10A6100019467868FFF746FE00BF0837BD4680BD83
:10A6200080B582B000AF7860054A7B681A607B68AD
:10A630001846FFF705FB7B6818460837BD4680BD06
:10A64000A4CA010880B582B000AF78607868FFF7CF
:10A65000E7FF4821786810F047F87B68184608370C
:10A66000BD4680BD80B483B000AF78607B681B6955
:10A6700018460C37BD465DF8047B704780B485B042
:10A6800000AFF860B9601346FB7100BF1437BD46D8
:10A690005DF8047B704780B586B000AFF8607B60E2
:10A6A0000B467B8113467B727B7A1A46396AF868BF
:10A6B000FFF7E4FFFB687A681A60FB687A899A8082
:10A6C0000023FB7513E0FB7D3A6A13441B781A469E
:10A6D0007B89134498B2FB681A68FB7D2C2101FB2F
:10A6E00003F3134402B21A80FB7D0133FB75FA7D3C
:10A6F0007B7A9A42E7D3FB687A7A9A71FB681846AC
:10A700001837BD4680BD80B483B000AF7860396033
:10A710007B683A685A607B6800229A607B680022F6
:10A72000DA607B6801221A617B6818460C37BD46E7
:10A730005DF8047B7047000080B483B000AF7860A0
:10A74000044A7B68536000BF0C37BD465DF8047B4C
:10A75000704700BF1400002080B483B000AF786061
:10A76000044A7B68136000BF0C37BD465DF8047B6C
:10A77000704700BF1400002080B483B000AF786041
:10A78000044A7B68936000BF0C37BD465DF8047BCC
:10A79000704700BF1400002080B483B000AF786021
:10A7A000044A7B68D36000BF0C37BD465DF8047B6C
:10A7B000704700BF1400002080B400AF094B012295
:10A7C000DA60084BDB68074A9360064B9B68054AD2
:10A7D0001360044B1B68034A536000BFBD465DF81D
:10A7E000047B70471400002080B483B000AF0023C6
:10A7F000FB80344B1B78632B2CD8324B1B78013BEE
:10A80000052B27D801A252F823F000BF25A8000885
:10A810002DA8000835A800083DA8000845A8000894
:10A820004DA8000840F20113FB8013E04FF4817340
:10A83000FB800FE040F20313FB800BE04FF48273C8
:10A84000FB8007E040F20513FB8003E04FF48373C5
:10A85000FB8000BF1B4B1B78642B2BD9194B1B783B
:10A86000653B052B26D801A252F823F085A80008E5
:10A870008DA8000895A800089DA80008A5A80008B4
:10A88000ADA8000840F26513FB8013E04FF4B373EA
:10A89000FB800FE040F26713FB800BE04FF4B473D2
:10A8A000FB8007E040F26913FB8003E04FF4B573CF
:10A8B000FB8000BFFB8818460C37BD465DF8047B63
:10A8C000704700BF644F002090B484B000AFF860C0
:10A8D000B9607A603B60FB681A46002313605360DE
:10A8E0009360C2F80B30FB68BA68118892781980BF
:10A8F0009A705A4BDB6803F00703D9B2FA68D37831
:10A9000061F30203D370FA68D37823F03803D3706D
:10A910007B6803F00F03DAB2FB6802F003018C01DD
:10A92000D97801F03F01084621460143D9709208C9
:10A93000D2B202F0030202F003001A7922F00302FD
:10A94000114602460A431A71444B5B6803F00F0339
:10A95000D9B2FA68137961F3850313713F4B1B6811
:10A96000C3F309039AB2FB68D1B200200143D97145
:10A97000120A92B202F0030202F003001A7A22F0E5
:10A980000302114602460A431A723B68C3F30A03E4
:10A990009AB2FB6802F03F018C00197A01F00301C2
:10A9A0000846214601431972920992B202F01F0231
:10A9B00002F01F005A7A22F01F02114602460A4393
:10A9C0005A72BB69C3F30A039AB2FB6802F007012B
:10A9D0004C01597A01F01F01084621460143597282
:10A9E000D20892B2D2B200210A439A72FB69C3F331
:10A9F0000A039AB2FB6802F03F018C00197B01F058
:10AA000003010846214601431973920992B202F0EC
:10AA10001F0202F01F005A7B22F01F02114602465D
:10AA20000A435A733B6AC3F30A039AB2FB6802F003
:10AA300007014C01597B01F01F01084621460143E3
:10AA40005973D20892B2D2B200210A439A7300BF5E
:10AA5000F8681037BD4690BC704700BF1400002056
:10AA600090B484B000AFF860B9607A603B60FB6876
:10AA70001A460023136053609360C2F80B30FB68E2
:10AA8000BA681188927819809A705A4BDB6803F083
:10AA90000703D9B2FA68D37861F30203D370FA6876
:10AAA000D378012161F3C503D3707B6803F00F03F2
:10AAB000DAB2FB6802F003018C01D97801F03F01A2
:10AAC000084621460143D9709208D2B202F003022F
:10AAD00002F003001A7922F00302114602460A43EB
:10AAE0001A71444B5B6803F00F03D9B2FA6813790B
:10AAF00061F3850313713F4B1B68C3F309039AB2DB
:10AB0000FB68D1B200200143D971120A92B202F05F
:10AB1000030202F003001A7A22F0030211460246F1
:10AB20000A431A723B68C3F30A039AB2FB6802F045
:10AB30003F018C00197A01F00301084621460143C8
:10AB40001972920992B202F01F0202F01F005A7AA3
:10AB500022F01F02114602460A435A72BB69C3F330
:10AB60000A039AB2FB6802F007014C01597A01F01E
:10AB70001F010846214601435972D20892B2D2B24F
:10AB800000210A439A72FB69C3F30A039AB2FB6875
:10AB900002F03F018C00197B01F0030108462146B9
:10ABA00001431973920992B202F01F0202F01F00D2
:10ABB0005A7B22F01F02114602460A435A733B6A2F
:10ABC000C3F30A039AB2FB6802F007014C01597BF8
:10ABD00001F01F010846214601435973D20892B281
:10ABE000D2B200210A439A7300BFF8681037BD46FD
:10ABF00090BC70471400002090B484B000AFF8609F
:10AC0000B9607A603B60FB681A46002313605360AA
:10AC10009360C2F80B30FB68BA681188927819808B
:10AC20009A704D4BDB6803F00703D9B2FA68D3780A
:10AC300061F30203D370FA68D378022161F3C5038C
:10AC4000D3707B6803F00F03DAB2FB6802F00301F4
:10AC50008C01D97801F03F01084621460143D970A3
:10AC60009208D2B202F0030202F003001A7922F035
:10AC70000302114602460A431A71374B5B6803F020
:10AC80000F03D9B2FA68137961F385031371324B5C
:10AC90001B68C3F309039AB2FB68D1B200200143D9
:10ACA000D971120A92B202F0030202F003001A7A7A
:10ACB00022F00302114602460A431A723B68C3F3AC
:10ACC0000A039AB2FB6802F03F018C00197A01F086
:10ACD00003010846214601431972920992B202F01B
:10ACE0001F0202F01F005A7A22F01F02114602468C
:10ACF0000A435A72BB69C3F30A039AB2FB6802F0B3
:10AD000007014C01597A01F01F0108462146014311
:10AD10005972D20892B2D2B200210A439A72FB69E8
:10AD2000C3F309039AB2FB68D1B200200143D97280
:10AD3000120A92B202F0030202F003001A7B22F020
:10AD40000302114602460A431A7300BFF86810371F
:10AD5000BD4690BC704700BF1400002090B484B082
:10AD600000AFF860B9607A603B60FB681A46002368
:10AD7000136053609360C2F80B30FB68BA681188A7
:10AD8000927819809A70734BDB6803F00703D9B28D
:10AD9000FA68D37861F30203D370FA68D378042198
:10ADA00061F3C503D3707B6803F00F03DAB2FB686D
:10ADB00002F003018C01D97801F03F0108462146D9
:10ADC0000143D9709208D2B202F0030202F00300EC
:10ADD0001A7922F00302114602460A431A715D4BAA
:10ADE0005B6803F00F03D9B2FA68137961F3850346
:10ADF0001371584B1B68C3F309039AB2FB68D1B2B5
:10AE000000200143D971120A92B202F0030202F04B
:10AE100003001A7A22F00302114602460A431A720C
:10AE20003B68C3F308039AB2FB6802F003018C018C
:10AE3000197901F03F010846214601431971920832
:10AE400092B202F07F0202F07F005A7922F07F0274
:10AE5000114602460A435A71BB69C3F308039AB20A
:10AE6000FB6802F00101CC01597901F07F0108462D
:10AE7000214601435971520892B2D2B200210A43CD
:10AE80009A71FB69C3F30A039AB2FB6802F03F01AF
:10AE90008C00197A01F0030108462146014319721A
:10AEA000920992B202F01F0202F01F005A7A22F0B9
:10AEB0001F02114602460A435A723B6AC3F30A0351
:10AEC0009AB2FB6802F007014C01597A01F01F01A8
:10AED0000846214601435972D20892B2D2B20021EB
:10AEE0000A439A727B6AC3F30A039AB2FB6802F0C0
:10AEF0003F018C00197B01F0030108462146014304
:10AF00001973920992B202F01F0202F01F005A7BDD
:10AF100022F01F02114602460A435A73BB6AC3F36A
:10AF20000A039AB2FB6802F007014C01597B01F059
:10AF30001F010846214601435973D20892B2D2B28A
:10AF400000210A439A7300BFF8681037BD4690BCD1
:10AF5000704700BF1400002090B484B000AFF860C8
:10AF6000B9607A603B60FB681A4600231360536047
:10AF70009360C2F80B30FB68BA6811889278198028
:10AF80009A708B4BDB6803F00703D9B2FA68D37869
:10AF900061F30203D370FA68D378062161F3C50325
:10AFA000D3707B6803F00F03DAB2FB6802F0030191
:10AFB0008C01D97801F03F01084621460143D97040
:10AFC0009208D2B202F0030202F003001A7922F0D2
:10AFD0000302114602460A431A71754B5B6803F07F
:10AFE0000F03D9B2FA68137961F385031371704BBB
:10AFF0001B68C3F309039AB2FB68D1B20020014376
:10B00000D971120A92B202F0030202F003001A7A16
:10B0100022F00302114602460A431A72644B9B68EF
:10B02000C3F308039AB2FB6802F003018C0119799B
:10B0300001F03F010846214601431971920892B27E
:10B0400002F07F0202F07F005A7922F07F0211465F
:10B0500002460A435A71BB69C3F30A039AB2FB68FA
:10B0600002F03F018C00197A01F0030108462146E5
:10B0700001431972920992B202F01F0202F01F00FE
:10B080005A7A22F01F02114602460A435A72FB699D
:10B09000C3F30A039AB2FB6802F007014C01597A24
:10B0A00001F01F010846214601435972D20892B2AD
:10B0B000D2B200210A439A72FB68DA7A1B7B03F052
:10B0C00003031B0213439BB21AB23B681BB2C3F3C8
:10B0D00009031BB213431BB2C3F309039AB2FB6803
:10B0E000D1B200200143D972120A92B202F00302D7
:10B0F00002F003001A7B22F00302114602460A43C3
:10B100001A73FB681A7B9208D2B25B7B03F01F03B1
:10B110009B0113439BB21AB23B689B121BB2C3F351
:10B120000A031BB213431BB2C3F30A039AB2FB68B0
:10B1300002F03F018C00197B01F003010846214613
:10B1400001431973920992B202F01F0202F01F002C
:10B150005A7B22F01F02114602460A435A73FB68CB
:10B160005A7B5209D2B29B7BDB0013439BB21AB2CB
:10B170003B685B0D1BB213431BB2C3F30A039AB2C5
:10B18000FB6802F007014C01597B01F01F010846E2
:10B19000214601435973D20892B2D2B200210A4328
:10B1A0009A7300BFF8681037BD4690BC704700BF67
:10B1B0001400002090B585B000AFF860B9607A60E7
:10B1C0003B60FB6818462D231A46002110F051FE03
:10B1D000FB68BA681188927819809A70624BDB68B4
:10B1E00003F00703D9B2FA68D37861F30203D3708E
:10B1F000FA68D37843F03803D3707B6803F00F0309
:10B20000DAB2FB6802F003018C01D97801F03F014A
:10B21000084621460143D9709208D2B202F00302D7
:10B2200002F003001A7922F00302114602460A4393
:10B230001A714D4B5B6803F00F03D9B2FA681379AA
:10B2400061F385031371484B1B68C3F309039AB27A
:10B25000FB68D1B200200143D971120A92B202F008
:10B26000030202F003001A7A22F00302114602469A
:10B270000A431A723C4B9B68C3F308039AB2FB68FB
:10B2800002F003018C01197901F03F0108462146C3
:10B2900001431971920892B202F07F0202F07F001E
:10B2A0005A7922F07F02114602460A435A713868E1
:10B2B000F5F74EFC0346C3F308039AB2FB6802F0AD
:10B2C0000101CC01597901F07F0108462146014373
:10B2D0005971520892B2D2B200210A439A713B6A64
:10B2E000C3F30A039AB2FB6802F03F018C00197A9B
:10B2F00001F003010846214601431972920992B2F6
:10B3000002F01F0202F01F005A7A22F01F021146BB
:10B3100002460A435A727B6AC3F30A039AB2FB6875
:10B3200002F007014C01597A01F01F01084621463D
:10B3300001435972D20892B2D2B200210A439A72E2
:10B34000FB685A79D209D2B29B795B0013439BB256
:10B350001A46FB680F333968184610F013FE00BF19
:10B36000F8681437BD4690BD1400002080B5A4B025
:10B3700000AF03460A46FB711346BB7107F1100389
:10B3800078220021184610F074FD07F1080300220E
:10B390001A609A804FF480733B81364B1B787B8117
:10B3A000FFF722FA03469BB2BB81A5233B7400231F
:10B3B00043F008037B740023BB742F4B1B785A1C8B
:10B3C000D1B22D4A1170FB74002343F001037B7549
:10B3D000002343F00303BB7580220021274810F0AF
:10B3E00048FD0023C7F88C3007F1170307F1080266
:10B3F0001068186092889A80D7F88C300633C7F8A6
:10B400008C30D7F88C3007F1100207321344FA79E8
:10B410001A70D7F88C300133C7F88C30D7F88C30DD
:10B4200007F1100207321344BA791A70B7F81130D5
:10B430009BB20933A7F88A30B7F88A2007F11003C6
:10B4400019460E4810F09EFD05210C4800F01FFB28
:10B45000B7F88A301946094800F0A2FBB7F88A30DD
:10B460001A4606490648F9F7E3F800BF9037BD468B
:10B4700080BD00BF644F00201C5000209C4F002066
:10B48000F44B002080B5A6B000AF7860396007F1BA
:10B49000140378220021184610F0EBFC07F10C038E
:10B4A00000221A609A803B68013B062B20D801A23B
:10B4B00052F823F0D1B40008D9B40008F1B4000860
:10B4C000F1B40008E1B40008F1B40008E9B40008E0
:10B4D00040F20113BB810BE04FF48173BB8107E0A5
:10B4E00040F20313BB8103E04FF48273BB8100BFC2
:10B4F000534B1B78FB81FFF777F903469BB23B82E6
:10B50000A5233B753B68013B062B2DD801A252F8C1
:10B5100023F000BF31B500083FB5000869B5000849
:10B5200069B500084DB5000869B500085BB50008AD
:10B53000002343F015037B750023BB7514E0002343
:10B5400043F024037B750023BB750DE0002343F01B
:10B5500051037B750023BB7506E0002343F06F03A6
:10B560007B750023BB7500BF364B1B785A1CD1B2CC
:10B57000344A1170FB75002343F001037B760023EE
:10B5800043F00303BB76802200212F4810F071FCAA
:10B590000023C7F8943007F11B0307F10C02106871
:10B5A000186092889A80D7F894300633C7F89430A0
:10B5B0000023C7F890301AE0D7F8943007F114024E
:10B5C0000732D018D7F8902013461B019B1A7A68CF
:10B5D00013440F22194610F0D5FCD7F894300F33DE
:10B5E000C7F89430D7F890300133C7F89030D7F8C7
:10B5F00090203B689A42DFDBB7F815309BB20933E5
:10B60000A7F88E30B7F88E2007F1140319460E48BC
:10B6100010F0B8FC05210C4800F039FAB7F88E306C
:10B620001946094800F0BCFAB7F88E301A460649A8
:10B630000648F9F759F800BF9837BD4680BD00BFEE
:10B64000644F00201C5000209C4F0020F44B002031
:10B6500084B090B5A3B000AF07F1980484E80F0060
:10B6600007F1080378220021184610F002FC3B463F
:10B6700000221A609A804FF488733B80404B1B78FD
:10B680007B80FFF7B1F803469BB2BB80A5233B72DA
:10B69000002343F033037B720023BB72394B1B78CA
:10B6A0005A1CD1B2374A1170FB72002343F00103D8
:10B6B0007B73002343F00303BB73802200213248D5
:10B6C00010F0D7FB0023C7F8843007F10F033A4688
:10B6D0001068186092889A80D7F884300633C7F8CB
:10B6E0008430D7F8843007F10802073213441A4631
:10B6F00007F198031C68586899681460506091605D
:10B7000099899B7B91819373D7F884300F33C7F865
:10B710008430D7F8843007F108020732D018D7F800
:10B720009C30C3F3C8339BB21A4607F1A7031946EE
:10B7300010F028FCB7F809309BB20933A7F8823023
:10B74000B7F8822007F1080319460F4810F01AFCD9
:10B7500005210D4800F09BF9B7F8823019460A48D8
:10B7600000F01EFAB7F882301A4607490748F8F782
:10B770005FFF00BF8C37BD46BDE8904004B0704706
:10B78000644F00201C5000209C4F0020F44B0020F0
:10B7900090B585B000AF786039607B681A78624BED
:10B7A0001A707B6801331B781AB27B6802331B78EE
:10B7B0001BB21B021BB213431BB29AB25A4BA3F823
:10B7C00001207B68DA78584BDA707B681A79564B1F
:10B7D0001A717B6805331B781AB27B6806331B78B5
:10B7E0001BB21B021BB213431BB29AB24E4BA3F8FF
:10B7F00005204D4BB3F801309BB2322B00F28C8008
:10B800000023FB810DE0FB8907331A467B681A444D
:10B81000FB891178444A13440A46DA71FB890133E3
:10B82000FB81414BB3F801309BB2FA899A42EAD3CB
:10B830003D4BB3F801309BB207331A467B68134483
:10B840001B781A46384BA3F876200521786800F05B
:10B85000F7F80346002B0BD0334BB3F801309BB203
:10B8600009331946786800F065F90346002B01D1C9
:10B87000012300E00023002B50D12C4805F0C4FA2E
:10B880002A4805F0B4FA294805F0CBFA264BB3F85C
:10B8900005309BB240F20332934230D0B3F5417F82
:10B8A0003EDA40F2072293421FD0B3F5027F37DA27
:10B8B00040F20122934204D040F2022293420AD085
:10B8C0002EE01B4B184AD41D20686168A26807C38C
:10B8D000227B1A7025E0174B134AD41D206861683B
:10B8E000A26807C3A2891A801BE0134A0E4B0733D4
:10B8F0001868106099889B799180937111E00F4BC3
:10B90000094AD41D20686168A26807C3A289A17B87
:10B910001A800A469A7004E000BF02E000BF00E00F
:10B9200000BF1437BD4690BDEC4E0020D84E00201D
:10B93000644F00207C4F0020744F00208C4F00206B
:10B9400080B582B000AF0346FB71FB79A52B04D113
:10B95000124B1B680133114A1360104B1B68022BFA
:10B960000BD10F4B1B6819460E48FFF711FF0B4B0D
:10B9700001221A600A4B00221A60084B1B68012B37
:10B9800008D1F879064B1B685A1C05490A60054A1C
:10B990000146D15400BF0837BD4680BD2450002069
:10B9A000205000202850002080B500AF084805F046
:10B9B0001EFA074805F035FA0548FEF753FE034620
:10B9C000002B0CBF01230023DBB2184680BD00BF53
:10B9D000D84E002080B500AF64210248FEF793FEE8
:10B9E00000BF80BDD84E002080B500AFFFF7F2FF4A
:10B9F00080BD000080B487B000AFF860B960134626
:10BA0000FB710AE0FB685A1CFA601A78FB79534014
:10BA1000FB75FB7D094AD35CFB71BB685A1EBA609B
:10BA2000002B14BF01230023DBB2002BEAD1FB79EA
:10BA300018461C37BD465DF8047B7047B0CA010844
:10BA400080B584B000AF786039600023FB737B68F9
:10BA5000002B02D03B68022B01D8002313E03B6887
:10BA6000013BFF2219467868FFF7C4FF0346FB73CA
:10BA70003B68013B7A6813441B78FA7B9A420CBFFF
:10BA800001230023DBB218461037BD4680BD80B5C8
:10BA900084B000AF786039600023FB737B68002BB3
:10BAA00012D03B68022B0FD93B68013BFF2219469D
:10BAB0007868FFF79FFF0346FB733B68013B7A689A
:10BAC0001344FA7B1A7000E000BF1037BD4680BDFA
:10BAD00080B487B000AFF860B9601346FB80FB68A4
:10BAE000002B13D14FF6FF731BE0FB685A1CFA6062
:10BAF0001B78FB75FB881B0A9AB2F988FB7D4B40CB
:10BB0000DBB20B4931F813305340FB80BB685A1E3F
:10BB1000BA60002B14BF01230023DBB2002BE4D159
:10BB2000FB8818461C37BD465DF8047B704700BF94
:10BB3000B0CB010880B584B000AF786039600023D5
:10BB4000FB817B68002B02D03B68022B01D80023CD
:10BB50001FE03B68023B114A128819467868FFF7DC
:10BB6000B7FF0346FB81FB89DBB23A68023A79688A
:10BB70000A44127893420BD1FB891B0A9BB23A68A4
:10BB8000013A79680A441278934201D1012300E016
:10BB9000002318461037BD4680BD00BF240000209A
:10BBA00080B584B000AF786039600023FB817B688A
:10BBB000002B1DD03B68022B1AD93B68023B0E4A72
:10BBC000128819467868FFF783FF0346FB813B68BC
:10BBD000023B7A681344FA89D2B21A70FB891B0AB5
:10BBE00099B23B68013B7A681344CAB21A7000E00C
:10BBF00000BF1037BD4680BD2400002080B500AFD7
:10BC0000084B1B685A1C07490A60002B0CBF012314
:10BC10000023DBB2002B02D0034804F0F9FE00BF82
:10BC200080BD00BFE85000206050002080B500AF0C
:10BC3000FFF7E4FF80BD000080B58AB000AFF86177
:10BC400087ED060AC7ED050A87ED041AC7ED031A4A
:10BC500087ED022AC7ED012A042387F82730FB6904
:10BC6000BA691A60FB6904337A691A60FB690833A0
:10BC70003A691A60FB690C33FA681A60FB69103381
:10BC8000BA681A60FB6914337A681A60FB691C335E
:10BC90004FF0FF421A60FB69202219460348F8F76B
:10BCA00023FD00BF2837BD4680BD00BF644B002088
:10BCB00080B586B000AFF86087ED020AC7ED010AD3
:10BCC00087ED001AB868F4F7C7FB02460B46C7E9D0
:10BCD0000423D7ED007AF5EE407AF1EE10FA27D082
:10BCE000D7ED007AB1EE677AF0EE006AC7EE267AF9
:10BCF00097ED017AB4EEE77AF1EE10FA05D54FF040
:10BD000000024FF00003C7E9042397ED007AF0EE3C
:10BD1000006AC7EE267A97ED017AB4EEE77AF1EE83
:10BD200010FA05DD4FF000024FF00003C7E90423CD
:10BD3000D7E90401F4F7A2FE034607EE903AB0EE0D
:10BD4000670A1837BD4680BD80B485B000AFF86083
:10BD500087ED020AC7ED010A87ED001A97ED027A16
:10BD6000D7ED007AB4EEE77AF1EE10FA01D53B6830
:10BD70000BE097ED027AD7ED017AB4EEE77AF1EEB7
:10BD800010FA01DD7B6800E0BB6807EE903AB0EE88
:10BD9000670A1437BD465DF8047B704780B483B0F2
:10BDA00000AF78607B6864225A607B6800229A60EA
:10BDB0007B680022DA607B6801221A617B68184682
:10BDC0000C37BD465DF8047B704780B483B000AF8C
:10BDD00078607B6893F8723003F00103DBB2002BCC
:10BDE00014BF01230023DBB218460C37BD465DF8B3
:10BDF000047B704780B483B000AF78607B6893F8B1
:10BE0000723003F00203DBB2002B14BF01230023C6
:10BE1000DBB218460C37BD465DF8047B704780B432
:10BE200083B000AF78607B6893F8723003F004034E
:10BE3000DBB2002B14BF01230023DBB218460C3702
:10BE4000BD465DF8047B704780B483B000AF786076
:10BE50007B6893F87330C3F30113DBB218460C37D9
:10BE6000BD465DF8047B704780B483B000AF786056
:10BE70007B6893F8743018460C37BD465DF8047B38
:10BE8000704780B483B000AF78607B6893F87530FA
:10BE900018460C37BD465DF8047B704780B483B00C
:10BEA00000AF78607B6893F8733003F04003DBB237
:10BEB000002B14BF01230023DBB218460C37BD460C
:10BEC0005DF8047B704780B483B000AF78607B6816
:10BED000B3F9763018460C37BD465DF8047B7047E1
:10BEE00080B58CB000AFF86287ED080B87ED061BBC
:10BEF00087ED042B87ED023B87ED004BF96AD7E90C
:10BF00000823C1E90023F96AD7E90623C1E902231E
:10BF1000F96AD7E90423C1E90423F96AD7E90223BE
:10BF2000C1E90623F96AD7E90023C1E90823FB6ABE
:10BF3000D3E908234FF000003F49F4F70FFC024615
:10BF40000B46F96AC1E90A23FB6AD3E900234FF0E3
:10BF500000003A49F4F702FC02460B461046194627
:10BF60004FF00002364BF4F7F9FB02460B46104641
:10BF7000194602460B46F4F711F902460B461046E5
:10BF800019462BA3D3E90023F4F7BEFA02460B4669
:10BF9000F96AC1E90E23FB6AD3E900234FF00000E0
:10BFA0002649F4F7DBFB02460B46F96AC1E90C238C
:10BFB000FB6AD3E90001FB6AD3E90223F4F7A4FA90
:10BFC00002460B4610461946FB6AD3E90423F4F7F0
:10BFD000C5FB02460B4610461946FB6AD3E9062309
:10BFE000F4F792FA02460B46F96AC1E91023FB6A9C
:10BFF000D3E90601FB6AD3E90423F4F7AFFB024659
:10C000000B46F96AC1E91223FB6AD3E900234FF01A
:10C0100000000A49F4F7A2FB02460B46F96AC1E99F
:10C020001423FB6A18463037BD4680BDAFF300804D
:10C03000182D4454FB210940008076400000F03F59
:10C0400000004E400000000080B58CB000AFF862E8
:10C0500087ED080B87ED061B87ED042B87ED023B70
:10C0600087ED004BF96AD7E90823C1E90023F96A93
:10C07000D7E90623C1E90223F96AD7E90423C1E914
:10C080000423F96AD7E90223C1E90623F96AD7E94B
:10C090000023C1E90823FB6AD3E908234FF000001D
:10C0A0003B49F4F75BFB02460B46F96AC1E90A23F8
:10C0B000FB6AD3E900234FF000003649F4F74EFB4A
:10C0C00002460B46104619464FF00002324BF4F779
:10C0D00045FB02460B461046194602460B46F4F74E
:10C0E0005DF802460B461046194627A3D3E9002304
:10C0F000F4F70AFA02460B46F96AC1E90E23FB6A15
:10C10000D3E900234FF000002249F4F727FB024651
:10C110000B46F96AC1E90C23FB6AD3E90201FB6A09
:10C12000D3E90423F4F71AFB02460B4610461946DE
:10C13000FB6AD3E90623F4F7E7F902460B46F96AEE
:10C14000C1E91023FB6AD3E90601FB6AD3E90423A2
:10C15000F4F704FB02460B46F96AC1E91223FB6AB5
:10C16000D3E900234FF000000A49F4F7F7FA02463A
:10C170000B46F96AC1E91423FB6A18463037BD46FD
:10C1800080BD00BFAFF30080182D4454FB2109404F
:10C19000008076400000F03F00004E4080B483B045
:10C1A00000AF78607B68D3EDDD7AFCEEE77A17EEBE
:10C1B000903A9BB218460C37BD465DF8047B704739
:10C1C00080B582B000AF78607B6864336421184624
:10C1D000FEF799FA786800F005F87B68184608378A
:10C1E000BD4680BD80B483B000AF78607B68064AEE
:10C1F000DA607B68002283F8342000BF0C37BD462C
:10C200005DF8047B704700BF0000C84280B582B073
:10C2100000AF78607B6864331846FEF723FA034664
:10C22000002B0CBF01230023DBB218460837BD46A4
:10C2300080BD80B582B000AF786039607B683968B6
:10C24000032218460FF0ECFD0346002B0CBF012320
:10C250000023DBB218460837BD4680BD80B582B0EA
:10C2600000AF786039607B683968032218460FF0A8
:10C27000D7FD0346002B0CBF01230023DBB2184679
:10C280000837BD4680BD000080B582B000AF786041
:10C29000074B1B78002B06D0FEF7A6FA0346002BAF
:10C2A00001D0012300E0002318460837BD4680BDB9
:10C2B000644F002084B090B585B000AF786007F17E
:10C2C000240080E80E000023FB8125E0FA89134654
:10C2D0001B019B1A7A68134407F124021146184681
:10C2E000FFF7A7FF0346002B13D0FA8913461B0163
:10C2F0009B1A7A6813441A4607F124031C6858688D
:10C30000996814605060916099899B7B91819373C7
:10C310002DE0FB890133FB817B68B3F83438FA895F
:10C320009A42D3D37B68B3F834388A2B1ED87B6803
:10C33000B3F834381A4613461B019B1A7A68134423
:10C340001A4607F124031C68586899681460506005
:10C35000916099899B7B918193737B68B3F83438A2
:10C3600001339AB27B68A3F8342800E000BF143789
:10C37000BD46BDE8904004B0704784B0F0B585B0CC
:10C3800000AF786007F12C0080E80E000023FB81ED
:10C390003EE0FA8913465B0013441A01D21A02F6F2
:10C3A00038037A68134407F12C0211461846FFF748
:10C3B00055FF0346002B28D0FA8913465B0013442F
:10C3C0001A01D21A02F638037A681A4407F12C03CC
:10C3D000104603F1200402461946D1F800C04E6809
:10C3E0008D68C968C2F800C056609560D16010338E
:10C3F0001030A342EFD102461C6858689968146057
:10C40000506091601B7B13734CE0FB890133FB810F
:10C410007B6803F58053B3F80231FA899A42B8D3A6
:10C420007B6803F58053B3F80231302B39D87B6831
:10C4300003F58053B3F802311A4613465B001344E8
:10C440001A01D21A02F638037A681A4407F12C034B
:10C45000104603F1200402461946D1F800C04E6888
:10C460008D68C968C2F800C056609560D16010330D
:10C470001030A342EFD102461C68586899681460D6
:10C48000506091601B7B13737B6803F58053B3F896
:10C49000023101339AB27B6803F58053A3F802217D
:10C4A00000E000BF1437BD46BDE8F04004B070475F
:10C4B00080B584B000AF78607B6803F5805393F853
:10C4C000043183F00103DBB2002B01D001232FE004
:10C4D0007868FFF7D9FE034683F00103DBB2002B37
:10C4E00001D0002324E0F7F725FFF8607B6803F50F
:10C4F0008053D3F81031FA68D31A632B01D8002384
:10C5000016E07B6803F580531A46FB68C2F81031C9
:10C510000220FEF741F900210220FEF727FFFEF777
:10C520004BF97B6803F58053002283F80421012333
:10C5300018461037BD4680BD80B483B000AF786028
:10C540007B685B6A07EE903AB0EE670A0C37BD462F
:10C550005DF8047B704780B582B000AF78607B687F
:10C560003033184604F043FC7B683033184604F03F
:10C5700058FC7B6830331846FEF774F80346002BEE
:10C580000CBF01230023DBB218460837BD4680BD2F
:10C5900080B582B000AF78607B684FF000021A600F
:10C5A0007B684FF000025A607B684FF000029A608F
:10C5B0007B6800221A737B6800225A737B684FF0F5
:10C5C00000021A617B6800221A757B684FF0000236
:10C5D0009A617B6800221A777B684FF000021A622A
:10C5E0007B684FF000025A627B684FF000029A624B
:10C5F0007B68002283F82C207B68002283F82D20A2
:10C600007B68303364211846FEF77DF87B68184656
:10C610000837BD4680BD0000B0B59AB00AAFF860DB
:10C62000B9607A603B60B86DFEF7B6F8786DFEF7DA
:10C6300083F81220FEF7A0F80320FEF78DF807F12B
:10C6400010003B6D01933B6800937B68BA68F96802
:10C65000FEF7B0FD6D4607F11C040FCC0FC50FCCE3
:10C660000FC523682B7007F110030ECB0348FFF7AB
:10C6700084FE00BF4037BD46B0BD00BF305600202D
:10C6800080B500AF0B48FFF7C1FD0346002B02D079
:10C69000084B1B6A09E0FFF787F90346002B02D01D
:10C6A000054B5B6801E04FF0000307EE903AB0EEF7
:10C6B000670A80BDB85500207C4F002080B582B04D
:10C6C00000AF4FF000037B601D48FFF744FF0346B7
:10C6D000002B0BD01A48FFF72FFFF0EE407A9FEDAA
:10C6E000197A67EE877AC7ED017A12E01648FFF7EC
:10C6F0008DFD0346002B0CD0134BD3ED007AB2EE28
:10C70000087A77EEC77A9FED117A67EE877AC7EDE0
:10C71000017AB7EE001ADFED0E0A97ED010A0D4817
:10C72000FFF712FB87ED010AD7ED017AFCEEE77AFD
:10C7300017EE903A9BB218460837BD4680BD00BF41
:10C740004467002014AEC73EB85500203333534031
:10C7500000001C425074002080B483B000AF87ED0D
:10C76000010AD7ED017AF5EEC07AF1EE10FA0BDB93
:10C77000D7ED017AB6EE007A77EE877AFDEEE77AAA
:10C7800017EE903A1BB20AE0D7ED017AB6EE007AC6
:10C7900077EEC77AFDEEE77A17EE903A1BB21846AD
:10C7A0000C37BD465DF8047B7047000080B590B043
:10C7B00006AF78603648FFF7F1FC034607EE903A83
:10C7C000F8EE677AC7ED097A9FED321ADFED320A8B
:10C7D00097ED090A3148FFF7B7FA87ED090AD7ED57
:10C7E000097A9FED2F7A67EE877A9FED2E7A77EEA2
:10C7F000677AFDEEE77A17EE903A7B84F7F79AFDB9
:10C80000F861294BB3F90030B7F922209A4206D1DA
:10C81000264B1B68FA69D31AB3F5FA7F34D300208C
:10C82000FDF78AFF1920FDF797FFB7F92220B7F926
:10C8300022300233194607F10C004FF4BE73049303
:10C840004FF4BE7303934FF4077302934FF4707366
:10C8500001930091134601221549FEF77FFA6B46BA
:10C8600007F118021268114619800233120C1A706F
:10C8700007F10C030ECB0F48FFF71CFD0A4A7B8C17
:10C8800013800A4AFB69136000BF2837BD4680BD8C
:10C8900070780020000000000000F042507400207A
:10C8A000ABAA2A3F000002438C670020906700205B
:10C8B000A0C701083056002080B5D0B004AF07F5FE
:10C8C0009873A3F5967318605648FFF7E7FA034686
:10C8D000002B01D0012300E0002387F82F315148BD
:10C8E000FFF7B2FA0346002B01D0012300E000233A
:10C8F00087F82E31F7F71EFDC7F828014A4B1B6851
:10C90000D7F82821D31A40F2E73293428CBF012393
:10C91000002387F82731454B93F9003097F92F21F1
:10C920009A420DD1424B93F9003097F92E219A4249
:10C9300006D197F8273183F00103DBB2002B6BD1CE
:10C9400097F82731002B26D097F92F31002B01D0F3
:10C95000012300E00223012202920193A02300930D
:10C9600040F25A33334A07213348FFF755FE97F90F
:10C970002E31002B01D0012300E00223012202927C
:10C980000193A02300934FF47C732C4A07212C4879
:10C99000FFF742FE33E0254B93F9003097F92F2142
:10C9A0009A4212D097F92F31002B01D0012300E0D9
:10C9B0000223022202920193A023009340F25A33F1
:10C9C0001C4A07211C48FFF727FE194B93F900303A
:10C9D00097F92E219A4212D097F92E31002B01D0CF
:10C9E000012300E00223022202920193A02300937C
:10C9F0004FF47C73114A07211148FFF70DFE0B4AD3
:10CA000097F82F3113700A4A97F82E311370064A9F
:10CA1000D7F82831136000E000BF07F59877BD46CE
:10CA200080BD00BFBC770020946700202600002056
:10CA300027000020A4C70108A8C70108ACC7010847
:10CA4000B0C7010880B5F4B004AF07F5E073A3F5F3
:10CA5000DE7318608E48FFF7B8F90346002B01D04B
:10CA6000012300E0002387F8BE318948FFF7C2F9AF
:10CA70000346002B01D0012300E0002387F8BF31DB
:10CA80008348FFF7CCF90346002B01D0012300E0D7
:10CA9000002387F8BD31F7F74DFCC7F8B8017D4B8F
:10CAA0001B68D7F8B821D31A40F2E73293428CBF03
:10CAB0000123002387F8B73197F9BE31002B03D04B
:10CAC000754B01221A7006E097F9BF31002B02D096
:10CAD000714B02221A7097F9BD31002B18D097F9CB
:10CAE000BE31002B14D197F9BF31002B10D16A4B06
:10CAF00093F90030012B03D1012387F8BE3107E001
:10CB0000654B93F90030022B02D1012387F8BF3126
:10CB1000624B93F9003097F9BE219A4215D1604BD0
:10CB200093F9003097F9BF219A420ED15D4B93F9EA
:10CB3000003097F9BD219A4207D197F8B73183F0B9
:10CB40000103DBB2002B40F09D8097F8B731002B3A
:10CB500039D097F9BE31002B01D0012300E0022328
:10CB60000122029201936423009340F20F334E4A54
:10CB700008214E48FFF750FD97F9BD31002B01D039
:10CB8000012300E002230122029201936423009317
:10CB900040F2A533464A08214648FFF73DFD97F984
:10CBA000BF31002B01D0012300E0022301220292B9
:10CBB00001936423009340F23B433F4A08213F48DE
:10CBC000FFF72AFD4DE0354B93F9003097F9BE2170
:10CBD0009A4212D097F9BE31002B01D0012300E018
:10CBE00002230222029201936423009340F20F3346
:10CBF0002D4A08212D48FFF70FFD2A4B93F90030ED
:10CC000097F9BD219A4212D097F9BD31002B01D07E
:10CC1000012300E002230222029201936423009385
:10CC200040F2A533224A08212248FFF7F5FC1C4BAD
:10CC300093F9003097F9BF219A4212D097F9BF318A
:10CC4000002B01D0012300E0022302220292019373
:10CC50006423009340F23B43174A08211748FFF72B
:10CC6000DBFC0E4A97F8BE3113700D4A97F8BF31BE
:10CC700013700C4A97F8BD311370064AD7F8B831D3
:10CC8000136000E000BF07F5E077BD4680BD00BF40
:10CC9000BC7700209C6700209867002028000020B7
:10CCA000290000202A000020B4C70108B8C70108E5
:10CCB000BCC70108C0C70108C4C70108C8C701082C
:10CCC00080B58EB006AF7860FFF7F8FC0346FB83B3
:10CCD0000220FDF731FDF7F72DFBB861204B1B88D3
:10CCE000FA8B9A4206D11F4B1B68BA69D31AB3F567
:10CCF000FA7F30D30F20FDF72FFDFB8B03F20F13CC
:10CD00001A4607F108004FF4BE7304934FF4BE7344
:10CD100003934FF4077302934FF4707301930092DF
:10CD200040F20F1303221049FEF718F86B4607F183
:10CD300014021268114619800233120C1A7007F19E
:10CD400008030ECB0948FFF7B5FA054AFB8B1380A1
:10CD5000044ABB69136000BF2037BD4680BD00BFD9
:10CD6000A0670020A4670020CCC70108305600202F
:10CD700080B596B002AF78609548FFF775F8034626
:10CD800087F84F309248FFF77CF8034687F84E301B
:10CD900097F84F309BB28C3B9BB2A7F84C3097F87A
:10CDA0004F30002B05D097F84E30002B01D00123D7
:10CDB00000E0002387F84B30B7F94C3007EE903A8B
:10CDC000F8EEE77AB0EE067A67EE877A9FED817A21
:10CDD00077EE877AFDEEE77A17EE903AA7F84830BB
:10CDE00097F84E3007EE903AF8EEE77A9FED7A7AB0
:10CDF00067EE877A9FED797A77EE877AFDEEE77AAC
:10CE000017EE903AA7F84630F7F794FA3864744B67
:10CE10001B683A6CD31A772B8CBF0123002387F849
:10CE20003F30B7F948306F4AB2F900209B1A012B06
:10CE300019DC6C4BB3F900301A46B7F94830D31AF5
:10CE4000012B10DCB7F94630674AB2F900209B1A73
:10CE5000012B08DC644BB3F900301A46B7F94630B1
:10CE6000D31A012B01DD012300E0002387F83E30B7
:10CE700097F84B30002B75D05C4B1B7883F0010387
:10CE8000DBB2002B34D0594B01221A700120FDF780
:10CE900083FC0120FDF750FC0320FDF75DFCB7F992
:10CEA0004820B7F9463007F10C0014210191009396
:10CEB000134604224E49FDF79FFE6B4607F1180208
:10CEC0001268114619800233120C1A7007F10C0314
:10CED0000ECB4848FFF7EEF9424AB7F848301380C6
:10CEE000414AB7F8463013803D4A3B6C13606AE014
:10CEF00097F83E30002B03D197F83F30002B62D0DB
:10CF00000220FDF749FC0120FDF716FC0320FDF788
:10CF100023FCB7F94820B7F9463007F11C0014216B
:10CF200001910093134604223149FDF765FE6B46DB
:10CF300007F128021268114619800233120C1A7088
:10CF400007F11C030ECB2B48FFF7B4F9254AB7F8BD
:10CF500048301380244AB7F846301380204A3B6C8F
:10CF6000136030E0214B1B78002B2CD00320FDF701
:10CF700013FC1C4BB3F9003019461B4BB3F90030BE
:10CF80001A4607F12C001423019300920B46042249
:10CF90001749FDF731FE6B4607F13802126811465A
:10CFA00019800233120C1A7007F12C030ECB1148B2
:10CFB000FFF780F90220FDF7EFFB0C4B00221A70FF
:10CFC000074A3B6C136000BF5037BD4680BD00BFB1
:10CFD000BC77002000007044333303400080894355
:10CFE000B0670020AA670020AC670020A867002077
:10CFF000D0C7010830560020B0B5AAB00AAF78609B
:10D000009F4B1B681846F3F727FA9BA3D3E900232D
:10D01000F3F7C4F802460B4610461946F3F72EFD07
:10D020000346974A13609748FFF742FA0346012BDD
:10D0300008D1944B03F5805393F80531012B01D1AE
:10D04000012300E00023002B00F010810220FDF7F7
:10D05000A3FBF7F76FF9F867FFF712FB87ED1E0ADE
:10D060009FED891ADFED890A97ED1E0A8848FEF7C1
:10D070006BFE87ED1E0AD7ED1E7A9FED867A67EE6E
:10D08000877A9FED857A77EE677AFDEEE77A17EE7D
:10D09000903AA7F87630814BB3F90030B7F9762093
:10D0A0009A4206D17E4B1B68FA6FD31AB3F5FA7F0A
:10D0B00035D30220FDF740FB1920FDF74DFBB7F9F2
:10D0C0007620B7F976300233194607F124004FF481
:10D0D000BE7304934FF4BE7303934FF4077302932C
:10D0E0004FF4707301930091134601226D49FDF7CF
:10D0F00035FE6B4607F13002126811461980023383
:10D10000120C1A7007F124030ECB5E48FFF7D2F819
:10D11000624AB7F876301380614AFB6F1360FFF7FD
:10D12000AFFAF0EE407AB0EE670AFFF715FB034660
:10D13000A7F874305C4BB3F90030B7F974209A4209
:10D1400006D15A4B1B68FA6FD31AB3F5FA7F2CD36A
:10D150000820FDF7F1FA0F20FDF70EFB0220FDF786
:10D16000FBFAB7F9743007F134004FF403720192FF
:10D1700040F23A22009200224D49FDF7EDFE6B4647
:10D1800007F140021268114619800233120C1A701E
:10D1900007F134030ECB3B48FFF78CF8424AB7F84F
:10D1A00074301380414AFB6F13604248FEF78BFED8
:10D1B0000346A7F87230404BB3F90030B7F972203C
:10D1C0009A4206D13D4B1B68FA6FD31AB3F5FA7F2A
:10D1D0003DD30820FDF7B0FA1020FDF7CDFA03206B
:10D1E000FDF7BAFA07F10C0300221A605A609A6040
:10D1F000DA601A615A61B7F9723007F10C00304AEF
:10D2000018210EF0D7FD07F1440007F10C034FF48D
:10D21000FF72019240F2BE52009209222949FDF7A5
:10D22000C9FF6D4607F150040FCC0FC50FCC0FC5D9
:10D2300023682B7007F144030ECB1248FFF79DF8CB
:10D240001D4AB7F8723013801C4AFB6F1360786870
:10D25000FFF7F8FB7868FFF72FFB7868FFF788FD8A
:10D260007868FFF72DFD7868FFF7A0FA00BF8037D8
:10D27000BD46B0BDAFF30080FCA9F1D24D62503F76
:10D280008867002030560020000000000000F042B7
:10D2900050740020ABAA2A3F000002432C0000205B
:10D2A000B4670020D4C701082E000020B867002012
:10D2B000D8C70108BC77002030000020BC670020E0
:10D2C000DCC70108E8C70108B0B5B0B016AFF86018
:10D2D0007A603B600B467B81FC6807F110039FED91
:10D2E000124B9FED133B9FED142B9FED151B9FEDF4
:10D2F000160B1846FEF7F4FD7D89684607F110030A
:10D30000582219460EF03EFE3B687A6829462046B0
:10D3100000F084F80E4AFB681A60FB68184668370C
:10D32000BD46B0BDAFF30080000000000000C0406B
:10D330000000000000003440000000000000D04069
:10D34000333333333333D33F000000000000F03F6A
:10D35000D0CD010800000000B0B5B0B016AFF86045
:10D360007A603B600B467B81FC6807F110039FED00
:10D37000124B9FED133B9FED142B9FED151B9FED63
:10D38000160B1846FEF760FE7D89684607F110030C
:10D39000582219460EF0F6FD3B687A682946204669
:10D3A00000F076F80E4AFB681A60FB68184668378A
:10D3B000BD46B0BDAFF30080000000000000F040AB
:10D3C0000000000000001040000000000000A0402D
:10D3D000B81E85EB51B8AE3F0000000000002440AD
:10D3E000B8CD0108B0B582B000AF78600A4A7B685A
:10D3F0001A607B6803F5947303241D4604E02846F5
:10D40000FEF7CCFC013C1435002CF8DA7B6818469A
:10D410000837BD46B0BD00BFE8CD010880B586B075
:10D4200000AFF8607A603B600B467B81FB68184672
:10D43000FFF7D8FF154AFB681A60B7F90A20FB68A6
:10D44000A3F87821FB6803F5E07307F12001582267
:10D4500018460EF097FD0023FB750BE0FA7DFB7D6F
:10D460007968895CFA6813440A4683F8A021FB7D39
:10D470000133FB75FB7D032BF0D9FB683A68C3F8D9
:10D48000A421FB6818461837BD4680BDDCCD0108D5
:10D4900080B586B000AFF8607A603B600B467B8158
:10D4A000FB681846FFF79EFF3D4AFB681A60FB6861
:10D4B0007A89A3F87821FB6803F5E07307F120016E
:10D4C000582218460EF05EFDFB6803F51E733022ED
:10D4D000002118460EF0CDFC0023FB7514E0FA7D08
:10D4E000FB7D7968895CFA6813440A4683F87A21DF
:10D4F000F97DFA7D3B6853F82110FB68603243F8F0
:10D500002210FB7D0133FB75FB7D032BE7D9002344
:10D51000BB753CE0BA7DF96813465B001344DB0041
:10D520000B4403F506714FF000024FF00003C1E910
:10D530000023BA7DF96813465B001344DB000B44FB
:10D5400003F508714FF000024FF00003C1E900231A
:10D55000BA7DF96813465B001344DB000B4403F506
:10D560000A7300221A70BA7DF96813465B001344EF
:10D57000DB000B4403F2292300221A70BB7DFA68FA
:10D580001344002283F8A822BB7D0133BB75BB7D09
:10D59000032BBFD9FB6818461837BD4680BD00BFB6
:10D5A000C4CD010890B587B000AF324B1B685A1C40
:10D5B00030490A60002B0CBF01230023DBB2002B93
:10D5C00002D02D4803F024FA2C4B1B685A1C2B491F
:10D5D0000A60002B0CBF01230023DBB2002B0AD012
:10D5E000274B1B683B603A464FF400734FF40071C1
:10D5F0002448FFF769FE244B1B685A1C22490A6025
:10D60000002B0CBF01230023DBB2002B10D01C4BDE
:10D610001B687B601D4B07F108040FCB84E80F00EB
:10D6200007F108033A1D4FF4A0711948FFF794FE63
:10D63000184B1B685A1C17490A60002B0CBF0123AA
:10D640000023DBB2002B02D01348FEF7B9FD134BC9
:10D650001B685A1C11490A60002B0CBF01230023D0
:10D66000DBB2002B02D00E48FEF792FF00BF1C3742
:10D67000BD4690BDE850002060500020C0670020EB
:10D68000ECC70108F0500020C4670020F0C7010873
:10D6900008530020C8670020B8550020CC67002040
:10D6A0004467002080B584B000AF78603960002303
:10D6B000FB739FE03B689B687A68B2F8782110465C
:10D6C000FA7B79680A4492F87A210244934240F046
:10D6D0008E803B68BB60BB681A78FB7B1946786814
:10D6E00000F001F90346002B06D0FB7BBA6819460F
:10D6F000786800F016F96EE0FA7BBB6818787968F4
:10D7000013465B0013449B000B4403F5C8730246A9
:10D710001A70BB680133FA7B1878796813465B008E
:10D7200013449B000B4403F2911302461A70BB682A
:10D7300003331B781BB21B0219B2BB6802331B7880
:10D740001BB2FA7B0B4318B2796813465B00134493
:10D750009B000B4403F5C97302461A80BB6805336E
:10D760001B781BB21B0219B2BB6804331B781BB2B7
:10D77000FA7B0B4318B2796813465B0013449B0095
:10D780000B4403F5CA7302461A80BB6807331B7843
:10D790001BB21B021AB2BB6806331B781BB21343C1
:10D7A0001BB2FA7B98B2796813465B0013449B0066
:10D7B0000B4403F5CB7302461A80F97BFA7B1346C0
:10D7C0005B0013449B0003F5C8737A6813441A4640
:10D7D000786800F081F9FA7B13469B0013449B00A4
:10D7E00003F594737A681344184603F00DFBFB7B32
:10D7F0000133FB73FB7B032B7FF65CAF00BF00BFE5
:10D800001037BD4680BD80B584B000AF7860396008
:10D810003B689B68BB810023FB735CE0BA897B6833
:10D82000B3F978311846FB7B79680B4493F8A03143
:10D8300003449A424CD1FB7B3033DB007A681344BB
:10D840003968082218460EF09DFBFA7B7B6830325F
:10D8500033F932309BB25BBA9BB2FA7B19B27B6868
:10D86000303223F83210FB7B7A683033DB0013440C
:10D87000B3F902309BB25BBA9AB2FB7B11B27A6801
:10D880003033DB0013440A465A80FB7B7A6830331E
:10D89000DB001344B3F904309BB25BBA9AB2FB7B52
:10D8A00011B27A683033DB0013440A469A80FB7B5E
:10D8B0001946786800F0BCFAFA7B13469B001344C3
:10D8C0009B0003F594737A681344184603F09CFA9E
:10D8D000FB7B0133FB73FB7B032B9FD900BF00BF96
:10D8E0001037BD4680BD80B483B000AF78600B4672
:10D8F000FB701346BB70FB787A68134493F8A83228
:10D90000002B07D0BB789A2B02D0BB789B2B01D180
:10D91000012300E0002318460C37BD465DF8047B68
:10D92000704780B485B000AFF860B9607A607B68FA
:10D930001878F968BA6813465B0013449B000B44DF
:10D9400003F5C87302461A707B6801331878F968CA
:10D95000BA6813465B0013449B000B4403F2911317
:10D9600002461A707B6804331B781BB21B021AB282
:10D970007B6803331B781BB213431BB298B2F96860
:10D98000BA6813465B0013449B000B4403F5CC7349
:10D9900002461A807B6807331878F968BA6813461C
:10D9A0005B0013449B000B4403F5CD7302461A70D1
:10D9B000F968BA6813465B0013449B000B4403F2FA
:10D9C00091131878F968BA6813465B0013449B00FA
:10D9D0000B4403F51E7302461A70F968BA681346C1
:10D9E0005B0013449B000B4403F5CC731888F96863
:10D9F000BA6813465B0013449B000B4403F27A237E
:10DA000002461A80F968BA6813465B0013449B000B
:10DA10000B4403F5CD731878F968BA6813465B00B8
:10DA200013449B000B4403F51F7302461A70F968F8
:10DA3000BA6813465B0013449B000B4403F5C8739C
:10DA40001878F968BA6813465B0013449B000B44CE
:10DA500003F27D2302461A70F968BA6813465B0028
:10DA600013449B000B4403F27E2301221A70F968D1
:10DA7000BA6813465B0013449B000B4403F51F7305
:10DA80001B78002B14BF01230023D8B2F968BA68B1
:10DA900013465B0013449B000B4403F27F230246B2
:10DAA0001A70FA68BB68134403F52A7300221A70CF
:10DAB000F968BA6813465B0013449B000B4403F5F6
:10DAC000207300221A6000BF1437BD465DF8047B46
:10DAD00070470000000000002DE9F0438BB000AF5C
:10DAE000F860B9607A60FB6803F5E0737B627B687D
:10DAF000DB881846F2F79EFC7B6AD3E90A23F2F72B
:10DB000003FD02460B4610461946FE68BA681346E6
:10DB1000DB001344DB0033440833C3E90001F96838
:10DB2000BA681346DB001344DB000B440833D3E927
:10DB30000001BCA3D3E90023F2F7E6FC02460B4642
:10DB400010461946FE68BA681346DB001344DB0032
:10DB500033441033C3E900017B68B3F9043018463D
:10DB6000F2F768FC7B6AD3E90E23F2F7CDFC02469C
:10DB70000B4610461946FE68BA681346DB0013448C
:10DB8000DB0033441833C3E900017B68B3F9043088
:10DB90001846F2F74FFC7B6AD3E90C23F2F7B4FC8A
:10DBA00002460B4610461946FE68BA681346DB006B
:10DBB0001344DB0033442033C3E900017B68B3F92D
:10DBC00002301846F2F736FC7B6AD3E91223F2F7EB
:10DBD0009BFC02460B4610461946FE68BA6813467F
:10DBE000DB001344DB0033442833C3E900017B68C6
:10DBF000B3F902301846F2F71DFC7B6AD3E9102313
:10DC0000F2F782FC02460B4610461946FE68BA68D7
:10DC10001346DB001344DB0033443033C3E9000117
:10DC20007B685B781846F2F7F5FBFE68BA68134626
:10DC3000DB001344DB0033443833C3E90001F968E7
:10DC4000BA681346DB001344DB000B444033D3E9CE
:10DC50000023C7E90623F968BA681346DB001344BA
:10DC6000DB000B440833D3E90023C7E90423D7E9D9
:10DC70000623D7E90401F2F78FFA02460B46104655
:10DC800019464FF00002644BF2F7B0FE0346002B3A
:10DC900036D0F968BB685A1C1346DB001344DB001E
:10DCA0000B44D3E90045D7E906234FF000005B4958
:10DCB000F2F772FA02460B4610461946D7E90423DA
:10DCC000F2F76CFA02460B46104619467B6AD3E916
:10DCD0001423F2F719FC02460B4620462946F2F7B8
:10DCE0005DFA02460B4610461946FC68BB685A1C92
:10DCF0001346DB001344DB002344C3E9000178E052
:10DD0000D7E90623D7E90401F2F746FA02460B46A3
:10DD1000104619464FF00002414BF2F785FE0346CC
:10DD2000002B39D0F968BB685A1C1346DB0013443A
:10DD3000DB000B44D3E90089D7E904234FF000004E
:10DD40003649F2F729FA02460B4610461946D7E93A
:10DD50000623F2F723FA02460B46144683F00045E9
:10DD60007B6AD3E9142320462946F2F7CDFB02460D
:10DD70000B4640464946F2F711FA02460B4610465A
:10DD80001946FC68BB685A1C1346DB001344DB00D1
:10DD90002344C3E900012CE0F968BB685A1C134610
:10DDA000DB001344DB000B44D3E90045D7E906232D
:10DDB000D7E90401F2F7F0F902460B46104619467E
:10DDC0007B6AD3E91423F2F79FFB02460B462046F9
:10DDD0002946F2F7E3F902460B4610461946FC685D
:10DDE000BB685A1C1346DB001344DB002344C3E921
:10DDF0000001F968BA681346DB001344DB000B44EA
:10DE000003F14001D7E90423C1E9002300BF2C3707
:10DE1000BD46BDE8F08300BF008066C0008076404C
:10DE200000806640172751A246DF913F00000000A6
:10DE30002DE9F04389B000AF786039607B6803F565
:10DE4000E073FB617B683A68303233F93230184650
:10DE5000F2F7F0FAFB69D3E90A23F2F755FB024621
:10DE60000B46104619467E683A681346DB00134499
:10DE7000DB0033440833C3E9000179683A6813468C
:10DE8000DB001344DB000B440833D3E90001C7A3D4
:10DE9000D3E90023F2F738FB02460B461046194639
:10DEA0007E683A681346DB001344DB0033441033CA
:10DEB000C3E900017A683B683033DB001344B3F9EF
:10DEC00002301846F2F7B6FAFB69D3E90E23F2F7EF
:10DED0001BFB02460B46104619467E683A681346FD
:10DEE000DB001344DB0033441833C3E900017A68D4
:10DEF0003B683033DB001344B3F902301846F2F7C5
:10DF000099FAFB69D3E90C23F2F7FEFA02460B46B5
:10DF1000104619467E683A681346DB001344DB005E
:10DF200033442033C3E900017A683B683033DB00B7
:10DF30001344B3F904301846F2F77CFAFB69D3E9CD
:10DF40001223F2F7E1FA02460B46104619467E68A4
:10DF50003A681346DB001344DB0033442833C3E93B
:10DF600000017A683B683033DB001344B3F90430B6
:10DF70001846F2F75FFAFB69D3E91023F2F7C4FA07
:10DF800002460B46104619467E683A681346DB0087
:10DF90001344DB0033443033C3E900017A683B6843
:10DFA0003033DB0013449B791846F2F733FA7E686E
:10DFB0003A681346DB001344DB0033443833C3E9CB
:10DFC000000179683A681346DB001344DB000B4418
:10DFD0004033D3E90023C7E9042379683A6813463C
:10DFE000DB001344DB000B440833D3E90023C7E90B
:10DFF0000223D7E90423D7E90201F2F7CDF802465C
:10E000000B46104619464FF00002654BF2F7EEFC46
:10E010000346002B36D079683B685A1C1346DB0058
:10E020001344DB000B44D3E90045D7E904234FF048
:10E0300000005C49F2F7B0F802460B46104619465C
:10E04000D7E90223F2F7AAF802460B461046194612
:10E05000FB69D3E91423F2F757FA02460B46204630
:10E060002946F2F79BF802460B46104619467C6893
:10E070003B685A1C1346DB001344DB002344C3E90E
:10E08000000178E0D7E90423D7E90201F2F784F828
:10E0900002460B46104619464FF00002424BF2F77B
:10E0A000C3FC0346002B39D079683B685A1C1346E1
:10E0B000DB001344DB000B44D3E90089D7E90223DA
:10E0C0004FF000003749F2F767F802460B4610465A
:10E0D0001946D7E90423F2F761F802460B461446C5
:10E0E00083F00045FB69D3E9142320462946F2F763
:10E0F0000BFA02460B4640464946F2F74FF80246F5
:10E100000B46104619467C683B685A1C1346DB00D8
:10E110001344DB002344C3E900012CE079683B6829
:10E120005A1C1346DB001344DB000B44D3E90045C3
:10E13000D7E90423D7E90201F2F72EF802460B468D
:10E1400010461946FB69D3E91423F2F7DDF90246BC
:10E150000B4620462946F2F721F802460B461046A8
:10E1600019467C683B685A1C1346DB001344DB00ED
:10E170002344C3E9000179683A681346DB0013447D
:10E18000DB000B4403F14001D7E90223C1E900237E
:10E1900000BF2437BD46BDE8F08300BFAFF3008069
:10E1A000008066C00080764000806640172751A23C
:10E1B00046DF913F80B500AFFFF7F4F980BD80B432
:10E1C00083B000AF78607B689B6807EE903AB0EE52
:10E1D000670A0C37BD465DF8047B704780B582B096
:10E1E00000AF78600120FCF7D7FA0620FCF7A4FA0C
:10E1F0000120FCF7B1FA00BF0837BD4680BD000022
:10E20000F0B5ADF5357D0AAF07F52A73A3F529738F
:10E2100018604F4B03F58053002283F805214C4BC7
:10E220000022A3F834284A4B03F580530022A3F8B8
:10E2300002210120FCF7B0FA0620FCF77DFA01204C
:10E24000FCF78AFA0620FCF777FA0520FCF784FA37
:10E2500007F52A73A3F523700623019340F2EF1309
:10E26000009340F2BA3300223A49FCF7C5FC07F5A7
:10E270002A73A3F523726B4602F10C010968084664
:10E2800018800233090C19700ECA3148FEF712F8D3
:10E290000220FCF751FA1920FCF75EFA07F52A7301
:10E2A000A3F51F704FF4BE7304934FF4BE73039332
:10E2B0004FF4077302934FF4707301935C23009340
:10E2C0005A2301222449FCF749FD07F52A73A3F5D7
:10E2D0001F726B4602F10C01096808461880023370
:10E2E000090C19700ECA1A48FDF7E4FF0020FCF76C
:10E2F00023FA1920FCF730FA07F52A73A3F51B70EF
:10E300004FF4BE7304934FF4BE7303934FF407733B
:10E3100002934FF4707301935C2300935A230122FC
:10E320000E49FCF71BFD07F52A73A3F51B726B461C
:10E3300002F10C010968084618800233090C1970B3
:10E340000ECA0348FDF7B6FF0023C7F8A432F9E070
:10E350003056002000C8010804C8010808C8010898
:10E36000ABAA2A3F000002430000B442DA0F494042
:10E37000000034430000B8430000C543000070446F
:10E380000000D74300000744D7F8A43207EE903AC4
:10E39000F8EEE77A1FED0E7A67EE877A1FED0F7AB7
:10E3A00077EE677AC7EDA37AD7EDA37A1FED127ADD
:10E3B00077EEC77A1FED137A27EE877A5FED146A3E
:10E3C000C7EE267AC7EDA27A97EDA20A0CF0F0F913
:10E3D000F0EE407A1FED197A67EE877A1FED197A11
:10E3E00077EE877AFDEEE77A17EE903AA7F8863255
:10E3F00097EDA20A0CF014FAF0EE407A1FED237AA2
:10E4000067EE877A1FED217A77EE877AFDEEE77A5D
:10E4100017EE903AA7F8843297EDA20A0CF0C8F9EB
:10E42000F0EE407A1FED2C7A67EE877A1FED2D7A99
:10E4300077EE877AFDEEE77A17EE903AA7F8823208
:10E4400097EDA20A0CF0ECF9F0EE407A1FED367A67
:10E4500067EE877A1FED357A77EE877AFDEEE77AF9
:10E4600017EE903AA7F8803297EDA20A0CF0A0F9C7
:10E47000F0EE407A1FED3E7A67EE877A1FED417A23
:10E4800077EE877AFDEEE77A17EE903AA7F87E32BC
:10E4900097EDA20A0CF0C4F9F0EE407A1FED487A2D
:10E4A00067EE877A1FED497A77EE877AFDEEE77A95
:10E4B00017EE903AA7F87C3207F52A73A3F5277375
:10E4C00000221A60D7F8A432D74A82FB03129210B6
:10E4D000DB17D31A07F10C00D44A04210DF06AFCB3
:10E4E0000820FCF729F90220FCF736F9B7F9865223
:10E4F000B7F98432B7F98222B7F9801207F52A708A
:10E50000A0F5177007F10C040291019200932B46BD
:10E5100001222146FCF7D8F907F52A73A3F51772F3
:10E520006B4602F10C010968084618800233090C99
:10E5300019700ECABE48FDF7BDFED7F8A4320A33E3
:10E54000C7F8A432D7F8A432782B7FF71DAF02208A
:10E55000FCF7F2F80F20FCF7FFF807F52A73A3F594
:10E5600013704FF4BE7304934FF4BE7303934FF4D0
:10E57000077302934FF4707301934FF49B730093EE
:10E5800040F20F130322AB49FCF7E8FB07F52A73AF
:10E59000A3F513726B4602F10C0109680846188056
:10E5A0000233090C19700ECAA148FDF783FE192029
:10E5B000FCF7D2F82320FCF7CFF80820FCF7BCF8D2
:10E5C0000F20FCF7D9F80220FCF7C6F89A48FFF7AD
:10E5D000F6FDF0EE407AFDEEE77A07F52A73A3F533
:10E5E0000F704FF40373019340F23A23009317EE38
:10E5F000903A00229149FCF7AFFC07F52A73A3F586
:10E600000F726B4602F10C0109680846188002334C
:10E61000090C19700ECA8648FDF74CFE0620FCF75F
:10E620008BF80320FCF798F88548FDF71DFC03469E
:10E630008C3B9BB2A7F89E32B7F99E321846F1F791
:10E64000F9FE73A3D3E90023F1F75EFF02460B4600
:10E65000104619464FF000027A4BF1F79FFD024633
:10E660000B4610461946F2F7E9F904467448FDF7DF
:10E6700008FC03461846F1F7DDFE67A3D3E9002343
:10E68000F1F742FF02460B461046194664A3D3E950
:10E690000023F1F783FD02460B4610461946F2F7B8
:10E6A000CDF9034607F52A72A2F50B700C220192F0
:10E6B0000093234604226449FCF79EFA07F52A7367
:10E6C000A3F50B726B4602F10C010968084618802D
:10E6D0000233090C19700ECA5548FDF7EBFD0820EE
:10E6E000FCF72AF81920FCF737F807F52A73A3F589
:10E6F00007704FF4BE7304934FF4BE7303934FF44B
:10E70000077302934FF47073019333230093322302
:10E7100000224E49FCF722FB07F52A73A3F5077286
:10E720006B4602F10C010968084618800233090C97
:10E7300019700ECA3E48FDF7BDFD0F20FCF70CF81E
:10E7400007F52A73A3F503704FF4BE7304934FF4D7
:10E75000BE7303934FF4077302934FF470730193E6
:10E760003D2300933C2301223949FCF7F7FA07F5D2
:10E770002A73A3F503726B4602F10C01096808467F
:10E7800018800233090C19700ECA2948FDF792FD52
:10E790001920FBF7E1FF07F52A73A3F5FE704FF48C
:10E7A000BE7304934FF4BE7303934FF40773029345
:10E7B0004FF47073019347230093462302222549A7
:10E7C000FCF7CCFA07F52A73A3F5FE726B4602F14B
:10E7D0000C010968084618800233090C19700ECA2A
:10E7E0001348FDF767FD0F20FBF7B6FF07F52A7307
:10E7F000A3F5F6704FF4BE7304934FF4BE73039306
:10E800004FF4077302934FF47073019324E000BF39
:10E81000C3F5285C8FC20540666666666666004082
:10E820000000000000907040676666660CC8010832
:10E830003056002014C801084467002018C8010899
:10E84000BC77002000008E401CC8010820C80108C9
:10E8500024C8010828C8010851230093502303222B
:10E860007B49FCF77BFA07F52A73A3F5F6726B4632
:10E8700002F10C010968084618800233090C19706E
:10E880000ECA7448FDF716FD1920FBF765FF07F562
:10E890002A73A3F5EE704FF4BE7304934FF4BE7366
:10E8A00003934FF4077302934FF4707301935B2348
:10E8B00000935A2304226849FCF750FA07F52A739B
:10E8C000A3F5EE726B4602F10C0109680846188048
:10E8D0000233090C19700ECA5E48FDF7EBFC0F20DD
:10E8E000FBF73AFF07F52A73A3F5E6704FF4BE7302
:10E8F00004934FF4BE7303934FF4077302934FF4E2
:10E900007073019365230093642305225349FCF738
:10E9100025FA07F52A73A3F5E6726B4602F10C019E
:10E920000968084618800233090C19700ECA494854
:10E93000FDF7C0FC1920FBF70FFF07F52A73A3F5BD
:10E94000DE704FF4BE7304934FF4BE7303934FF421
:10E95000077302934FF4707301936F2300936E2338
:10E9600006223F49FCF7FAF907F52A73A3F5DE7290
:10E970006B4602F10C010968084618800233090C45
:10E9800019700ECA3348FDF795FC0F20FBF7E4FE23
:10E9900007F52A73A3F5D6704FF4BE7304934FF4B2
:10E9A000BE7303934FF4077302934FF47073019394
:10E9B00079230093782307222A49FCF7CFF907F53A
:10E9C0002A73A3F5D6726B4602F10C01096808465A
:10E9D00018800233090C19700ECA1E48FDF76AFC34
:10E9E0001920FBF7B9FE07F52A73A3F5CE704FF493
:10E9F000BE7304934FF4BE7303934FF407730293F3
:10EA00004FF47073019383230093822308221649E5
:10EA1000FCF7A4F907F52A73A3F5CE726B4602F151
:10EA20000C010968084618800233090C19700ECAD7
:10EA30000848FDF73FFC0820FBF77EFE0E20FBF7A1
:10EA40009BFE0320FBF788FE0023C7F8A032A3E05B
:10EA50002CC801083056002030C8010834C801080D
:10EA600038C801083CC8010840C80108ABAA2A3FC1
:10EA7000000002430000B442DA0F49400000344372
:10EA8000000070440000A94300000744D7F8A032FA
:10EA900007EE903AF8EEE77A1FED0C7A67EE877A88
:10EAA0001FED0D7A77EE677AC7EDA67AD7EDA67AD5
:10EAB0001FED107A77EEC77A1FED117A27EE877A6D
:10EAC0005FED126AC7EE267AC7EDA57A97EDA50A23
:10EAD0000BF06EFEF0EE407A1FED167A67EE877A45
:10EAE0001FED197A77EE877AFDEEE77A17EE903A06
:10EAF000A7F8923297EDA50A0BF092FEF0EE407A5D
:10EB00001FED207A67EE877A1FED217A77EE877AFC
:10EB1000FDEEE77A17EE903AA7F8903207F52A73E0
:10EB2000A3F5287300221A60D7F8A032D04A82FBDE
:10EB300003129210DB17D31A07F10800CD4A042103
:10EB40000DF038F9D7F8A032C3F17804B7F9923252
:10EB5000B7F9902207F52A71A1F5C67007F10801EF
:10EB60000192009323460022FCF7F6F907F52A7379
:10EB7000A3F5C6726B4602F10C01096808461880BD
:10EB80000233090C19700ECABB48FDF793FBD7F886
:10EB9000A0320A33C7F8A032D7F8A032782B7FF71B
:10EBA00075AF07F52A73A3F52673B44A07CA03C3E2
:10EBB0001A800233120C1A701020FBF7DDFD0320BF
:10EBC000FBF7CAFD07F52A73A3F5BE7007F1100322
:10EBD0004FF4FF72019240F2BE5200920922A849FE
:10EBE000FCF7E8FA07F52A73A3F5BE766D4606F141
:10EBF0000C040FCC0FC50FCC0FC523682B7096E803
:10EC00000E009D48FDF7B9FB0820FBF795FD052098
:10EC1000FBF7A2FD07F52A73A3F5A6704FF407735F
:10EC2000029340F2532301934FF40773009340F291
:10EC30003A2302229349FBF747FE07F52A73A3F50F
:10EC4000A6726B4602F10C0109680846188002336F
:10EC5000090C19700ECA8848FDF72CFB0820FBF739
:10EC60006BFD0520FBF778FD0820FBF765FD012013
:10EC7000FBF772FD0820FBF75FFD0120FBF76CFD41
:10EC80000F20FBF769FD0820FBF756FD0820FBF776
:10EC900053FD0420FBF760FD07F52A73A3F59E7072
:10ECA0004623029340F2BA4301938223009340F239
:10ECB000C62302227449FBF7D3FE07F52A73A3F596
:10ECC0009E726B4602F10C010968084618800233F7
:10ECD000090C19700ECA6848FDF7ECFA0820FBF71A
:10ECE0002BFD0420FBF738FD07F52A73A3F596707A
:10ECF000822302934FF48C630193BE2300934FF45D
:10ED0000487302226149FBF7ABFE07F52A73A3F5AE
:10ED100096726B4602F10C010968084618800233AE
:10ED2000090C19700ECA5448FDF7C4FA0220FBF70B
:10ED300003FD1220FBF720FD0320FBF70DFD07F577
:10ED40002A73A3F58E70A023019340F25A330093E7
:10ED50004F4B07224F49FCF72DFA07F52A73A3F50D
:10ED60008E766D4606F10C040FCC0FC50FCC0FC587
:10ED700023682B7096E80E003F48FDF7FEFA02204C
:10ED8000FBF7DAFC1220FBF7F7FC0320FBF7E4FCAF
:10ED900007F5DE70A02301934FF47C7300933E4B84
:10EDA00007223E49FCF706FA6D4607F5E4740FCCDE
:10EDB0000FC50FCC0FC523682B7007F5DE730ECB84
:10EDC0002D48FDF7DAFA0220FBF7B6FC1220FBF71C
:10EDD000D3FC0320FBF7C0FC07F5F6706423019316
:10EDE00040F20F3300932E4B08222E49FCF7E2F934
:10EDF0006D4607F5FC740FCC0FC50FCC0FC523680B
:10EE00002B7007F5F6730ECB1B48FDF7B6FA022000
:10EE1000FBF792FC1220FBF7AFFC0320FBF79CFCF6
:10EE200007F507706423019340F2A53300931E4B4E
:10EE300008221E49FCF7BEF96D4607F50A740FCC8F
:10EE40000FC50FCC0FC523682B7007F507730ECBCA
:10EE50000948FDF792FA0220FBF76EFC1220FBF73F
:10EE60008BFC0320FBF778FC07F5137064231FE08D
:10EE70006766666644C801083056002084C80108E9
:10EE80004CC8010850C8010854C8010858C80108F6
:10EE90005CC8010860C8010864C8010868C80108A6
:10EEA0006CC8010870C8010874C8010878C8010856
:10EEB000019340F23B4300930F4B08220F49FCF7AC
:10EEC00079F96D4607F516740FCC0FC50FCC0FC539
:10EED00023682B7007F513730ECB0948FDF74DFA25
:10EEE000074B03F58053002283F8052100BF07F587
:10EEF0002B77BD46F0BD00BF7CC8010880C8010863
:10EF00003056002080B582B000AF78607868FFF797
:10EF100065F97868FFF774F900BF0837BD4680BD12
:10EF200090B587B000AF324B1B685A1C30490A605D
:10EF3000002B0CBF01230023DBB2002B0AD02D4B8A
:10EF40001B683B603A464FF400734FF400712A4847
:10EF5000FEF7BAF9294B1B685A1C28490A60002B96
:10EF60000CBF01230023DBB2002B10D0214B1B6808
:10EF70007B60234B07F108040FCB84E80F0007F1F7
:10EF800008033A1D4FF4A0711E48FEF7E5F91E4B29
:10EF90001B685A1C1C490A60002B0CBF012300236C
:10EFA000DBB2002B02D0194801F032FD184B1B6870
:10EFB0005A1C17490A60002B0CBF01230023DBB247
:10EFC000002B02D01348FDF7FBF8134B1B685A1CAB
:10EFD00011490A60002B0CBF01230023DBB2002B78
:10EFE00002D00E48FDF7D4FA00BF1C37BD4690BDD5
:10EFF000C067002090C80108F0500020C4670020BE
:10F0000094C8010808530020E850002060500020F8
:10F01000C8670020B8550020CC6700204467002056
:10F0200080B500AFFFF77CFF80BD80B485B000AF36
:10F03000F86087ED020AC7ED010A87ED001AFB6848
:10F040004FF000021A60FB684FF000025A60FB6844
:10F050004FF000029A60FB687A68DA60FB68BA6871
:10F060001A61FB683A685A61FB684FF000029A61C6
:10F07000FB6818461437BD465DF8047B704780B4C2
:10F0800089B000AFF86187ED040B87ED021B87EDB7
:10F09000002BF969D7E90423C1E90023F969D7E90D
:10F0A0000223C1E90223F969D7E90023C1E9042356
:10F0B000FB6918462437BD465DF8047B70470000A5
:10F0C00080B582B000AF78607B6860339FED061A30
:10F0D000DFED060AB7EE000A1846FFF7A6FF7B68C9
:10F0E00018460837BD4680BD6F12833A0000000005
:10F0F00080B586B000AF786187ED020B87ED001B0D
:10F100007B691846FFF7DCFFD7E90201F1F7B6FC8F
:10F1100002467B69C3F888207969D7E90023C1E9F1
:10F1200020237B69034A1A677B6918461837BD4656
:10F1300080BD00BF0000C84280B485B000AFF86059
:10F1400087ED020AC7ED010AFB687A681A60FB685E
:10F15000BA685A60FB684FF000029A60FB68184674
:10F160001437BD465DF8047B704780B584B000AFAE
:10F17000F86087ED020AC7ED010AFB68D7ED010AC6
:10F1800097ED020A1846FFF7D7FFF9684FF0000223
:10F190004FF00003C1E90423F9684FF000024FF07B
:10F1A0000003C1E90823FB6818461037BD4680BD3F
:10F1B00080B483B000AF7860044A7B681A607B68D3
:10F1C00018460C37BD465DF8047B7047F4CD010846
:10F1D00080B582B000AF78607B681846FFF7E8FF23
:10F1E000034A7B681A607B6818460837BD4680BDB5
:10F1F00000CE010880B582B000AF78607B68184609
:10F20000FFF7E6FF7B6818460837BD4680BD000063
:10F21000B0B588B002AF3E4B1B685A1C3C490A602F
:10F22000002B0CBF01230023DBB2002B0AD0394B8B
:10F230001B683B603A464FF400734FF40071364848
:10F24000FEF742F8354B1B685A1C34490A60002B04
:10F250000CBF01230023DBB2002B10D02D4B1B6809
:10F260007B602F4B07F108040FCB84E80F0007F1F8
:10F2700008033A1D4FF4A0712A48FEF76DF82A4C96
:10F2800020462C231A4600210CF0F3FD04F118034C
:10F290001846FCF783FD254B0093234B01224FF4C6
:10F2A00004712348FBF7F7F99FED132B9FED121B19
:10F2B0009FED130B1F48FFF7E2FE1F4B03241D4673
:10F2C00008E09FED0D1B9FED0C0B2846FFF710FF8C
:10F2D000013C9035002CF4DA9FED072B9FED061BC7
:10F2E0009FED090B1548FFF7CAFE154B03241D4679
:10F2F00031E000BFAFF3008000000000000000001C
:10F300000000000000004440000000000000004039
:10F31000C0670020A4C80108F0500020C467002086
:10F32000A8C8010808530020D4670020340000203A
:10F33000006800200868002020680020606A002023
:10F34000786A00209FED9E1B9FED9D0B2846FFF7DE
:10F35000CFFE013C9035002CF4DA9FED992B9FED08
:10F36000981B9FED970BA048FFF789FE9FED941B1C
:10F370009FED930B9D48FFF7BBFE9FED912B9FEDFB
:10F38000901B9FED8F0B9A48FFF779FE9FED8C1B2A
:10F390009FED8B0B9748FFF7ABFE9FED892B9FED01
:10F3A000881B9FED890B9448FFF769FE9FED841B36
:10F3B0009FED830B9148FFF79BFE9FED812B9FED07
:10F3C000801B9FED830B8E48FFF759FE8D4C9FED00
:10F3D000821B9FED830B2046FFF78AFE90349FED42
:10F3E0007E1B9FED7F0B2046FFF782FE90349FED42
:10F3F0007A1B9FED7B0B2046FFF77AFE04F190030A
:10F400009FED751B9FED760B1846FFF771FE7E484A
:10F41000FFF7F0FE7D4C9FED7E1ADFED7E0A9FED3B
:10F420007E0A2046FFF701FE1C349FED791ADFEDBE
:10F43000790A9FED790A2046FFF7F7FD1C349FED0E
:10F44000741ADFED740A9FED740A2046FFF7EDFD94
:10F4500004F11C039FED6E1ADFED6E0A9FED6E0A3C
:10F460001846FFF7E2FD9FED6A1ADFED6A0A9FED8D
:10F470006B0A6B48FFF7D9FD9FED651ADFED650A52
:10F480009FED680A6848FFF7D0FD9FED611ADFED38
:10F49000610A9FED640A6548FFF7C7FD9FED5C1A9E
:10F4A000DFED5C0A9FED620A6248FFF7BEFD624C29
:10F4B0009FED571ADFED570A9FED600A2046FFF7D0
:10F4C000B4FD1C349FED521ADFED520A9FED5B0A2A
:10F4D0002046FFF7AAFD1C349FED4D1ADFED4D0AC3
:10F4E0009FED560A2046FFF7A0FD04F11C039FED97
:10F4F000481ADFED480A9FED510A1846FFF795FDBF
:10F500004F4CF1EE040A9FED4F0A2046FFF72DFE07
:10F510003834F1EE040A9FED4B0A2046FFF725FE32
:10F520003834F1EE040A9FED470A2046FFF71DFE2E
:10F5300004F13803F1EE040A9FED420A1846FFF782
:10F5400014FE414CF1EE040A9FED3E0A2046FFF7FF
:10F550000CFE3834F1EE040A9FED3A0A2046FFF71C
:10F5600004FE3834F1EE040A9FED360A2046FFF718
:10F57000FCFD04F13803F1EE040A9FED320A18464F
:10F58000FFF7F3FD0021F2EE040AB1EE040A2F4862
:10F5900000F0ADFD0021F2EE040AB1EE040A2C48A1
:10F5A00000F0A5FD0021F2EE0E0AB2EE0E0A294887
:10F5B00000F09DFD00BF1837BD46B0BDAFF3008021
:10F5C00000000000000000000000000000207CC0DF
:10F5D00000000000000054400000000000409F4078
:10F5E0000000000000004940B86C0020D06C0020F2
:10F5F000606D0020786D0020086E0020206E0020D5
:10F60000B06E0020C86E0020087100203C71002000
:10F610006F12833A000000000000FA430000964396
:10F62000AC7100200000F042C8710020E47100209D
:10F630000000C842007200201C7200200000164426
:10F640009072002000004842707300202075002056
:10F650003C7500205875002080B500AFFFF7D8FD3D
:10F6600080BD80B483B000AF786087ED000A7B680E
:10F670003A681A607B6893ED017A7B68D3ED026A81
:10F680007B68D3ED057A66EEA77A77EE277A7B68FA
:10F69000C3ED017A7B6893ED027A7B68D3ED047A3F
:10F6A000F8EE006A67EEA66A7B68D3ED027A66EE32
:10F6B000A76A7B6893ED046A7B68D3ED047A26EE33
:10F6C000276A7B68D3ED015A7B68D3ED007A75EE2B
:10F6D000E77A66EE277A76EEE76A7B68D3ED057AFD
:10F6E00066EEA77A77EE277A7B68C3ED027A00BFD1
:10F6F0000C37BD465DF8047B70472DE9F04F93B0A1
:10F7000000AF7864B0EE416AF0EE616AB0EE427A22
:10F71000F0EE627A87ED083B87ED064B87ED045BE0
:10F7200087ED0A0B87ED0C6B87ED0E7B796CD7E9C3
:10F730000823C1E90023796CD7E90623C1E9042332
:10F740007B6C03F16004D7E90623D7E90801F0F7E1
:10F7500023FD02460B4610461946F1F78FF9034682
:10F7600000EE103A2046FFF77CFFD7E90623D7E9E1
:10F770000801F0F711FD02460B46796CC1E916232A
:10F78000D7E90A017B6CD3E91623F0F7BDFE0246E8
:10F790000B46796CC1E906237B6CD3E916239046AE
:10F7A00023F000497B6CD3F888301846F0F754FEFC
:10F7B00002460B4640464946F1F718F90346002B2E
:10F7C0000DD07B6CD3E90E017B6CD3E91623F0F7E7
:10F7D000E5FC02460B46796CC1E90E2306E0796C24
:10F7E0004FF000024FF00003C1E90E237B6CD3E918
:10F7F0000E01D7E90C23F0F787FE02460B46796C21
:10F80000C1E908237B6CD3E908017B6CD3E9202391
:10F81000F1F70AF90346002B05D07B6CD3E92023CE
:10F82000796CC1E908237B6CD3E908017B6CD3E9CF
:10F830002023154683F000462A463346F1F7D6F8D2
:10F840000346002B08D07B6CD3E92023924683F03B
:10F85000004B7B6CC3E908ABD7E90E457B6C9B6E14
:10F860001846F0F7F9FD02460B4620462946F0F708
:10F870004BFE02460B46796CC1E90A237B6CD3E947
:10F880001623796CC1E91223D7E90C014FF000026D
:10F890004FF00003F1F7A0F80346002B06D0796C77
:10F8A0004FF000024FF00003C1E908237B6CD3E95D
:10F8B00006017B6CD3E90823F0F770FC02460B4687
:10F8C000104619467B6CD3E90A23F0F767FC024621
:10F8D0000B46796CC1E902237B6CD3E90223D7E99B
:10F8E0000401F1F783F80346002B04D0796CD7E9C3
:10F8F0000423C1E902237B6CD3E902013B69BB60AD
:10F900007B6983F00043FB60D7E90223F1F76EF8CF
:10F910000346002B0AD03B693B607B6983F00043C0
:10F920007B607B6C97ED007B83ED027B7B6CD3E986
:10F93000022343EC172BB0EE470AF0EE670A4C3770
:10F94000BD46BDE8F08F80B483B000AF78607968C1
:10F950004FF000024FF00003C1E9062379684FF031
:10F9600000024FF00003C1E9082379684FF000025C
:10F970004FF00003C1E90A2379684FF000024FF00D
:10F980000003C1E9022300BF0C37BD465DF8047BCC
:10F990007047B0B582B000AF786087ED000A386874
:10F9A000F0F75AFD02460B467968C1E906237B68E9
:10F9B000D3E906017B68D3E90423F0F7EDFB0246A7
:10F9C0000B467968C1E908237B68D3E908457B6861
:10F9D0001B681846F0F740FD02460B4620462946B4
:10F9E000F0F792FD02460B4610461946F1F746F82D
:10F9F00002467B689A607B689B681846F0F72CFD8E
:10FA00007B68D3E90A23F0F7C7FB02460B46796807
:10FA1000C1E90C237B6893ED027A7B68D3ED017A10
:10FA2000B4EEE77AF1EE10FA03DD7B685A687B6882
:10FA30009A607B6893ED027A7B68D3ED017AF1EEF0
:10FA4000677AB4EEE77AF1EE10FA07D57B68D3ED6A
:10FA5000017AF1EE677A7B68C3ED027A7B68D3E9BD
:10FA600006237968C1E904237B689B681846F0F790
:10FA7000F3FC02460B467968C1E90A237B689B6860
:10FA80001846F0F7E9FC02460B4643EC172BB0EEA4
:10FA9000470AF0EE670A0837BD46B0BD80B582B0B0
:10FAA00000AF87ED010AC7ED000AD7ED000A97ED18
:10FAB000010A0AF059FEF0EE407AB0EE670A083704
:10FAC000BD4680BD80B483B000AF87ED010AD7ED9D
:10FAD000017AF0EEE77AB0EE670A0C37BD465DF8C2
:10FAE000047B704780B582B000AF87ED010A97EDC7
:10FAF000010A0AF03BFEF0EE407AB0EE670A0837E2
:10FB0000BD4680BD0000000080B52DED028B96B093
:10FB100000AF786187ED040AC7ED030A87ED021A8A
:10FB2000C7ED011AD7ED047A27EEA77AD7ED037A4D
:10FB300067EEA77A37EE277AD7ED027A67EEA77AD3
:10FB400077EE277AB0EE670A0AF010FE87ED140A06
:10FB5000D7ED147AB1EE047AF4EEC77AF1EE10FA2A
:10FB60004CBF01230023DAB22E4B1A702E4BFB64DC
:10FB700007F12C0300221A605A609A60DA6007F1DC
:10FB80001C0300221A605A609A60DA604FF000038A
:10FB9000BB644FF080437B644FF07E533B644FF077
:10FBA0007E53FB6397ED020AFFF78CFFF0EE407A7D
:10FBB000B0EE007AF4EEC77AF1EE10FACCBF012372
:10FBC0000023DBB2002B23D097ED020AFFF77AFF68
:10FBD000B0EE407AF0EE006AC6EE877AB6EE007AB2
:10FBE00077EE877AC7ED107A97ED020AFFF76AFF82
:10FBF000F0EE407AB0EE007A77EEC77A9FED0B7A9E
:10FC000067EE877AB7EE007A77EE877AC7ED0F7ADC
:10FC1000D7ED027AF1EE677AC7ED127A002387F802
:10FC2000573022E074750020C3F5483FCDCCCC3D61
:10FC3000000025440000344397F85730D7ED047A8C
:10FC4000F1EE677A9B0058333B442C3BC3ED007ABE
:10FC500097F857309B0058333B443C3BFA681A6096
:10FC600097F85730013387F8573097F85730032B00
:10FC7000E2D997ED078A97ED130A0AF099FDB0EEE5
:10FC8000407AD7ED127A67EE277A78EE277AC7EDB9
:10FC9000077A97ED088A97ED130A0AF089FDB0EE0E
:10FCA000407AD7ED127A67EE277A78EE677AC7ED59
:10FCB000087A97ED098A97ED130A0AF079FDB0EEFC
:10FCC000407AD7ED127A67EE277A78EE677AC7ED39
:10FCD000097A97ED0A8A97ED130A0AF069FDB0EEEA
:10FCE000407AD7ED127A67EE277A78EE277AC7ED59
:10FCF0000A7A97ED0B8A97ED130A0AF091FDB0EEA0
:10FD0000407AD7ED127A67EE277A78EE277AC7ED38
:10FD10000B7A97ED0C8A97ED130A0AF081FDB0EE8D
:10FD2000407AD7ED127A67EE277A78EE277AC7ED18
:10FD30000C7A97ED0D8A97ED130A0AF071FDB0EE7B
:10FD4000407AD7ED127A67EE277A78EE677AC7EDB8
:10FD50000D7A97ED0E8A97ED130A0AF061FDB0EE69
:10FD6000407AD7ED127A67EE277A78EE677AC7ED98
:10FD70000E7A97ED077AD7ED077A27EE277AD7ED37
:10FD80000B6AD7ED0B7A66EEA77A77EE277AB0EE9C
:10FD9000670AFFF7A7FEF0EE407A5FED5B6A87EE39
:10FDA000A67AD7ED017A67EE277A7B69C3ED057AEB
:10FDB00097ED087AD7ED087A27EE277AD7ED0C6A07
:10FDC000D7ED0C7A66EEA77A77EE277AB0EE670A5F
:10FDD000FFF788FEF0EE407A5FED6B6A87EEA67A59
:10FDE000D7ED017A67EE277A7B69C3ED067A97ED46
:10FDF000097AD7ED097A27EE277AD7ED0D6AD7ED84
:10FE00000D7A66EEA77A77EE277AB0EE670AFFF7EB
:10FE100069FEF0EE407A5FED7A6A87EEA67AD7ED5A
:10FE2000017A67EE277A7B69C3ED077A97ED0A7A44
:10FE3000D7ED0A7A27EE277AD7ED0E6AD7ED0E7A3C
:10FE400066EEA77A77EE277AB0EE670AFFF74AFEEA
:10FE5000F0EE407A5FED8A6A87EEA67AD7ED017AF6
:10FE600067EE277A7B69C3ED087AD7ED0B7A97EDB9
:10FE7000077AF0EE470AB0EE670AFFF70FFEF0EEE2
:10FE8000407A1FED947A67EE877A17EE900AF0F7C2
:10FE9000E3FA61A3D3E90023F0F760FC02460B46C6
:10FEA000104619465EA3D3E90023F0F72DFB024666
:10FEB0000B46104619464FF000025B4BF0F74EFC24
:10FEC00002460B4610461946F0F7D8FD02467B69FC
:10FED0005A62D7ED0C7A97ED087AF0EE470AB0EE49
:10FEE000670AFFF7DBFDF0EE407A9FED507A67EE90
:10FEF000877A17EE900AF0F7AFFA47A3D3E9002309
:10FF0000F0F72CFC02460B461046194644A3D3E9F1
:10FF10000023F0F7F9FA02460B46104619464FF057
:10FF20000002414BF0F71AFC02460B4610461946F8
:10FF3000F0F7A4FD02467B699A62D7ED0D7A97ED42
:10FF4000097AF0EE470AB0EE670AFFF7A7FDF0EE78
:10FF5000407A9FED367A67EE877A17EE900AF0F7CF
:10FF60007BFA2DA3D3E90023F0F7F8FB02460B46FA
:10FF7000104619462AA3D3E90023F0F7C5FA024632
:10FF80000B46104619464FF00002274BF0F7E6FBF0
:10FF900002460B4610461946F0F770FD02467B6993
:10FFA000DA62D7ED0E7A97ED0A7AF0EE470AB0EEF4
:10FFB000670AFFF773FDF0EE407A9FED1C7A67EE5B
:10FFC000877A17EE900AF0F747FA13A3D3E90023D4
:10FFD000F0F7C4FB02460B461046194610A3D3E9BE
:10FFE0000023F0F791FA02460B46104619464FF0EF
:10FFF00000020D4BF0F7B2FB02460B4610461946C5
:020000040801F1
:10000000F0F73CFD02467B691A6300BF5837BD46D6
:10001000BDEC028B80BD00BF1F85EB51B81E0940AF
:1000200000000000E0FFEF40008076400000344315
:1000300090B587B000AF234B1B685A1C21490A605A
:10004000002B0CBF01230023DBB2002B0AD01E4B78
:100050001B683B603A464FF400734FF400711B4835
:10006000FDF732F91A4B1B685A1C19490A60002B1C
:100070000CBF01230023DBB2002B10D0124B1B68F6
:100080007B60144B07F108040FCB84E80F0007F1E5
:1000900008033A1D4FF4A0710F48FDF75DF90F4BAF
:1000A0001B685A1C0D490A60002B0CBF012300235A
:1000B000DBB2002B02D00A4800F0AAFC00BF1C37BC
:1000C000BD4690BDC0670020B8C80108F0500020B0
:1000D000C4670020BCC8010808530020E850002075
:1000E0006050002080B500AFFFF7A2FF80BD80B454
:1000F00085B000AFF86087ED020AC7ED010A0B4634
:10010000FB70FB684FF000021A60FB6800221A7156
:10011000FB684FF000029A60FB684FF00002DA6063
:10012000FB684FF000021A61FB684FF000025A6151
:10013000FB684FF000029A61FB68BA681A61FB68BD
:100140007A685A61FB68FA781A71FB684FF000020E
:100150001A60FB684FF000029A60FB684FF00002E3
:10016000DA60FB684FF000029A61FB6818461437AA
:10017000BD465DF8047B704780B582B000AF786003
:100180007B681B79002B2FD17B6893ED067A7B6807
:10019000D3ED037AB4EEE77AF1EE10FA0ADB7B686E
:1001A00093ED037A7B68D3ED027AB4EEE77AF1EE51
:1001B00010FA15DA7B6893ED067A7B68D3ED037A43
:1001C000B4EEE77AF1EE10FA0ED87B6893ED037A7D
:1001D0007B68D3ED027AB4EEE77AF1EE10FA03D839
:1001E0007B68DA687B681A607B68D3ED027AF5EE8B
:1001F000C07AF1EE10FA6EDD7B6893ED067A7B68CB
:10020000D3ED027AB4EEE77AF1EE10FA2BDD7B68DB
:1002100093ED027A7B68D3ED067A77EE677AB0EEDB
:10022000670A00F044F9B0EE407A7B68D3ED047AB7
:10023000B4EEE77AF1EE10FACCBF01230023DBB273
:10024000002B0BD07B6893ED007A7B68D3ED047AAA
:1002500077EE277A7B68C3ED007A20E17B689A69A4
:100260007B681A601BE17B6893ED067A7B68D3EDAF
:10027000027AB4EEE77AF1EE10FA40F110817B6871
:1002800093ED027A7B68D3ED067A77EE677AB0EE6B
:10029000670A00F00CF9B0EE407A7B68D3ED057A7E
:1002A000B4EEE77AF1EE10FACCBF01230023DBB203
:1002B000002B0BD07B6893ED007A7B68D3ED057A39
:1002C00077EE677A7B68C3ED007AE8E07B689A692D
:1002D0007B681A60E3E07B68D3ED027AF5EEC07AC2
:1002E000F1EE10FA6ED57B6893ED067A7B68D3ED5C
:1002F000027AB4EEE77AF1EE10FA2BD57B6893ED33
:10030000027A7B68D3ED067A77EE677AB0EE670AF9
:1003100000F0CDF8B0EE407A7B68D3ED047AB4EE0D
:10032000E77AF1EE10FACCBF01230023DBB2002BF9
:100330000BD07B6893ED007A7B68D3ED047A77EE7F
:10034000677A7B68C3ED007AA9E07B689A697B686D
:100350001A60A4E07B6893ED067A7B68D3ED027A9D
:10036000B4EEE77AF1EE10FA40F399807B6893EDF2
:10037000027A7B68D3ED067A77EE677AB0EE670A89
:1003800000F095F8B0EE407A7B68D3ED057AB4EED4
:10039000E77AF1EE10FACCBF01230023DBB2002B89
:1003A0000BD07B6893ED007A7B68D3ED057A77EE0E
:1003B000277A7B68C3ED007A71E07B689A697B6875
:1003C0001A606CE07B6893ED067A7B68D3ED027A65
:1003D000B4EEE77AF1EE10FA2BDD7B6893ED027A4A
:1003E0007B68D3ED067A77EE677AB0EE670A00F0A5
:1003F0005EF8B0EE407A7B68D3ED047AB4EEE77A2B
:10040000F1EE10FACCBF01230023DBB2002B0BD09E
:100410007B6893ED007A7B68D3ED047A77EE277AD8
:100420007B68C3ED007A3AE07B689A697B681A6062
:1004300035E07B6893ED067A7B68D3ED027AB4EE03
:10044000E77AF1EE10FA2AD57B6893ED027A7B68A1
:10045000D3ED067A77EE677AB0EE670A00F027F8F8
:10046000B0EE407A7B68D3ED047AB4EEE77AF1EE31
:1004700010FACCBF01230023DBB2002B0BD07B682A
:1004800093ED007A7B68D3ED047A77EE677A7B6828
:10049000C3ED007A03E07B689A697B681A607B6829
:1004A0001A687B689A6000BF0837BD4680BD80B47B
:1004B00083B000AF87ED010AD7ED017AF5EEC07A7F
:1004C000F1EE10FA02DDD7ED017A03E0D7ED017A03
:1004D000F1EE677AB0EE670A0C37BD465DF8047B33
:1004E0007047000080B500AF074B1B6803F00103A5
:1004F000002B05D1054800F00BF8034B01221A60D0
:10050000024B184680BD00BF907500207875002012
:1005100080B483B000AF78607B6800221A737B6878
:1005200000221A617B6800221A757B6818460C3716
:10053000BD465DF8047B704780B485B000AF78603D
:100540000B46FB70FB78002B22D0FB78082B1FD8C2
:100550007B681B7B0B2B1DD80023FB7308E0FB7B08
:100560007A68D35CFA789A4216D0FB7B0133FB732E
:100570007B681B7BFA7B9A42F1D3F9787B681B7B03
:100580005A1CD0B27A6810731A467B68995404E0FA
:1005900000BF02E000BF00E000BF1437BD465DF8B9
:1005A000047B704780B485B000AF7860FE23BB73D6
:1005B0007B681B7B0B2B1BD80023FB7308E0FB7BAA
:1005C0007A68D35CBA7B9A4214D0FB7B0133FB730D
:1005D0007B681B7BFA7B9A42F1D3B97B7B681B7BE0
:1005E0005A1CD0B27A6810731A467B68995402E09C
:1005F00000BF00E000BF1437BD465DF8047B7047C4
:1006000080B586B000AF7860F3F794FE38617B6800
:100610001B7D002B36D17B681B693A69D31AB3F571
:10062000FA7F31D37B681B7B002B2ED07B681B7835
:10063000FB730123FB7509E0FA7DFB7D013B7968C3
:10064000895C7A68D154FB7D0133FB757B681B7B29
:10065000FA7D9A42F0D37B681B7B013BDAB27B6860
:100660001A737B6801221A75FB7B1946786800F0C3
:100670000FF8F3F75FFE02467B681A617B68002281
:100680001A7502E000BF00E000BF1837BD4680BD0C
:1006900080B584B000AF78600B46FB70FB78FF2B11
:1006A00010D10121786800F067F84FF4FA70F7F77D
:1006B000AEFC0021786800F05FF84FF4FA70F7F7AD
:1006C000A6FC55E0FB78FE2B1ED10023FB7314E043
:1006D0000121786800F050F84FF4FA70F7F797FCB2
:1006E0000021786800F048F8FB7B012B02D86420D9
:1006F000F7F78DFCFB7B0133FB73FB7B022BE7D908
:10070000C820F7F784FC33E0FB78FD2B10D10121E2
:10071000786800F031F84FF47A70F7F778FC002130
:10072000786800F029F84FF47A70F7F770FC1FE052
:100730000023BB7315E00121786800F01DF86420E8
:10074000F7F765FC0021786800F016F8BA7BFB78B3
:10075000013B9A4202DA6420F7F759FCBB7B013374
:10076000BB73BA7BFB789A42E5D3C820F7F74FFCFE
:1007700000BF1037BD4680BD80B483B000AF786045
:100780000B46FB70FB78002B04D0074B1B68EE2256
:10079000DA6303E0044B1B680022DA6300BF0C3706
:1007A000BD465DF8047B70478C4A002080B586B05A
:1007B00000AF01F0B2FB01F0BBFE03461A680C3239
:1007C00012680121184690477861244A07F108030E
:1007D00092E8030083E8030001F0AAFE03461A68CA
:1007E0000C32126802211846904738611C4A3B4679
:1007F00092E8030083E803007B691B6828331B68C9
:1008000007F108021146786998473B691B6828334D
:100810001B683A461146386998471248F0F700FBC2
:100820001148F0F795FA08210F48F0F7B9FB0021BD
:100830000E48F0F7B5FB04210C48F0F7B1FB082196
:100840000A48F0F7ADFB0A4806F038FA094B0122D6
:100850001A7000BF1837BD4680BD00BFCCC8010864
:10086000D4C801081C4B00208C4A0020D44A002028
:10087000BC7700209475002090B587B000AF324B54
:100880001B685A1C30490A60002B0CBF012300234F
:10089000DBB2002B0AD02D4B1B683B603A464FF46D
:1008A00000734FF400712A48FCF70EFD294B1B68BA
:1008B0005A1C28490A60002B0CBF01230023DBB21D
:1008C000002B10D0214B1B687B60234B07F10804E1
:1008D0000FCB84E80F0007F108033A1D4FF4A07115
:1008E0001E48FCF739FD1E4B1B685A1C1C490A6048
:1008F000002B0CBF01230023DBB2002B02D01948D0
:1009000000F086F8184B1B685A1C17490A60002B28
:100910000CBF01230023DBB2002B02D01348FBF7EE
:100920004FFC134B1B685A1C11490A60002B0CBF6B
:1009300001230023DBB2002B02D00E48FBF728FE78
:1009400000BF1C37BD4690BDC0670020DCC8010851
:10095000F0500020C4670020E0C8010808530020C0
:10096000E850002060500020C8670020B8550020E3
:10097000CC6700204467002080B500AFFFF77CFF04
:1009800080BD80B483B000AF00237B80BA1C3B1DC8
:1009900012881A8000233A7962F307037A7962F3A6
:1009A0000F2318460C37BD465DF8047B704780B4B2
:1009B00089B000AF4FF000024FF00003C7E90423F5
:1009C0004FF000024FF00003C7E90623D7E9040106
:1009D000D7E9062341EC160B43EC172BB0EE460A81
:1009E000F0EE660AB0EE471AF0EE671A2437BD46FD
:1009F0005DF8047B704780B483B000AF0023FB80B8
:100A0000BB1D1B7818460C37BD465DF8047B70474C
:100A100090B583B000AF78607B6800221A707C6864
:100A2000FFF7C5FFB0EE406AF0EE606AB0EE417AC3
:100A3000F0EE617A84ED0E6B84ED107B7C68FFF73D
:100A4000B6FFB0EE406AF0EE606AB0EE417AF0EECA
:100A5000617A84ED126B84ED147B7C68FFF7A7FF4D
:100A6000B0EE406AF0EE606AB0EE417AF0EE617A84
:100A700084ED166B84ED187B7B6800229A667B6898
:100A80000022DA667C68FFF7B6FF84F870007C68A5
:100A9000FFF777FF03461BB21A4684F87120C3F3B1
:100AA000072384F872307B68743364211846F9F7A1
:100AB0002AFE7B6818460C37BD4690BDB0B588B09D
:100AC00000AF7860396007F11803062239681846CC
:100AD0000BF058FA3B6806333B60D7E90623796888
:100AE000C1E906233B681C685D6822462B46C7E9BE
:100AF00004233B6808333B60D7E904237968C1E9E4
:100B000008233B681B68BB603B6804333B60D7E944
:100B100002237968C1E90A2300BF2037BD46B0BD72
:100B200080B582B000AF78600B467B807B88A3F5F0
:100B300080631846EFF77EFC4FF00002064BEFF79C
:100B40000DFE02460B4643EC172BB0EE470AF0EEC3
:100B5000670A0837BD4680BD00A084402DE9B04F2C
:100B600088B000AFF860FB687433184600F04CF9A9
:100B7000FB681833FB61FB695A78D208D2B29B78C4
:100B800003F03F035B0113439BB21A4607F11003C6
:100B900011461846FFF7C4FF53EC102B3A6083F060
:100BA00000437B60FB6897ED007B83ED107BFB6966
:100BB0001A785B7803F007031B0213439BB21A46B3
:100BC00007F1100311461846FFF7AAFF53EC102B4C
:100BD000924683F0004BFB68C3E90EABFB691A79C0
:100BE0005208D2B25B7903F00F03DB0113439BB2CF
:100BF0001A4607F1100311461846FFF791FFB0EEB1
:100C0000407AF0EE607AFB6883ED147BFB699A789A
:100C10009209D2B2D97889000A431B7903F0010303
:100C20009B0213439BB21A4607F110031146184664
:100C3000FFF776FFB0EE407AF0EE607AFB6883ED66
:100C4000127BFB695B79C3F30113DBB21A46FB68C5
:100C50009A66FB695B79C3F38113DBB21A46FB68C2
:100C6000DA66FB682033BB61BB69B3F900301BB2A5
:100C70001846EFF7DFFB4FF000022C4BEFF76EFD4D
:100C800002460B46904683F00049FB68C3E916898B
:100C9000BB69B3F902301BB21846EFF7CBFB4FF03C
:100CA0000002224BEFF75AFD02460B46144683F032
:100CB0000045FB68C3E91845BB699979FA6892F861
:100CC000703061F3000382F87030BB69D979FA683B
:100CD00092F8703061F3410382F87030FB6828337A
:100CE0007B61FB687A69713312881A807B695B8843
:100CF0009AB207F1100311461846FFF711FFB0EE44
:100D0000407AF0EE607AFB6883ED0C7BFB6874330D
:100D1000184600F06CF8FB687433184600F081F850
:100D200000BF2037BD46BDE8B08F00BF0000E040E7
:100D300080B584B000AFF860B9607A60BB681B4AC8
:100D400093420BD17B68122B08D1FB680133194603
:100D5000F868FFF7B3FEF868FFF700FFFB680133A0
:100D6000122219461148F3F760FDF3F7E3FA024641
:100D70000F4BA3FB02131B09322101FB03F3D31A10
:100D8000002B0CBF01230023DBB2002B09D0FB6832
:100D90007433184600F02BF8FB687433184600F0E3
:100DA00040F800BF1037BD4680BD00BFAC4B0020EF
:100DB0001F85EB5180B500AF084B1B685A1C0749D3
:100DC0000A60002B0CBF01230023DBB2002B02D0F2
:100DD0000348FFF71DFE00BF80BD00BFE8500020A4
:100DE0006050002080B500AFFFF7E4FF80BD80B504
:100DF00082B000AF7860F3F79DFA02467B689A6094
:100E000000BF0837BD4680BD80B582B000AF7860B6
:100E1000F3F790FA02467B68DA6000BF0837BD46F8
:100E200080BD80B483B000AF78607B689A687B68CF
:100E3000DB689A4208D27B689A687B68DB68D31AC1
:100E40005A1E7B681A6006E07B689A687B68DB68DC
:100E5000D21A7B681A607B681A687B685B689A4262
:100E600007D37B681B69002B0AD17B6801221A61BA
:100E700006E07B681B69012B02D17B6800221A61A6
:100E800000BF0C37BD465DF8047B704780B582B06B
:100E900000AF78607B689B68002B05D07B689B68FF
:100EA00078687968032298477B6818460837BD46FA
:100EB00080BD000080B483B000AF7860044A7B68D6
:100EC0001A607B6818460C37BD465DF8047B704796
:100ED00028CE010880B582B000AF78607868FFF74F
:100EE000E9FF0421786809F0FFFB7B6818460837A2
:100EF000BD4680BD80B483B000AF7860044A7B6893
:100F00001A607B6818460C37BD465DF8047B704755
:100F100044CE010880B582B000AF78607868FFF7F2
:100F2000E9FF0421786809F0DFFB7B681846083781
:100F3000BD4680BD80B582B000AF7860084A7B684E
:100F40001A607B681433184600F04DF97B68184628
:100F5000FFF7D0FF7B6818460837BD4680BD00BF4D
:100F600070CE010880B582B000AF78607868FFF776
:100F7000E1FF2021786809F0B7FB7B681846083745
:100F8000BD4680BD80B582B000AF78600A4A7B68FC
:100F90001A607B6834331846FFF7CCFF7B68143344
:100FA0001846FFF7C7FF7B681846FFF783FF7B688B
:100FB00018460837BD4680BD0CCE010880B582B00A
:100FC00000AF78607868FFF7DDFF5421786809F09A
:100FD0008BFB7B6818460837BD4680BD80B500AFE7
:100FE0000148FFF7CFFF80BD9875002080B500AFA6
:100FF0000F4B1B6803F00103002B08D10D4800F0D4
:101000002DF80B4B01221A600B480AF00EFE094B1B
:101010001B7983F00103DBB2002B05D0054800F0FB
:101020005BF8044B01221A71024B184680BD00BFC9
:10103000EC75002098750020DD0F010880B483B0A6
:1010400000AF7860044A7B681A607B6818460C37EA
:10105000BD465DF8047B704728CE010880B582B09C
:1010600000AF78607B681846FFF7E8FF174A7B6897
:101070001A607B6800221A717B68083300221A60AC
:101080005A609A607B6803F1140000230022104923
:1010900000F0D0F97B6803F1340001230E220D49E2
:1010A00000F0C8F97B6814331A460021786800F014
:1010B0004AF87B6834331A460121786800F043F817
:1010C0007B6818460837BD4680BD00BF0CCE0108BE
:1010D000384A0020604A002080B584B000AF7860B4
:1010E0000023FB6027E07B68FA68023253F8223065
:1010F000002B1DD07B68FA68023253F822301B683F
:1011000008331B687A68F968023152F821201046CA
:1011100098477B68FA68023253F822301B680C3318
:101120001B687A68F968023152F821201046984706
:10113000FB680133FB60FB68022BD4D900BF00BF02
:101140001037BD4680BD80B485B000AFF8600B4657
:101150007A60FB72FB7A022B08D87B68002B05D0E3
:10116000FA7AFB680232796843F8221000BF14371C
:10117000BD465DF8047B704780B483B000AF7860F3
:101180000B46FB70FB78022B0CD8FA787B68023296
:1011900053F82230002B05D0FA787B68023253F8DE
:1011A000223001E07B68143318460C37BD465DF8E9
:1011B000047B704780B483B000AF78600B46FB704F
:1011C000FB78022B08D8FA787B68023253F8223079
:1011D000002B01D0012300E0002318460C37BD4648
:1011E0005DF8047B7047B0B586B000AF78607B686F
:1011F0001D687B685C687B68184600F039F8034618
:101200007D613C61FB603969786900F055F800BF89
:101210007B68184600F013F87B6818461837BD46FF
:10122000B0BD80B584B000AF78607B68FB60F868C3
:1012300000F04FF87B6818461037BD4680BD80B57A
:1012400082B000AF78607B6819687B689A687B68B9
:101250001B68D31A1B111A46786800F014F87B68D3
:101260001846FFF7DEFF7B6818460837BD4680BD8D
:1012700080B483B000AF78607B6818460C37BD46F9
:101280005DF8047B704780B588B000AFF860B96046
:101290007A60BB68002B0BD0FB68FB61BB68BB614D
:1012A0007B687B617A69B969F86900F036F800BF3C
:1012B00000BF2037BD4680BD80B582B000AF7860EA
:1012C00039603968786800F00FF800BF0837BD460C
:1012D00080BD80B483B000AF78607B6818460C375F
:1012E000BD465DF8047B704780B582B000AF786082
:1012F000396009E0786800F01FF80346184600F0EE
:1013000033F87B6810337B607A683B689A42F1D18E
:1013100000BF00BF0837BD4680BD80B584B000AFB8
:10132000F860B9607A607B681B011946B86809F0FB
:10133000DBF91037BD4680BD80B483B000AF786064
:101340007B6818460C37BD465DF8047B704780B556
:1013500082B000AF78607B681846FFF797FD7B6826
:1013600018460837BD4680BD80B582B000AF7860B2
:101370007868FFF7ECFF00BF0837BD4680BD80B43A
:1013800083B000AF786039603B6818460C37BD46C3
:101390005DF8047B704780B483B000AF78607B68F1
:1013A0009B68002B0CBF01230023DBB218460C37CF
:1013B000BD465DF8047B704780B483B000AF7860B1
:1013C00039603B681A687B681B689A4201D23B68A7
:1013D00000E07B6818460C37BD465DF8047B70471B
:1013E00080B483B000AF7860044A7B681A607B6881
:1013F00018460C37BD465DF8047B704744CE0108A3
:1014000080B582B000AF78607B68184600F0A0F924
:101410007B6818460837BD4680BD80B582B000AFF6
:1014200078607B681846FFF7EBFF7B681846083743
:10143000BD4680BD80B584B000AFF860B9607A6009
:101440003B60FB681846FFF7CBFF0C4AFB681A604D
:10145000FB68BA685A60FB687A689A60FB683A6809
:10146000DA60FB6800221A61FB6814331846FFF744
:10147000D4FFFB6818461037BD4680BD70CE01080A
:1014800080B582B000AF7860786800F0DAF800BF0D
:101490000837BD4680BD80B582B000AF78607B68FC
:1014A0005B681846F0F766FE7B68DB68002B07D1A7
:1014B0007B685B6840F60A711846F1F77CF90AE030
:1014C0007B68DB68012B06D17B685B684FF4756134
:1014D0001846F1F770F900BF0837BD4680BD80B5EA
:1014E0008AB000AF786039607B685B681846F0F7B7
:1014F000E3FF0346002B0CBF01230023DBB2002BCC
:1015000001D000233BE03B681B7B3B623B681B7DBB
:10151000002B01D0042300E00023BB613B685B7D0E
:10152000002B01D0022300E00023FB613B681B6914
:10153000FB603B681B7D002B05D03B689B687B6193
:1015400000233B6104E03B689B683B6100237B61B7
:10155000002387F824307B6858683A6807F10C0349
:1015600007F11001F0F793FE0346002B14BF01238F
:101570000023DBB2002B01D0002300E0012318463A
:101580002837BD4680BD80B58AB000AF786039602D
:101590007B685A687B68DB6819461046F1F7E3F808
:1015A0000346002B0CBF01230023DBB2002B01D02C
:1015B000002336E07B6858687B68D9683B6807F190
:1015C0000C02F0F7AEFF0346002B14BF01230023EB
:1015D000DBB2002B01D0002323E07B69002B01D17B
:1015E000FB6800E03B693A689360FB69DAB23B68EC
:1015F0001A737B69042B0CBF01230023DAB23B680A
:101600001A75BB69022B0CBF01230023DAB23B68B9
:101610005A757B681B6820331B683968786898475F
:10162000012318462837BD4680BD80B483B000AF83
:1016300078607B685B6818460C37BD465DF8047BB4
:10164000704780B58CB000AF78600123BB627B68C7
:101650009B68FB617B68DB68BB610023BB60002388
:10166000FB6000233B6100237B6100233B6201237D
:101670007B620E23FB627B685B6807F10802114600
:101680001846F0F799FC00BF3037BD4680BD80B5E5
:1016900082B000AF78603960386800F06AF80346BD
:1016A000002B05D07B6814333968184600F071F8B8
:1016B00000BF0837BD4680BD80B586B000AF7860FA
:1016C00039607B6814337B61786900F09CF80346CD
:1016D000FB60786900F0A7F80346BB6014E007F1EF
:1016E0000C03184600F0D9F83861386900F041F869
:1016F0000346002B03D03968386900F0DAF807F1A7
:101700000C03184600F0B8F807F1080207F10C03C3
:101710001146184600F098F80346002BDFD100BFB1
:1017200000BF1837BD4680BD80B483B000AF78607D
:1017300039607B681A683B681B689A4201D23B6833
:1017400000E07B6818460C37BD465DF8047B7047A7
:1017500080B584B000AF78607B68FB60FB68BB60DD
:101760007B68184600F0C1F87B6818461037BD4604
:1017700080BD80B582B000AF78607B681846FFF707
:101780000AFE034683F00103DBB218460837BD4664
:1017900080BD90B589B000AF786039607B685A68C9
:1017A0007B689B689A4226D07A687B685B68FA619E
:1017B000BB613B687B61786900F090F90246BB69C8
:1017C0003B61FA60FB69BB603B6919461020FFF77B
:1017D000D6FD0446F86800F081F903461946204614
:1017E00000F02CFA00BF00BF7B685B6803F11002B9
:1017F0007B685A6003E03968786800F0BDF800BF84
:101800002437BD4690BD80B584B000AF78607A685B
:1018100007F10C031146184600F03AF9FB68184628
:101820001037BD4680BD80B584B000AF78607B685E
:101830001A1D07F10C031146184600F029F9FB6840
:1018400018461037BD4680BD90B583B000AF7860B4
:101850003960786800F02CF903461C68386800F09D
:1018600027F903461B689C4214BF01230023DBB207
:1018700018460C37BD4690BD80B483B000AF786089
:101880007B681B6803F110027B681A607B6818464E
:101890000C37BD465DF8047B704780B483B000AF61
:1018A00078607B681B6818460C37BD465DF8047B82
:1018B0007047B0B582B000AF786039607B68184679
:1018C000FFF769FD0346002B01D008F047FF7B6856
:1018D000DC687D68386800F0F6F80346194628464B
:1018E000A04700BF0837BD46B0BD80B483B000AF8D
:1018F00078607B6800221A607B6800225A607B68EF
:1019000000229A607B6818460C37BD465DF8047B60
:10191000704780B485B000AFF860B9607A603B6012
:10192000FB68BA681A60FB687A685A60FB683A68B4
:101930009A60FB6818461437BD465DF8047B704713
:1019400080B586B000AF78607B681B68002B0ED036
:101950007B6899687B681A687B685B6879613A6123
:10196000FB60FA6839697869FFF7D7FC00BF7B68CC
:1019700018461837BD4680BDB0B594B000AF78604A
:101980003960424A0121786800F0B3F8F864FB6CD2
:10199000002B7B681B68BB647B685B687B64786832
:1019A000FFF741FF0346BB617868FFF72CFF034652
:1019B000FB6107F11C0207F118031146184600F0FD
:1019C000DFF803463B647B68F96C184600F0EDF8DD
:1019D000F863FB6BBB637B6807F10C00FA6CF96B77
:1019E000FFF797FF7C683B6C1B01FA6B13441846AA
:1019F00000F0F4F80546386800F070F803467C63A0
:101A00003D63FB62F86A00F069F802463B6BBB621B
:101A10007A627B6B3B62BB6A19461020FFF7AFFC12
:101A20000446786A00F05AF803461946204600F04A
:101A300005F900BF00BF7B681846FFF719FC034695
:101A4000FA6B796CB86C00F0D4F8B863BB6B1033E8
:101A5000BB63BB6CFB607B689A68BB6CD31A1B11C1
:101A60003B6107F10C031846FFF76AFF7B68FA6BCE
:101A70001A607B68BA6B5A60FB6C1B01FA6B1A44E4
:101A80007B689A6000BF5037BD46B0BDF0C8010802
:101A900080B483B000AF786039603B681A687B68B7
:101AA0001A607B6818460C37BD465DF8047B7047AA
:101AB00080B483B000AF78607B6818460C37BD46B1
:101AC0005DF8047B704780B483B000AF78607B68BA
:101AD00018460C37BD465DF8047B704780B483B070
:101AE00000AF78607B6818460C37BD465DF8047B14
:101AF000704790B587B000AFF860B9607A60F86859
:101B000000F0C7F80446F86800F0D4F80346E21A7B
:101B1000BB689A4234BF01230023DBB2002B02D002
:101B2000786808F018FEF86800F0C4F80446F86811
:101B300000F0C0F803463B6107F1080207F110030B
:101B400011461846FFF7F0FD03461B6823447B61EE
:101B5000F86800F0AFF802467B69934206D3F86854
:101B600000F097F802467B69934204D9F86800F0C8
:101B700090F8034600E07B6918461C37BD4690BDCF
:101B800090B583B000AF786039607868FFF790FF58
:101B900003461C683868FFF78BFF03461B68E31A8F
:101BA0001B1118460C37BD4690BD80B584B000AF00
:101BB000786039603B68002B0BD07B68FB603B682A
:101BC000BB600022B968F86800F0CCF8034600BF9B
:101BD00000E0002318461037BD4680BD80B483B0B6
:101BE00000AF78607B6818460C37BD465DF8047B13
:101BF000704780B584B000AFF860B9607A603B6030
:101C00003B687A68B968F86800F064F803461846DB
:101C10001037BD4680BD80B483B000AF78607B686C
:101C20001A460023136053607B6800229A607B6829
:101C300018460C37BD465DF8047B704780B582B00E
:101C400000AF786039607B681A46002313605360E8
:101C500093607B681846FFF7DEFF7B680022DA603E
:101C60003868FFF786FD0346002B0DD03B689B6864
:101C700078683968022298473B68DA687B68DA60DE
:101C80003B689A687B689A607B6818460837BD464F
:101C900080BD80B582B000AF78607B68184600F0E8
:101CA00056F80346184600F032F80346184608373F
:101CB000BD4680BD80B483B000AF78607B685A6851
:101CC0007B681B68D31A1B1118460C37BD465DF89C
:101CD000047B7047B0B584B000AFF860B9607A603B
:101CE0003B60F86800F068F80446B86800F064F8F3
:101CF0000546786800F060F802463B6829462046B1
:101D000000F065F8034618461037BD46B0BD80B5F3
:101D100088B000AF78606FF078433B617B68FB610F
:101D2000FB69BB61BB697B616FF0784300BF00BF9B
:101D3000FB6007F10C0207F1100311461846FFF78C
:101D40003BFB03461B6818462037BD4680BD80B468
:101D500083B000AF78607B6818460C37BD465DF8ED
:101D6000047B704780B586B000AFF860B9607A60D8
:101D7000FB687B616FF07842BB6893428CBF0123A4
:101D80000023DBB2002B14BF01230023DBB2002BA6
:101D900007D0BB68B3F1805F01D308F0D9FC08F02D
:101DA000D4FCBB681B01184608F0A8FC034600BF22
:101DB00018461837BD4680BD80B483B000AF786048
:101DC0007B6818460C37BD465DF8047B704790B5BC
:101DD00087B000AFF860B9607A603B607B687B6178
:101DE00012E07869FFF7A8FA0446F868FFF7A4FA4A
:101DF00003463A681946204600F00FF8FB68103396
:101E0000FB607B6910337B61FA68BB689A42E8D15A
:101E10007B6918461C37BD4690BD90B58FB000AFAA
:101E2000F860B9607A60B86800F033F802467B6801
:101E30007B62FB683B62FA61F86900F035F80246A4
:101E40003B6ABB617A617B6A3B61BB6919461020C2
:101E5000FFF795FA0446786900F026F8034619461C
:101E6000204600F02CF800BF00BFB868FFF764FA06
:101E700002467B687B633A633B6BFB627B6BBB62B6
:101E8000F86AFFF764FA00BF00BF00BF3C37BD46E9
:101E900090BD80B483B000AF78607B6818460C3783
:101EA000BD465DF8047B704780B483B000AF7860B6
:101EB0007B6818460C37BD465DF8047B704780B5DB
:101EC00082B000AF786039607B681A4600231360E7
:101ED000536093607B681846FFF79DFE3B68DA68A5
:101EE0007B68DA603868FFF744FC0346002B0FD0AC
:101EF0003A687B6892E8030083E803003B689A68CD
:101F00007B689A603B6800229A603B680022DA6036
:101F10007B6818460837BD4680BD80B500AFFFF727
:101F200065F80346184680BD80B483B000AF786082
:101F3000044A7B681A607B6818460C37BD465DF81A
:101F4000047B7047B8CE010880B582B000AF7860DE
:101F50007868FFF7E9FF0421786808F0C5FB7B6823
:101F600018460837BD4680BD80B483B000AF7860A6
:101F7000044A7B681A607B6818460C37BD465DF8DA
:101F8000047B7047D4CE010880B582B000AF786082
:101F90007868FFF7E9FF0421786808F0A5FB7B6803
:101FA00018460837BD4680BD80B582B000AF786066
:101FB000054A7B681A607B681846FFF7D5FF7B6887
:101FC00018460837BD4680BD10CF010880B582B0E5
:101FD00000AF78607868FFF7E7FF0C21786808F0B9
:101FE00083FB7B6818460837BD4680BD80B582B04C
:101FF00000AF78600D4A7B681A607B682C33184606
:10200000FFF7D2FF7B6820331846FFF7CDFF7B68D0
:1020100014331846FFF7C8FF7B681846FFF784FFA4
:102020007B6818460837BD4680BD00BF9CCE0108BE
:1020300080B582B000AF78607868FFF7D7FF3821AD
:10204000786808F051FB7B6818460837BD4680BDAC
:1020500080B500AF0148FFF7C9FF80BDF0750020D3
:1020600080B500AF0F4B1B6803F00103002B08D1B4
:102070000D4800F02DF80B4B01221A600B4809F0B7
:10208000D4FD094B1B7983F00103DBB2002B05D093
:10209000054800F065F8044B01221A71024B1846FE
:1020A00080BD00BF28760020F07500205120010877
:1020B00080B483B000AF7860044A7B681A607B68A4
:1020C00018460C37BD465DF8047B7047B8CE010852
:1020D00080B582B000AF78607B681846FFF7E8FFF4
:1020E0001B4A7B681A607B6800221A717B68083380
:1020F00000221A605A609A607B68143315491846AA
:1021000000F0C6F87B6820331349184600F0C0F889
:102110007B682C331149184600F0BAF87B681433F9
:102120001A460021786800F052F87B6820331A467E
:102130000121786800F04BF87B682C331A460221A5
:10214000786800F044F87B6818460837BD4680BDC3
:102150009CCE0108644B0020AC4B0020F44B0020C7
:1021600080B584B000AF78600023FB6027E07B6817
:10217000FA68023253F82230002B1DD07B68FA68CF
:10218000023253F822301B6808331B687A68F968FA
:10219000023152F82120104698477B68FA680232D3
:1021A00053F822301B680C331B687A68F9680231D7
:1021B00052F8212010469847FB680133FB60FB680A
:1021C000022BD4D900BF00BF1037BD4680BD80B4FC
:1021D00085B000AFF8600B467A60FB72FB7A022B89
:1021E00008D87B68002B05D0FA7AFB680232796840
:1021F00043F8221000BF1437BD465DF8047B7047DA
:1022000080B483B000AF78600B46FB70FB78022B84
:102210000CD8FA787B68023253F82230002B05D0B4
:10222000FA787B68023253F8223001E07B6814337D
:1022300018460C37BD465DF8047B704780B483B008
:1022400000AF78600B46FB70FB78022B08D8FA7859
:102250007B68023253F82230002B01D0012300E0CA
:10226000002318460C37BD465DF8047B704700001C
:1022700080B483B000AF7860044A7B681A607B68E2
:1022800018460C37BD465DF8047B7047D4CE010874
:1022900080B582B000AF786039607B681846FFF780
:1022A000E7FF0B4A7B681A607B683A685A607B6874
:1022B00000221A727B6800225A727B6800229A728E
:1022C0007B680022DA727B6818460837BD4680BDFD
:1022D00010CF010880B483B000AF786000BF0C3726
:1022E000BD465DF8047B704780B483B000AF786072
:1022F0007B685B681B68DA687B685B681B6842F018
:102300002002DA6000BF0C37BD465DF8047B7047E1
:1023100080B584B000AF786039603B681B68002BE3
:1023200003D03B689B88002B01D1002310E07B6821
:1023300058683B6819683B689B881A46F2F778F939
:102340000346FB73FB7B002B0CBF01230023DBB296
:1023500018461037BD4680BD80B584B000AF7860A8
:1023600039603B681B68002B03D03B689B88002BBF
:1023700001D1002310E07B6858683B6819683B680E
:102380009B881A46F2F78AF90346FB73FB7B002B06
:1023900001D1012300E0002318461037BD4680BD5F
:1023A00080B584B000AF78600B46FB707B685868DE
:1023B000F91C64230122F2F719F80346FB73FB7B37
:1023C000002B0CBF01230023DBB218461037BD469B
:1023D00080BD80B584B000AF786039607B68586894
:1023E000642301223968F2F78CF80346FB73FB7B08
:1023F000002B0CBF01230023DBB218461037BD466B
:1024000080BD80B584B000AF786039603B681B68E0
:10241000002B03D03B689B88002B01D1002310E0E8
:102420007B6858683B6819683B689B881A46F2F7D6
:102430005BF90346FB73FB7B002B01D1012300E01A
:10244000002318461037BD4680BD80B584B000AF6C
:10245000786039603B681B68002B03D03B689B8821
:10246000002B01D1002310E07B6858683B68196895
:102470003B689B881A46F2F7B3F90346FB73FB7B74
:10248000002B01D1012300E0002318461037BD4680
:1024900080BD80B584B000AF786039603B681B6850
:1024A000002B03D03B689B88002B01D1002310E058
:1024B0007B6858683B6819683B689B881A46F2F746
:1024C000B4F90346FB73FB7B002B01D1012300E031
:1024D000002318461037BD4680BD80B584B000AFDC
:1024E000786039600023FB607B685B681B681B6851
:1024F000FB607B685B681B685B68FB60FB687B68F4
:1025000058683B6819683B689B881A46F2F78DF952
:1025100000BF1037BD4680BD80B483B000AF786087
:102520007B685B6818460C37BD465DF8047B7047D6
:1025300080B500AFFFF794FD0346184680BD80B517
:1025400084B000AF786039603B689B6840F2777276
:10255000934240F08A803B68FB60FB681B781BB2AB
:102560001B021AB2FB6801331B781BB213431BB268
:1025700007EE903AF8EEE77A7B68C3ED087AFB68DD
:1025800002331B781BB21B021AB2FB6803331B78A1
:102590001BB213431BB207EE903AF8EEE77A7B6862
:1025A000C3ED097AFB6804331B781BB21B021AB215
:1025B000FB6805331B781BB213431BB207EE903A3E
:1025C000F8EEE77A7B68C3ED0A7AFB6806331A787F
:1025D0007B6883F82C20FB6807331A787B6883F8C4
:1025E0002D207B6893ED087AF2EE046AC7EE267A16
:1025F0007B68C3ED087A7B6893ED0A7AF2EE046A91
:10260000C7EE267A7B68C3ED0A7A7B681A6A7B6814
:102610001A607B685A6A7B685A607B689A6A7B6832
:102620009A607B6893F82C30022B28BF0223DAB221
:102630007B681A737B6893F82D30002B14BF01233D
:102640000023DBB21A467B685A737B683033184626
:10265000FEF7DAFB7B6830331846FEF7C8FB7B6871
:1026600030331846FEF7DDFB00E000BF1037BD46F3
:1026700080BD000080B58AB000AF7860FFF74DFCE8
:1026800003461A680C321268002118469047786297
:102690007B6A1B6818331B68786A984702467B6818
:1026A00093420CBF01230023DBB2002B14D07B6AC2
:1026B0001B6814331B6807F10C021146786A9847AF
:1026C00007F10C0319460648FAF7ECFF07F10C0373
:1026D00019460448FBF797F800BF2837BD4680BD70
:1026E00008530020F050002080B58AB000AF786019
:1026F000FFF713FC03461A680C32126801211846D2
:10270000904778627B6A1B6818331B68786A984721
:1027100002467B6893420CBF01230023DBB2002BEF
:102720002AD01DE07B6A1B6814331B6807F10C027A
:102730001146786A9847034683F00103DBB2002B09
:1027400001D000BF18E007F10C0319460C48FFF751
:10275000F6FE7B6907F10C0219460A4804F026FBD5
:1027600001217868EFF7FFFF0346002B14BF012318
:102770000023DBB2002BD5D100BF2837BD4680BD7A
:1027800044670020BC77002080B584B000AF78603B
:102790007868F0F778FAF860FB68002B1DD078684D
:1027A000EFF72CFD7868EFF7E5FC7B680D4A934264
:1027B00005D140F60A717868EFF7FDFF0EE07B68FF
:1027C000094A93420AD1F968084804F0B9FA4FF46B
:1027D00075617868EFF7EFFF00E000BF1037BD4686
:1027E00080BD00BF384A0020604A0020BC7700202E
:1027F00080B58AB000AF78600B467B80FFF798FE0B
:1028000003461A680C321268012118469047386254
:10281000FFF78EFE03461A680C3212680221184632
:102820009047F8613B6A1B6830331B68386A9847E9
:1028300002467B6893420CBF01230023DBB2002BCE
:102840000DD07B881A4679681F48FEF771FA1F4A37
:1028500007F1140392E8030083E803002FE0FB690B
:102860001B6830331B68F869984702467B689342BF
:102870000CBF01230023DBB2002B20D000237B629E
:1028800009E0134A7B6A13441B781846F9F758F895
:102890007B6A01337B627B887A6A9A42F1DB0D4A5C
:1028A00007F10C0392E8030083E80300FB691B684F
:1028B00028331B6807F10C021146F869984700BFDE
:1028C0002837BD4680BD00BF605000200CC90108FC
:1028D0004076002014C9010880B58AB000AF786046
:1028E000FFF726FE03461A680C32126801211846CB
:1028F00090477862FFF71CFE03461A680C32126894
:1029000002211846904738623B6A1B6830331B68C7
:10291000386A984702467B6893420CBF0123002324
:10292000DBB2002B1ED000237B617B681B681B6819
:102930007B617B681B685B687B617B697868F1F70A
:10294000CDFF214A07F1180392E8030083E8030052
:102950003B6A1B6828331B6807F118021146386A66
:1029600098472CE07B6A1B6830331B68786A98476D
:1029700002467B6893420CBF01230023DBB2002B8D
:102980001DD00023BB607B681B681B68BB607B6835
:102990001B685B68BB60BB687868F1F79FFF0B4AF8
:1029A00007F10C0392E8030083E803007B6A1B68CD
:1029B00028331B6807F10C021146786A984700BF5C
:1029C0002837BD4680BD00BF14C901080CC90108E5
:1029D00090B587B000AF324B1B685A1C30490A6073
:1029E000002B0CBF01230023DBB2002B02D02D48AB
:1029F000FEF70EF82C4B1B685A1C2B490A60002B63
:102A00000CBF01230023DBB2002B0AD0274B1B682D
:102A10003B603A464FF400734FF400712448FAF7D4
:102A200053FC244B1B685A1C22490A60002B0CBF24
:102A300001230023DBB2002B10D01C4B1B687B60F2
:102A40001D4B07F108040FCB84E80F0007F10803C2
:102A50003A1D4FF4A0711948FAF77EFC184B1B6819
:102A60005A1C17490A60002B0CBF01230023DBB25C
:102A7000002B02D01348F9F7A3FB134B1B685A1C19
:102A800011490A60002B0CBF01230023DBB2002B8D
:102A900002D00E48F9F77CFD00BF1C37BD4690BD43
:102AA000E850002060500020C06700201CC90108C9
:102AB000F0500020C467002020C9010808530020FE
:102AC000C8670020B8550020CC670020446700206C
:102AD00080B500AFFFF77CFF80BD80B582B000AF4E
:102AE00078607B681B680C331B68786898477B6844
:102AF0001B6808331B687868984700BF0837BD46D5
:102B000080BD80B485B000AF78607B6800221A6217
:102B10000023FB6007E07B68FA68002143F822107D
:102B2000FB680133FB60FB68072BF4DD7B6818460C
:102B30001437BD465DF8047B704780B584B000AFA4
:102B400078600023FB600FE07B68FA6853F822305E
:102B5000002B06D07B68FA6853F822301846FFF73E
:102B6000BCFFFB680133FB607B681B6AFA689A4212
:102B7000EADB00BF00BF1037BD4680BD80B483B024
:102B800000AF78607B6800221A627B6818460C37B9
:102B9000BD465DF8047B704780B483B000AF7860B9
:102BA0007B681B6807EE903AB0EE670A0C37BD46AB
:102BB0005DF8047B704780B483B000AF786087ED28
:102BC000000A7B683A68DA6000BF0C37BD465DF8E2
:102BD000047B704780B483B000AF786087ED000A53
:102BE0007B683A689A6100BF0C37BD465DF8047B8C
:102BF000704780B483B000AF786087ED000A7B68CF
:102C00003A681A607B683A689A607B683A68DA606A
:102C10007B683A689A6100BF0C37BD465DF8047B5B
:102C20007047000080B483B000AF7860104A7B68C2
:102C30001A607B684FF000025A607B684FF0000218
:102C40009A607B684FF00002DA607B684FF0000208
:102C50001A617B684FF07E525A617B684FF07E525A
:102C60009A617B6818460C37BD465DF8047B704757
:102C700000D0010880B485B000AFF86087ED020A8B
:102C8000C7ED010A87ED001AFB68BA685A60FB6855
:102C90007A689A60FB683A68DA6000BF1437BD460C
:102CA0005DF8047B704780B483B000AF786087ED37
:102CB000000A7B683A681A6100BF0C37BD465DF8B0
:102CC000047B704780B483B000AF786087ED000A62
:102CD0007B683A685A6100BF0C37BD465DF8047BDB
:102CE000704780B483B000AF786087ED000A7B68DE
:102CF0003A689A6100BF0C37BD465DF8047B7047A7
:102D000080B483B000AF78607B685B6807EE903A70
:102D1000B0EE670A0C37BD465DF8047B704780B49F
:102D200083B000AF78607B689B6807EE903AB0EEA6
:102D3000670A0C37BD465DF8047B704780B483B0EA
:102D400000AF78607B68DB6807EE903AB0EE670A08
:102D50000C37BD465DF8047B704780B483B000AF8C
:102D600078607B681B6907EE903AB0EE670A0C3713
:102D7000BD465DF8047B704780B483B000AF7860D7
:102D80007B685B6907EE903AB0EE670A0C37BD4688
:102D90005DF8047B704780B483B000AF78607B68D7
:102DA0009B6907EE903AB0EE670A0C37BD465DF8B6
:102DB000047B704780B483B000AF7860044A7B68BE
:102DC0001A607B6818460C37BD465DF8047B704777
:102DD00000D0010880B582B000AF78607868FFF756
:102DE000E9FF1C21786807F07FFC7B6818460837EC
:102DF000BD4680BD80B588B000AF786187ED040A1C
:102E0000C7ED030AB9607A607B691846FFF70AFFCD
:102E1000274A7B691A607B694FF00002DA617B699F
:102E20004FF000021A627B694FF000025A627B6920
:102E30003A699A627B69FA68DA627B6960330022D8
:102E40001A605A609A60DA600023FB6128E07A69B0
:102E5000FB690C339B0013444FF000021A607A693F
:102E6000FB6910339B0013444FF000021A60FB69AA
:102E70009B00BA6813441A687969FB6914339B0094
:102E80000B441A60FB699B007A6813441A687969DD
:102E9000FB691C339B000B441A60FB690133FB6127
:102EA000FB69032BD3DD7B6918462037BD4680BD07
:102EB000C8CF01080000000080B584B000AFF86002
:102EC00087ED020AC7ED010A0FE0B868EDF7C4FA12
:102ED0001DA3D3E90023EDF75FF902460B46104628
:102EE0001946EDF7CBFD0346BB60B868EDF7B4FAC1
:102EF00017A3D3E90023EDF797FD0346002BE4D198
:102F00000FE0B868EDF7A8FA0FA3D3E90023EDF7B7
:102F100045F902460B4610461946EDF7AFFD03464C
:102F2000BB60B868EDF798FA0BA3D3E90023EDF77F
:102F30005DFD0346002BE4D1BB6807EE903AB0EE8E
:102F4000670A1037BD4680BD182D4454FB21194037
:102F5000182D4454FB210940182D4454FB2109C06D
:102F600080B584B000AF78600023FB607CE07A68B5
:102F7000FB6810339B00134493ED007A7A68FB687A
:102F800018339B001344D3ED007A77EE677ADFEDB8
:102F9000420AB0EE670A7868FFF78EFF87ED020AF3
:102FA000B868EDF759FA36A3D3E90023EDF732FDFF
:102FB0000346002B1DD0B868EDF74EFA32A3D3E9D3
:102FC0000023EDF71DFD0346002B12D07A68FB6845
:102FD00018339B00134493ED007AD7ED027A77EE15
:102FE000277A7A68FB6810339B001344C3ED007A9C
:102FF00037E0B868EDF730FA25A3D3E90023EDF701
:10300000CDF802460B4610461946EDF737FD03464C
:10301000DFED210A00EE103A7868FFF74DFFB0EEC1
:10302000407A7A68FB6818339B001344D3ED007A2A
:1030300077EE277A7A68FB6810339B001344C3ED60
:10304000007A7A68FB680C339B001344D3ED007A56
:10305000F1EE677A7A68FB680C339B001344C3ED8A
:10306000007AFB680133FB60FB68032B7FF77FAFBF
:1030700000BF00BF1037BD4680BD00BFAFF300806A
:10308000182D4454FB21F9BF182D4454FB21F93F5E
:10309000182D4454FB210940DB0FC94080B52DEDAC
:1030A000048B82B000AF78607B681B6828331B6894
:1030B0007A6810469847F0EE408A7B681B681833A0
:1030C0001B687A6810469847B0EE408A7B681B6898
:1030D00024331B687A6810469847F0EE407AB0EEC9
:1030E000670A07F065FBF0EE407A28EE278A7B68D6
:1030F0001B681C331B687A6810469847B0EE409AEC
:103100007B681B6824331B687A6810469847F0EE8A
:10311000407AB0EE670A07F083FBF0EE407A69EE82
:10312000277A78EE277A68EEA77A7B68C3ED077A6C
:103130007B681B6828331B687A6810469847F0EE56
:10314000408A7B681B6818331B687A68104698476A
:10315000B0EE408A7B681B6824331B687A6810468F
:103160009847F0EE407AB0EE670A07F059FBF0EEB0
:10317000407AF1EE677A28EE278A7B681B681C3359
:103180001B687A6810469847B0EE409A7B681B68C7
:1031900024331B687A6810469847F0EE407AB0EE08
:1031A000670A07F005FBF0EE407A69EE277A78EEC1
:1031B000277A68EEA77A7B68C3ED087A7B681B687C
:1031C0002C331B687A6810469847B0EE408A7B68BB
:1031D0001B6820331B687A6810469847F0EE407AE7
:1031E00068EE277A7B68C3ED097A00BF0837BD46D1
:1031F000BDEC048B80BD000080B52DED028B86B048
:1032000000AF786000237B61A7E07B6893ED078ABD
:103210007B6893ED097A7B68D3ED0A7A67EE278A9B
:103220007A687B6914339B001344D3ED007AB0EEC7
:10323000670A07F0F5FAF0EE407A68EEA77A78EEC2
:10324000677AC7ED047A7B6893ED088A7B6893ED13
:10325000097A7B68D3ED0A7A67EE278A7A687B69F8
:1032600014339B001344D3ED007AB0EE670A07F0E5
:103270009FFAF0EE407A68EEA77A78EE277AC7EDEB
:10328000037AD7ED047A27EEA77AD7ED037A67EEB3
:10329000A77A77EE277AB0EE670A07F067FAF0EEC2
:1032A000406A7B6893ED0B7AC6EE877AC7ED027AA7
:1032B000D7ED027A9FED327A67EE877A17EE900AA1
:1032C000EDF7CAF82CA3D3E90023EDF747FA02463D
:1032D0000B4610461946EDF7D1FB01467A687B692B
:1032E0000C339B0013441960D7ED027A9FED257AC9
:1032F000F4EEC77AF1EE10FA14D57A687B691833C8
:103300009B0013441A6879687B6910339B000B4457
:103310001A607A687B690C339B0013444FF00002FB
:103320001A6017E0D7ED040A97ED030A07F01CFABC
:10333000B0EE407A7A687B691C339B001344D3ED6E
:10334000007A77EE277A7A687B6910339B00134402
:10335000C3ED007A7B6901337B617B69032B7FF7C7
:1033600054AF7868FFF7FCFD00BF1837BD46BDECD1
:10337000028B80BDAFF30080182D4454FB2119400F
:1033800000007042CDCC4C3D80B588B000AFF861F4
:1033900087ED060AC7ED050A87ED041AC7ED031A83
:1033A00087ED022AC7ED012AFB691B680C331B68F5
:1033B000FA6997ED030A10469847FB691B681033BA
:1033C0001B68FA6997ED020A10469847FB691B686B
:1033D00014331B68FA6997ED010A10469847FB6998
:1033E0001B6808331B68FA6997ED041AD7ED050AC4
:1033F00097ED060A10469847F869FFF74FFEF869FF
:10340000FFF7FAFE00BF2037BD4680BD80B485B00F
:1034100000AFF86087ED020A7960FA687B681833BC
:103420009B001344BA681A6000BF1437BD465DF8AC
:10343000047B704780B483B000AF786039603B682C
:10344000002B09DB3B68032B06DC7A683B680C33F6
:103450009B0013441B6801E04FF0000307EE903A15
:10346000B0EE670A0C37BD465DF8047B704780B448
:1034700083B000AF786039603B68002B09DB3B68A4
:10348000032B06DC7A683B6810339B0013441B68EF
:1034900001E04FF0000307EE903AB0EE670A0C37F8
:1034A000BD465DF8047B704780B582B000AF7860A0
:1034B0007B681B680C331B680021786898470346BB
:1034C00018460837BD4680BD80B582B000AF786031
:1034D0007B681B680C331B6801217868984703469A
:1034E00018460837BD4680BD80B584B000AFF8608F
:1034F00087ED020AC7ED010A97ED020AF868FFF7A7
:1035000069FB97ED010AF868FFF755FBF868FCF7CF
:1035100033FEF868FFF740FBF0EE407AB0EE670A42
:103520001037BD4680BD80B483B000AF78607B6843
:1035300093F8723003F00803DBB2002B14BF0123B1
:103540000023DBB218460C37BD465DF8047B70479C
:1035500080B483B000AF78607B6893F8723003F07A
:103560001003DBB2002B14BF01230023DBB218468B
:103570000C37BD465DF8047B704780B483B000AF64
:1035800078607B6893F8693018460C37BD465DF863
:10359000047B704780B483B000AF78607B6893F899
:1035A0006A3018460C37BD465DF8047B7047000052
:1035B00080B582B000AF78607B68DB6E1846ECF7B0
:1035C0004BFF09A3D3E90023ECF79EFF02460B460D
:1035D00010461946EDF752FA034607EE903AB0EE60
:1035E000670A0837BD4680BD514CDE0033DF913F8E
:1035F00080B483B000AF78607B6893F86B30184676
:103600000C37BD465DF8047B704780B582B000AFD3
:1036100078607B68D3E9022310461946EDF72EFA4D
:10362000034607EE903AB0EE670A0837BD4680BD04
:1036300080B500AF0848F6F7F6FA0346002B07D02E
:103640000648F8F7C2FB0346002B01D0012300E037
:103650000023184680BD00BF48780020BC770020BA
:1036600080B500AF0C48F6F7DEFA0346002B10D009
:103670000A48FFF758FF034683F00103DBB2002B33
:1036800007D00648F8F7B6FB0346002B01D001230C
:1036900000E00023184680BD48780020BC77002059
:1036A00080B500AF0848F6F7BEFA0346002B07D0F6
:1036B0000648F8F7B4FB0346002B01D0012300E0D5
:1036C0000023184680BD00BF48780020BC7700204A
:1036D00080B500AF0848F6F7A6FA0346002B07D0DE
:1036E0000648FFF720FF0346002B01D0012300E02E
:1036F0000023184680BD00BF48780020BC7700201A
:1037000080B500AF0948F6F78EFA034683F001034F
:10371000DBB2002B05D10648FFF71AFF0346002B4A
:1037200001D0012300E00023184680BD4878002026
:10373000BC77002080B400AF00231846BD465DF87A
:10374000047B704780B58CB000AF786007F124032C
:1037500000221A605A607B68D3ED047AFDEEE77AA6
:1037600017EE903AFB857B68D3ED067AFDEEE77A9B
:1037700017EE903ABB85FB8D1B0A9BB2DBB287F834
:103780002430FB8DDBB287F825307B681B7D87F802
:103790002630BB8D1B0A9BB2DBB287F82730BB8D6E
:1037A000DBB287F828307868F8F7D5FE0346002B9F
:1037B00001D0012300E0002387F829307B681B7FBC
:1037C000002B01D0012300E0002387F82A300023DA
:1037D00087F82B3007F10C0300221A605A609A60B8
:1037E000DA601A615A6140F266637B6108233B76B6
:1037F000002387F82030002387F8213007F10C03DD
:1038000007F1240292E8030083E80300FEF785FB3A
:1038100003461846FFF758FE03461A68103212682E
:1038200007F10C011846904700BF3037BD4680BDF8
:1038300080B582B000AF78604FF4FA70F4F7E7FB20
:10384000054801F091FC0448FFF777F90120F4F7EF
:10385000DEFB00BFF7E700BF4077002080B483B0F5
:1038600000AF87ED010A07E0D7ED017A9FED147AEA
:1038700077EEC77AC7ED017AD7ED017A9FED107A1E
:10388000F4EEC77AF1EE10FAEEDA07E0D7ED017A3E
:103890009FED0B7A77EE877AC7ED017AD7ED017A43
:1038A000F5EEC07AF1EE10FAF0D47B6807EE903AAC
:1038B000B0EE670A0C37BD465DF8047B704700BF69
:1038C0000000B44380B586B000AF87ED010AC7EDB4
:1038D000000A97ED010AFFF7C1FF87ED040A97ED93
:1038E000000AFFF7BBFF87ED030A97ED047AD7EDD7
:1038F000037A77EE677AC7ED057AD7ED057A9FED03
:10390000167AF4EEC77AF1EE10FA08DDD7ED057AF3
:103910009FED127A77EEC77AC7ED057A10E0D7ED02
:10392000057A9FED0F7AF4EEC77AF1EE10FA07D51B
:10393000D7ED057A9FED097A77EE877AC7ED057A9C
:1039400097ED007AD7ED057A77EE277AB0EE670A21
:103950001837BD4680BD00BF000034430000B443AB
:10396000000034C380B588B000AF87ED030AC7ED0F
:10397000020A87ED011AD7ED037AB0EEE77AD7EDA8
:10398000027AF0EEE77AF0EE670AB0EE470A06F048
:10399000DBFF87ED070AD7ED037A27EEA77AD7ED8D
:1039A000027A67EEA77A77EE277AB0EE670A06F01A
:1039B000DDFE87ED060AD7ED077AF5EEC07AF1EE67
:1039C00010FA20DD97ED067AD7ED077AB4EEE77AA4
:1039D000F1EE10FA17DDD7ED076A97ED067AC6EE1D
:1039E000877AC7ED057A97ED037AD7ED057A67EE0A
:1039F000277AC7ED037A97ED027AD7ED057A67EE5D
:103A0000277AC7ED027A114AFB6813600F4AFB68F8
:103A100053600E4B4FF000029A600D4ABB68136072
:103A20000B4ABB6853600A4B4FF000029A60094A88
:103A30007B681360074A7B685360064B4FF00002B7
:103A40009A6000BF2037BD4680BD00BFC87100200E
:103A5000E4710020AC71002080B483B000AF7860C6
:103A6000044A7B681A607B6818460C37BD465DF8CF
:103A7000047B704750D0010880B483B000AF7860F9
:103A8000044A7B681A607B6818460C37BD465DF8AF
:103A9000047B704750D0010880B582B000AF7860D9
:103AA0007868FFF7E9FF0421786806F01DFE7B685F
:103AB00018460837BD4680BD80B582B000AF78603B
:103AC00039607B681846FFF7C7FF054A7B681A60B4
:103AD0007B683A685A607B6818460837BD4680BDE7
:103AE0009CCF010880B52DED028B86B000AF7860C9
:103AF0004F48FFF75DFDF0EE407A9FED4E7A77EE8E
:103B0000877AB0EE670A06F053FE87ED050A48484B
:103B1000FFF74EFDF0EE407A9FED467A77EE877A1A
:103B2000B0EE670A06F07CFE87ED040A4048FFF716
:103B300024FD03466E3B07EE903AB8EEE77ADFEDE0
:103B40003E6AC7EE267A9FED3D7A27EE878A38488F
:103B5000FFF720FD03466E3B07EE903AB8EEE77A9A
:103B6000DFED356AC7EE267A9FED347A67EE878AF5
:103B70002F48FFF73DFD03466E3B07EE903AB8EE47
:103B8000E77ADFED2D6AC7EE267A9FED2D7A67EE94
:103B9000877AB0EE671AF0EE680AB0EE480AFFF7CF
:103BA000E1FE284BD3ED017A274B93ED207AF0EE1E
:103BB000470AB0EE670A2548FFF796FC87ED030A2F
:103BC000234BD3ED017A204B93ED217AF0EE470A97
:103BD000B0EE670A1F48FFF787FC87ED020A97EDF2
:103BE000037AD7ED057A27EE277AD7ED026AD7ED6B
:103BF000047A66EEA77A77EE677A134BC3ED207AE4
:103C000097ED037AD7ED047A27EE277AD7ED026A8B
:103C1000D7ED057A66EEA77A77EE277A0A4BC3EDE1
:103C2000217A00BF1837BD46BDEC028B80BD00BFB6
:103C3000BC770020DB0F49400000DC4200005C4400
:103C400000800944C8710020907400202075002075
:103C5000E47100203C75002080B582B000AF786030
:103C60007868FFF73FFF7B685B68184600F0AAFEA4
:103C70007B685B68184600F03BFF7B685B68184612
:103C800000F0BEFF7B685B68184601F0F9F87B68BE
:103C90005B68184601F0CEF900BF0837BD4680BD0D
:103CA00080B582B000AF786039607B681846FFF756
:103CB000D3FE054A7B681A607B683A685A607B6865
:103CC00018460837BD4680BD88CF010800000000B7
:103CD00080B52DED028B8AB000AF78607C48FFF78D
:103CE00067FC87ED090A07E0D7ED097A9FED797A3D
:103CF00077EEC77AC7ED097AD7ED097A9FED767A24
:103D0000F4EEC77AF1EE10FAEEDC07E0D7ED097AAF
:103D10009FED707A77EE877AC7ED097AD7ED097A49
:103D20009FED6E7AF4EEC77AF1EE10FAEED4D7ED8D
:103D3000097AF0EEE77A9FED6A7AF4EEC77AF1EE4F
:103D400010FA06D84FF000037B626648FBF7FBFDD4
:103D50001EE0786AECF780FB634B93ED002B93ED4C
:103D6000026B93ED047B9FED565B41EC140B9FEDD2
:103D7000563BB0EE420AF0EE620AB0EE461AF0EEA2
:103D8000661AB0EE472AF0EE672A5648FBF7B5FCF4
:103D90004F48FFF70DFCF0EE407A9FED547A77EE36
:103DA000877AB0EE670A06F003FD87ED080A4848F7
:103DB000FFF7FEFBF0EE407A9FED4C7A77EE877AC4
:103DC000B0EE670A06F02CFD87ED070AD7ED097AF9
:103DD000F5EE407AF1EE10FA05D04248FFF715FCF7
:103DE000F0EE407A01E0DFED427AC7ED067A38481E
:103DF000FFF7C3FB03466E3B07EE903AB8EEE77A57
:103E0000DFED3C6AC7EE267A9FED3B7A27EE878A84
:103E10002F48FFF7BFFB03466E3B07EE903AB8EE24
:103E2000E77ADFED346AC7EE267A9FED337A67EEE4
:103E3000877A97ED061AF0EE670AB0EE480AFFF7A8
:103E400091FD2E4B5B687B612D4B5B683B612D4B7D
:103E50005B68FB6097ED057AD7ED087A27EE277A45
:103E6000D7ED046AD7ED077A66EEA77A77EE677A20
:103E7000254BC3ED207A97ED057AD7ED077A27EE2B
:103E8000277AD7ED046AD7ED087A66EEA77A77EE3F
:103E9000277A1D4BC3ED217A1B4AFB68C2F8883094
:103EA000164BD3ED017AB0EE670A1848FBF7D9FB41
:103EB00000BF2837BD46BDEC028B80BDAFF300804C
:103EC000000000000088C340000000000000000067
:103ED000BC770020D80F4940D80FC93FD80FC9BFC1
:103EE00098F90E3D206E0020086E0020DB0F49403F
:103EF000000000000000DC4200005C44C8710020AB
:103F0000E4710020AC710020907400200072002049
:103F100080B582B000AF78607868FFF7D9FE7B6823
:103F20005B68184600F04EFD7B685B68184600F041
:103F3000DFFD7B685B68184600F062FE7B685B68AB
:103F4000184600F09DFF7B685B68184601F072F828
:103F500000BF0837BD4680BD80B582B000AF786035
:103F600039607B681846FFF777FD054A7B681A6061
:103F70007B683A685A607B6818460837BD4680BD42
:103F800074CF01080000000080B52DED028B8AB0CF
:103F900000AF78609E48FFF70BFB87ED090A07E04A
:103FA000D7ED097A9FED9B7A77EEC77AC7ED097A4C
:103FB000D7ED097A9FED987AF4EEC77AF1EE10FA10
:103FC000EEDC07E0D7ED097A9FED927A77EE877AFB
:103FD000C7ED097AD7ED097A9FED907AF4EEC77AAA
:103FE000F1EE10FAEED48A48FFF7E2FAF0EE407AEA
:103FF0009FED8B7A77EE877AB0EE670A06F0D8FBF2
:1040000087ED060A8248FFF7D3FAF0EE407A9FED7B
:10401000847A77EE877AB0EE670A06F001FC87EDC6
:10402000050A7B48FFF7A9FA03466E3B07EE903A74
:10403000B8EEE77ADFED7B6AC7EE267A9FED7A7AF3
:1040400027EE878A7248FFF7A5FA03466E3B07EE14
:10405000903AB8EEE77ADFED736AC7EE267A9FED05
:10406000727A67EE877A9FED711AF0EE670AB0EE0A
:10407000480AFFF777FC6648FFF7BAFA0346FB7475
:104080004FF000033B62FB7C002B0BD0FB7C6E3BB4
:1040900007EE903AB8EEE77ADFED626AC7EE267A6D
:1040A000C7ED087A4FF00003FB61D7ED087AF0EE18
:1040B000E77A9FED5F7AF4EEC77AF1EE10FA02DD4F
:1040C0003B6AFB6148E05248F7F794FE034683F0F1
:1040D0000103DBB2002B06D05648FBF734FC4FF04F
:1040E0000003FB6138E0D7ED097AF0EEE77A9FED47
:1040F000527AF4EEC77AF1EE10FA09D84FF00003C5
:104100007B624C48FBF71FFC4FF00003FB6123E090
:10411000786AECF7A1F9494B93ED002B93ED026B14
:1041200093ED047B9FED365B41EC140B9FED363B2A
:10413000B0EE420AF0EE620AB0EE461AF0EE661AEF
:10414000B0EE472AF0EE672A3A48FBF7D6FA39482C
:10415000FFF75BFA87ED070A394BD3ED017A394B4C
:1041600093ED207AF0EE470AB0EE670A3648FFF783
:10417000BBF987ED030A354BD3ED017A314B93ED53
:10418000217AF0EE470AB0EE670A3148FFF7ACF942
:1041900087ED020A97ED037AD7ED067A27EE277AA4
:1041A000D7ED026AD7ED057A66EEA77A77EE677AE1
:1041B000244BC3ED207A97ED037AD7ED057A27EEED
:1041C000277AD7ED026AD7ED067A66EEA77A77EE00
:1041D000277A1C4BC3ED217A1A4AFB69C2F8883052
:1041E000174BD3ED017AB0EE670A1A48FBF739FA9C
:1041F00000BF2837BD46BDEC028B80BDAFF3008009
:10420000000000000088C340000000000000000023
:10421000BC770020D80F4940D80FC93FD80FC9BF7D
:10422000DB0F49400000DC42000025440000000094
:10423000CDCC4C3D206E002098F90E3D086E00203C
:10424000C87100209074002020750020E4710020C7
:104250003C7500200072002080B582B000AF78600D
:104260007868FFF791FE7B685B68184600F0AAFB50
:104270007B685B68184600F03BFC7B685B6818460F
:1042800000F0BEFC7B685B68184600F0F9FD7B68B7
:104290005B68184600F0CEFE00BF0837BD4680BD03
:1042A00080B582B000AF786039607B681846FFF750
:1042B000D3FB054A7B681A607B683A685A607B6862
:1042C00018460837BD4680BD60CF010880B52DED8A
:1042D000028B88B000AF78605E48FFF769F9F0EEB6
:1042E000407A9FED5D7A77EE877AB0EE670A06F046
:1042F0005FFA87ED070A5748FFF75AF9F0EE407A60
:104300009FED557A77EE877AB0EE670A06F088FA65
:1043100087ED060A4F48FFF730F903466E3B07EE7C
:10432000903AB8EEE77ADFED4D6AC7EE267A9FED58
:104330004C7A27EE878A4748FFF72CF903466E3BF5
:1043400007EE903AB8EEE77ADFED446AC7EE267AD8
:104350009FED437A67EE878A3E48FFF749F90346A7
:104360006E3B07EE903AB8EEE77ADFED3C6AC7EEB7
:10437000267A9FED3C7A67EE877AB0EE671AF0EE08
:10438000680AB0EE480AFFF7EDFA374B93ED018A61
:104390003648FEF701FCF0EE407AF0EE670AB0EE28
:1043A000480A3248FFF7A0F887ED050A304B93ED35
:1043B000018A3048FEF7F0FBF0EE407AF0EE670A33
:1043C000B0EE480A2B48FFF78FF887ED040A2A4B16
:1043D000D3ED017A294B93ED227AF0EE470AB0EE45
:1043E000670A2748FFF780F887ED030A97ED057AFB
:1043F000D7ED077A27EE277AD7ED046AD7ED067A4C
:1044000066EEA77A77EE677A1C4BC3ED207A97EDBC
:10441000057AD7ED067A27EE277AD7ED046AD7ED2D
:10442000077A66EEA77A77EE277A144BC3ED217AE6
:10443000124AFB68C2F888300B4BD3ED017AB0EE1C
:10444000670A1048FBF70DF900BF2037BD46BDECE9
:10445000028B80BDBC770020DB0F49400000DC42AE
:1044600000005C4400800944C871002020750020D1
:10447000E47100203C750020AC7100209074002095
:10448000587500200072002080B582B000AF7860BF
:104490007868FFF71BFF7B685B68184600F092FAAC
:1044A0007B685B68184600F023FB7B685B681846F6
:1044B00000F0A6FB7B685B68184600F0E1FC7B68B7
:1044C0005B68184600F0B6FD00BF0837BD4680BDEA
:1044D00080B582B000AF786039607B681846FFF71E
:1044E000BBFA054A7B681A607B683A685A607B6849
:1044F00018460837BD4680BD4CCF010880B582B054
:1045000000AF78609FED461ADFED450A9FED440A43
:10451000FFF728FA434BD3ED207AF0EE670A9FEDC0
:10452000400A4148FEF7E0FFF0EE407A3D4BC3ED14
:10453000207A3C4BD3ED217AF0EE670A9FED380AE2
:104540003A48FEF7D1FFF0EE407A364BC3ED217AC0
:10455000344BD3ED227AF0EE670A9FED310A3448EE
:10456000FEF7C2FFF0EE407A2E4BC3ED227A7B6855
:104570005B68184600F026FA7B685B68184600F016
:10458000B7FA7B685B68184600F03AFB254BD3ED21
:10459000207AF0EEE77AB7EE007AF4EEC77AF1EE21
:1045A00010FA2FD51F4BD3ED217AF0EEE77AB7EE54
:1045B000007AF4EEC77AF1EE10FA23D5194BD3ED59
:1045C000227AF0EEE77AB7EE007AF4EEC77AF1EEEF
:1045D00010FA17D51748FBF7B6F91748FBF7B3F9E8
:1045E0001648FBF7B0F91648FBF7ADF91548FBF78D
:1045F000AAF91548FBF7A7F91448FBF7A4F91448E2
:10460000FBF7A1F97B685B68184600F039FC7B6812
:104610005B68184600F00EFD00BF0837BD4680BD40
:104620000000000090740020207500203C750020E0
:1046300058750020786A0020086B0020986B0020D5
:10464000286C0020C86E0020586F0020E86F002002
:104650007870002080B483B000AF7860044A7B6833
:104660001A607B6818460C37BD465DF8047B7047BE
:1046700038D0010880B483B000AF7860044A7B680A
:104680001A607B6818460C37BD465DF8047B70479E
:1046900038D0010880B582B000AF78607868FFF745
:1046A000E9FF0421786806F01FF87B681846083790
:1046B000BD4680BD80B582B000AF7860054A7B689A
:1046C0001A607B681846FEF775FB7B68184608374A
:1046D000BD4680BDC8CF010880B582B000AF78600C
:1046E0007868FFF7E7FF8021786805F0FDFF7B68B9
:1046F00018460837BD4680BD80B582B000AF7860EF
:104700007B681846FFF7A6FF394A7B681A607B680A
:1047100004330021F1EE080AB0EE000A1846FBF758
:10472000E6FC7B6820330021F1EE080AB0EE000AB7
:104730001846FBF7DCFC7B683C330021F1EE080AED
:10474000B0EE000A1846FBF7D2FC7B685833002114
:10475000F1EE080AB0EE000A1846FBF7C8FC7B68C9
:1047600074330021DFED230A9FED220A1846FBF780
:10477000BEFC7B6890330021DFED1E0A9FED1D0A11
:104780001846FBF7B4FC7B68AC330021DFED190A57
:104790009FED180A1846FBF7AAFC7B68C833002176
:1047A000DFED140A9FED130A1846FBF7A0FC7B68A7
:1047B0000022C3F8E4207B68E8330F4A0F49DFED9D
:1047C000100A9FED100A1846FEF714FB7B680022C2
:1047D000C3F868217B6803F5B673184600F056FDF0
:1047E000786800F02FF87B6818460837BD4680BD12
:1047F000B0CF0108CDCCCC3E4800002038000020CE
:10480000EC51B83DAE47613E80B582B000AF7860F4
:104810007B6803F5B673184600F06AFD0346002B6B
:104820000BD07B6803F5B673184600F072FD0346A3
:104830001A68083212681846904700BF0837BD460C
:1048400080BD000080B588B000AF7860FEF772FFD1
:104850000346002B04D07B680522C3F8682130E0B2
:10486000FEF7E6FE0346002B04D07B680022C3F867
:10487000682126E0FEF7F4FE0346002B04D07B6897
:104880000122C3F868211CE0FEF70AFF0346002B53
:1048900004D07B680222C3F8682112E0FEF718FFFB
:1048A0000346002B04D07B680322C3F8682108E08C
:1048B000FEF726FF0346002B03D07B680422C3F8D3
:1048C00068217B68D3F86831042B76D801A252F8AE
:1048D00023F000BFE9480108134901083D490108D8
:1048E000674901089149010807F10C0379681846E6
:1048F00000F01BFD7B6803F5B67307F10C0211464F
:10490000184600F04EFD07F10C03184600F027FD95
:1049100054E007F110037968184600F065FD7B68E4
:1049200003F5B67307F110021146184600F098FD22
:1049300007F11003184600F071FD3FE007F1140382
:104940007968184600F0AFFD7B6803F5B67307F190
:1049500014021146184600F0E2FD07F11403184650
:1049600000F0BBFD2AE007F118037968184600F053
:10497000F9FD7B6803F5B67307F118021146184676
:1049800000F02CFE07F11803184600F005FE15E0B4
:1049900007F11C037968184600F043FE7B6803F5B5
:1049A000B67307F11C021146184600F076FE07F1B7
:1049B0001C03184600F04FFE00E000BF00BF203788
:1049C000BD4680BD80B586B000AF786000237B61B6
:1049D0000DE07A691346DB009B1A9B007A6813444A
:1049E00004331846FBF7C8FB7B6901337B617B69A5
:1049F000032BEEDD00233B6114E03B69DBB20133A6
:104A0000DBB21946344800F06BFE87ED020A7B6882
:104A1000E833396997ED020A1846FEF7F7FC3B695F
:104A200001333B613B69032BE7DD7B68E8332B4AAD
:104A3000D2ED207ADFED2A6A87EEA67A274AD2EDF8
:104A4000217A9FED276AC7EE866A244AD2ED227A40
:104A5000DFED235A87EEA56ADFED222AB3EE092A9D
:104A6000DFED211AB0EE461AF0EE660AB0EE470A04
:104A70001846FEF789FC0023FB6024E07B68E833DE
:104A8000F9681846FEF7D6FCF0EE407A134AFB6848
:104A900004339B001344C3ED007A7B68E833F96864
:104AA0001846FEF7E4FCF0EE407A9FED107A67EED0
:104AB000877A0A4AFB6808339B001344C3ED007AE7
:104AC000FB680133FB60FB68032BD7DD00BF00BF31
:104AD0001837BD4680BD00BF0853002090740020E9
:104AE0000000254400000C4200000000E12E654259
:104AF00090B585B000AF78600023FB6018E0FA68DD
:104B00001346DB009B1A9B000D4A9C18FB68DBB226
:104B10000133DBB219460B4800F008FBF0EE407A97
:104B2000B0EE670A2046FAF79CFDFB680133FB6094
:104B3000FB68032BE3DD00BF00BF1437BD4690BD0B
:104B40003C710020F050002080B58AB000AFF860C2
:104B50000B4687ED010AC7ED000AFB72FA7A13468D
:104B6000DB009B1A9B007033FA68134404337B62AA
:104B700097ED000AFEF772FE87ED080AFB7AFA68E5
:104B8000134493F8E43083F00103DBB2002B0AD026
:104B900097ED080A786AFEF72CF8FB7AFA68134456
:104BA000012283F8E420786AFDF7F6FF87ED070A13
:104BB000D7ED070A97ED080AFEF784FE87ED060A8F
:104BC000D7ED070A97ED010AFEF77CFE87ED050A8F
:104BD000D7ED060A97ED050A786AFEF785FC87EDA2
:104BE000040AD7ED000A97ED040AFEF76BFEF0EE1B
:104BF000407AB0EE670A2837BD4680BD000000004D
:104C00002DE990432DED028B87B000AF7860002333
:104C10007B61C4E07A691346DB009B1ADB008C4A97
:104C20001A448C497B691C339B000B44D3ED007AFA
:104C3000B0EE670A1046FAF7ACFE85497A6913466A
:104C4000DB009B1ADB000B44083393ED008A80499C
:104C50007A691346DB009B1ADB000B442033D3E94F
:104C6000002310461946EBF709FF03469FED7A1A19
:104C700000EE903AB0EE480A7848F7F719F8F0EEEF
:104C8000407A744A7B691C339B001344C3ED007A5D
:104C90007B69DBB20133DBB21946714800F03DFDA0
:104CA00087ED030A7B69DAB26A497B6908339B00A6
:104CB0000B44D3ED007AD7ED030AB0EE670A114634
:104CC0007868FFF741FF87ED020A7A691346DB0037
:104CD00013441B01634A9C18B868EBF7BDFB804680
:104CE0008946F868EBF7B8FB5F4B93ED002B93ED2B
:104CF000026B93ED047B9FED525B41EC140B49EC8E
:104D0000138BB0EE420AF0EE620AB0EE461AF0EEF5
:104D1000661AB0EE472AF0EE672A2046FAF7EDFC55
:104D20007A691346DB0013441B01504A9C184D4915
:104D30007A691346DB0013441B010B44083393EDDF
:104D4000008B7B69DBB20133DBB21946444800F0CB
:104D500001FD10EE103A1846EBF77EFB444B93ED45
:104D6000002B93ED026B93ED047B9FED355B41ECE3
:104D7000140BB0EE483AF0EE683AB0EE420AF0EEAC
:104D8000620AB0EE461AF0EE661AB0EE472AF0EE6E
:104D9000672A2046FAF7B1FC7B6901337B617B69A6
:104DA000032B7FF737AF00233B613CE03A691346A2
:104DB000DB0013441B012F4A9C18264A3B6904332D
:104DC0009B0013441B681846EBF746FB8046894658
:104DD00029493A691346DB009B1A9B000B440433B4
:104DE0001B681846EBF738FB244B93ED002B93ED33
:104DF000026B93ED047B9FED145B41EC140B49ECCB
:104E0000138BB0EE420AF0EE620AB0EE461AF0EEF4
:104E1000661AB0EE472AF0EE672A2046FAF76DFCD4
:104E20003B6901333B613B69032BBFDD00BF00BF22
:104E30001C37BD46BDEC028BBDE89083AFF300800C
:104E40000000000000407F40000000000000D04053
:104E500070730020907400200000B4435074002050
:104E6000085300202068002008680020786A00208D
:104E7000606A0020C86E00203C710020B06E0020E7
:104E800080B588B000AF78600023FB6128E0FA6944
:104E90001346DB0013441B01574A13441846FEF720
:104EA000B4FBF0EE407A554AFB6914339B0013447F
:104EB000C3ED007AFA691346DB0013441B01504A24
:104EC00013441846FEF7A1FBF0EE407A4B4AFB690B
:104ED00018339B001344C3ED007AFB690133FB6177
:104EE000FB69032BD3DD474BD3F87433FB60454B91
:104EF000D3F8B430BB60434BD3F8D030BB6197EDEF
:104F0000067AD7ED027AB4EEE77AF1EE10FA01DD17
:104F1000BB68BB61D7ED067AF5EEC07AF1EE10FA08
:104F200002D54FF00003BB6197ED037AD7ED027A0B
:104F300077EE677AC7ED057AD7ED057AF5EEC07A98
:104F4000F1EE10FA02D54FF000037B612D4ABB69E8
:104F5000C2F8B4302B4A7B69C2F874332849294817
:104F600004F03EFBDFED280A9FED280A244A284979
:104F7000244804F0F5FC2049264804F031FBDFED1D
:104F8000260A9FED260A1C4A2549224804F0E8FC1F
:104F90001C4ABB68C2F8B4301A4AFB68C2F87433C2
:104FA00000233B611FE0154A3B6914339B00134407
:104FB000D3ED007A9FED1B1ADFED1B0AB0EE670AF6
:104FC0001A48F6F7C1FEF0EE407AFDEEE77A17EEEA
:104FD000903A19B23B6901331A46154800F0D7FBE5
:104FE0003B6901333B613B69032BDCDD00BF00BF44
:104FF0002037BD4680BD00BFC86E002090740020E1
:10500000786A0020707800209C922B3C4BC2F538C7
:10501000F0740020307B0020C1AAD93BE0FFBF39EB
:10502000E0740020000080C600008046507400201C
:10503000F050002080B586B000AF7860324B1B681E
:10504000002B47D100237B613BE07A691346DB00EC
:1050500013441B012D4A13441846FEF7D6FAF0EE0E
:10506000407A2B4A7B6918339B001344C3ED007AC6
:10507000274A7B6918339B001344D3ED007AFDEE79
:10508000E77A17EE903A1BB207EE903AF8EEE77A1D
:105090009FED201ADFED200AB0EE670A1F48F6F7F1
:1050A00053FEF0EE407AFDEEE77A17EE903A1AB230
:1050B0007B695B0018333B4423F80C2C7B6901337C
:1050C0007B617B69032BC0DD07F10C031946144893
:1050D00000F085FB0C4B1B68012B02D1114800F03E
:1050E000E7FB1148FEF72EFB074B1B680133064A0E
:1050F0001360054B1B6803F00103034A136000BFF4
:105100001837BD4680BD00BFD0670020786A0020F8
:1051100090740020000048C30000484350740020F1
:1051200008530020F05000204467002080B582B072
:1051300000AF78600B46FB70FB785A1E7968134607
:10514000DB001344DB000B441833D3E90023104683
:105150001946EBF793FC034607EE903AB0EE670A68
:105160000837BD4680BD000090B583B000AF7860C1
:105170007B681B6A072B01DD002330E07B681B6A1C
:10518000194A52F82330002B19D118494FF4B8703E
:1051900005F0C5FA03461C46002C02D02046FFF756
:1051A000ABFA7B681B6A104A42F823407B681B6A93
:1051B0000D4A52F82330002B01D100230FE07B6809
:1051C0001B6A7A68126A084951F823107B6843F811
:1051D00022107B681B6A5A1C7B681A6201231846DE
:1051E0000C37BD4690BD00BF64770020D8D00108C1
:1051F00080B582B000AF78607B68184600F005F893
:105200007B6818460837BD4680BD80B582B000AFC8
:105210007860786800F009F87B68184600F070FB49
:105220007B6818460837BD4680BD80B582B000AFA8
:105230007860786800F005F87B6818460837BD4646
:1052400080BD80B483B000AF78607B6818460C37AF
:10525000BD465DF8047B704780B582B000AF7860D2
:105260007B681846FFF7C4FF7B6818460837BD46C1
:1052700080BD80B582B000AF78607B681846FFF7CC
:10528000EBFF7B6818460837BD4680BD80B582B00D
:1052900000AF78607B6800221A607B681846FFF7D1
:1052A000E8FF7B6818460837BD4680BD90B585B0DD
:1052B00000AF78607B68184600F030FBF860FB6850
:1052C0001B68002B0CD0786800F035FB0446F868AA
:1052D00000F03EFB03461B681946204600F043FBE6
:1052E000FB6800221A607B6818461437BD4690BDE3
:1052F00080B582B000AF7860786800F045FB034667
:10530000002B14BF01230023DBB218460837BD462B
:1053100080BD80B582B000AF7860786800F034FB63
:10532000034618460837BD4680BD90B583B000AF30
:1053300078603960082005F0E1F903461C463868BA
:1053400000F02FFB034619462046FEF7B5FB214629
:10535000786800F041FB78680C37BD4690BD90B589
:1053600085B000AF78607B68184600F044FBF860B9
:10537000FB681B68002B0CD0786800F049FB0446E2
:10538000F86800F052FB03461B681946204600F0FF
:1053900079FBFB6800221A607B6818461437BD460B
:1053A00090BD80B584B000AF78603960386800F097
:1053B0008EFB03461946786800F075FB386800F0EC
:1053C00027FB0346184600F08FFB024607F10C034B
:1053D0001146184600F093FB786800F0ACFA7B6841
:1053E00018461037BD4680BD90B583B000AF7860D9
:1053F0003960082005F082F903461C46386800F041
:10540000D0FA034619462046FEF74AFC2146786842
:1054100000F091FB78680C37BD4690BD90B585B023
:1054200000AF78607B68184600F094FBF860FB687A
:105430001B68002B0CD0786800F099FB0446F868D4
:1054400000F0A2FB03461B681946204600F0CAFB89
:10545000FB6800221A607B6818461437BD4690BD71
:1054600080B584B000AF78603960386800F0CBFB5D
:1054700003461946786800F016FB386800F077FBA1
:105480000346184600F0CCFB024607F10C03114618
:10549000184600F0D0FB786800F04DFA7B6818469B
:1054A0001037BD4680BD90B583B000AF78603960DD
:1054B000082005F023F903461C46386800F071FA0D
:1054C000034619462046FEF7EBFE2146786800F0B9
:1054D000CEFB78680C37BD4690BD90B585B000AF67
:1054E00078607B68184600F0D1FBF860FB681B68A9
:1054F000002B0CD0786800F0D6FB0446F86800F06A
:10550000DFFB03461B681946204600F007FCFB68DA
:1055100000221A607B6818461437BD4690BD80B5DE
:1055200084B000AF78603960386800F008FC03464A
:105530001946786800F0B7FA386800F0B4FB034603
:10554000184600F009FC024607F10C031146184604
:1055500000F00DFC786800F0EEF97B681846103713
:10556000BD4680BD90B583B000AF7860396008203B
:1055700005F0C4F803461C46386800F012FA0346EA
:1055800019462046FEF7E8FC2146786800F00BFC3F
:1055900078680C37BD4690BD90B585B000AF786097
:1055A0007B68184600F00EFCF860FB681B68002B57
:1055B0000CD0786800F013FC0446F86800F01CFC7E
:1055C00003461B681946204600F044FCFB68002295
:1055D0001A607B6818461437BD4690BD80B584B00C
:1055E00000AF78603960386800F045FC0346194622
:1055F000786800F058FA386800F0F1FB0346184666
:1056000000F046FC024607F10C031146184600F074
:105610004AFC786800F08FF97B6818461037BD4661
:1056200080BD90B583B000AF78603960082005F088
:1056300065F803461C46386800F0B3F9034619467E
:105640002046FEF745FF2146786800F048FC786860
:105650000C37BD4690BD90B585B000AF78607B68D3
:10566000184600F04BFCF860FB681B68002B0CD060
:10567000786800F050FC0446F86800F059FC0346D6
:105680001B681946204600F081FCFB6800221A6066
:105690007B6818461437BD4690BD80B584B000AF16
:1056A00078603960386800F082FC034619467868F3
:1056B00000F0F9F9386800F02EFC0346184600F0B7
:1056C00083FC024607F10C031146184600F087FCE4
:1056D000786800F030F97B6818461037BD4680BD09
:1056E00080B582B000AF78600B46FB70FB785A1E25
:1056F00079681346DB001344DB000B441033D3E915
:10570000002310461946EBF7B9F9034607EE903A25
:10571000B0EE670A0837BD4680BD80B582B000AFE5
:1057200078600B46FB70FB785A1E79681346DB00E5
:105730001344DB000B440833D3E900231046194619
:10574000EBF79CF9034607EE903AB0EE670A08378C
:10575000BD4680BD80B582B000AF78600B46FB705F
:10576000FB785A1E79681346DB001344DB000B44B8
:105770002033D3E9002310461946EBF77FF903469F
:1057800007EE903AB0EE670A0837BD4680BD80B498
:1057900085B000AFF8600B467A607B81B7F90A30BC
:1057A0001B121AB27B68013B5B00D1B2FA6813444A
:1057B0000A4683F8A821B7F90A301B021A127B683F
:1057C000013B5B000133D1B2FA6813440A4683F807
:1057D000A82100BF1437BD465DF8047B704780B533
:1057E0008CB000AF78603960FCF797FB0346184631
:1057F000FDF75AFEB862BB6A1B6818331B68B86AAB
:10580000984703461846ECF757FE0346002B0CBF9B
:1058100001230023DBB2002B46D10023FB6220E0F2
:10582000FB6A5B003A681344B3F90020FB6A5B0033
:10583000D2B230333B4403F8102CFB6A5B003A6869
:105840001344B3F900309BB21B0A9AB2FB6A5B00A7
:105850000133D2B230333B4403F8102CFB6A0133DE
:10586000FB62FB6A032BDBDD4FF420733B610823F3
:105870003B7507F1080307F1200292E8030083E873
:10588000030000233B7700237B77FCF746FB0346AE
:105890001846FDF709FE03461A681032126807F130
:1058A00008011846904700E000BF3037BD4680BD74
:1058B00080B588B000AF78607B68D3F8A4313B61D5
:1058C00008233B757B6803F5D47207F10803106861
:1058D000516803C300233B7700237B77FCF71DFB54
:1058E00003461846FDF7E0FD03461A6810321268B9
:1058F00007F108011846904700BF2037BD4680BD1C
:1059000080B483B000AF78607B6800221A607B6847
:1059100018460C37BD465DF8047B704780B582B0F1
:1059200000AF78607B68184600F065FB03461846B8
:105930000837BD4680BD80B582B000AF78607B6817
:10594000184600F065FB034618460837BD4680BD83
:1059500080B483B000AF78607B6818460C37BD46D2
:105960005DF8047B704780B582B000AF7860396025
:105970003B68002B04D01A6804321268184690471E
:1059800000BF0837BD4680BD80B582B000AF7860EB
:105990007B68184600F049FB034618460837BD46A9
:1059A00080BD80B483B000AF78607B6818460C3748
:1059B000BD465DF8047B704780B582B000AF78606B
:1059C00039607B683A681146184600F03CFB7B68FA
:1059D00018460837BD4680BD80B582B000AF7860FC
:1059E00039607B6839681846FFF7E6FF7B68184620
:1059F0000837BD4680BD80B582B000AF78607B6857
:105A0000184600F034FB034618460837BD4680BDF3
:105A100080B582B000AF78607B68184600F034FB38
:105A2000034618460837BD4680BD80B483B000AF3A
:105A300078607B6818460C37BD465DF8047B70477C
:105A400080B582B000AF7860054A7B681A607B68D9
:105A50001846FEF711F87B6818460837BD4680BD2A
:105A60009CCF010880B582B000AF78607868FFF7FE
:105A7000E7FF0821786804F037FE7B68184608378E
:105A8000BD4680BD80B582B000AF786039603B68AC
:105A9000002B04D01A68043212681846904700BFE1
:105AA0000837BD4680BD90B583B000AF78603960DF
:105AB0007C683B461846FFF74BFF03461B681946B8
:105AC000204600F0EEFA00BF0C37BD4690BD80B511
:105AD00082B000AF78607B68184600F002FB034696
:105AE00018460837BD4680BD80B483B000AF7860EB
:105AF0007B6818460C37BD465DF8047B704780B460
:105B000083B000AF786039607B6818460C37BD46BB
:105B10005DF8047B704780B582B000AF7860396073
:105B20007B683A681146184600F0F0FA7B68184620
:105B30000837BD4680BD80B582B000AF786039605F
:105B40007B6839681846FFF7E6FF7B681846083718
:105B5000BD4680BD80B582B000AF78607B681846D6
:105B600000F0E8FA034618460837BD4680BD80B508
:105B700082B000AF78607B68184600F0E8FA034610
:105B800018460837BD4680BD80B483B000AF78604A
:105B90007B6818460C37BD465DF8047B70470000F3
:105BA00080B582B000AF7860054A7B681A607B6878
:105BB0001846FDF761FF7B6818460837BD4680BD73
:105BC00088CF010880B582B000AF78607868FFF7B1
:105BD000E7FF0821786804F087FD7B6818460837DE
:105BE000BD4680BD80B582B000AF786039603B684B
:105BF000002B04D01A68043212681846904700BF80
:105C00000837BD4680BD80B582B000AF78607B6844
:105C1000184600F0A9FA034618460837BD4680BD6D
:105C200080B483B000AF78607B6818460C37BD46FF
:105C30005DF8047B704780B483B000AF7860396052
:105C40007B6818460C37BD465DF8047B704780B50D
:105C500082B000AF786039607B683A6811461846B8
:105C600000F097FA7B6818460837BD4680BD80B5BE
:105C700082B000AF786039607B6839681846FFF7FA
:105C8000E6FF7B6818460837BD4680BD80B582B008
:105C900000AF78607B68184600F08FFA034618461C
:105CA0000837BD4680BD80B582B000AF78607B68A4
:105CB000184600F08FFA034618460837BD4680BDE7
:105CC00080B483B000AF78607B6818460C37BD465F
:105CD0005DF8047B7047000080B582B000AF78604B
:105CE000054A7B681A607B681846FDF7C5FE7B682D
:105CF00018460837BD4680BD60CF010880B582B028
:105D000000AF78607868FFF7E7FF0821786804F053
:105D1000EBFC7B6818460837BD4680BD80B582B075
:105D200000AF786039603B68002B04D01A680432F9
:105D300012681846904700BF0837BD4680BD80B541
:105D400082B000AF78607B68184600F050FA0346D6
:105D500018460837BD4680BD80B483B000AF786078
:105D60007B6818460C37BD465DF8047B704780B4ED
:105D700083B000AF786039607B6818460C37BD4649
:105D80005DF8047B704780B582B000AF7860396001
:105D90007B683A681146184600F03EFA7B68184660
:105DA0000837BD4680BD80B582B000AF78603960ED
:105DB0007B6839681846FFF7E6FF7B6818460837A6
:105DC000BD4680BD80B582B000AF78607B68184664
:105DD00000F036FA034618460837BD4680BD80B548
:105DE00082B000AF78607B68184600F036FA034650
:105DF00018460837BD4680BD80B483B000AF7860D8
:105E00007B6818460C37BD465DF8047B7047000080
:105E100080B582B000AF7860054A7B681A607B6805
:105E20001846FDF729FE7B6818460837BD4680BD39
:105E300074CF010880B582B000AF78607868FFF752
:105E4000E7FF0821786804F04FFC7B6818460837A4
:105E5000BD4680BD80B582B000AF786039603B68D8
:105E6000002B04D01A68043212681846904700BF0D
:105E70000837BD4680BD80B582B000AF78607B68D2
:105E8000184600F0F7F9034618460837BD4680BDAE
:105E900080B483B000AF78607B6818460C37BD468D
:105EA0005DF8047B704780B483B000AF78603960E0
:105EB0007B6818460C37BD465DF8047B704780B59B
:105EC00082B000AF786039607B683A681146184646
:105ED00000F0E5F97B6818460837BD4680BD80B5FF
:105EE00082B000AF786039607B6839681846FFF788
:105EF000E6FF7B6818460837BD4680BD80B582B096
:105F000000AF78607B68184600F0DDF9034618465C
:105F10000837BD4680BD80B582B000AF78607B6831
:105F2000184600F0DDF9034618460837BD4680BD27
:105F300080B483B000AF78607B6818460C37BD46EC
:105F40005DF8047B7047000080B582B000AF7860D8
:105F5000054A7B681A607B681846FDF78DFD7B68F3
:105F600018460837BD4680BD4CCF010880B582B0C9
:105F700000AF78607868FFF7E7FF0821786804F0E1
:105F8000B3FB7B6818460837BD4680BD80B582B03C
:105F900000AF786039603B68002B04D01A68043287
:105FA00012681846904700BF0837BD4680BD80B5CF
:105FB00082B000AF78607B68184600F09EF9034617
:105FC00018460837BD4680BD80B483B000AF786006
:105FD0007B6818460C37BD465DF8047B704780B47B
:105FE00083B000AF786039607B6818460C37BD46D7
:105FF0005DF8047B704780B582B000AF78607B6845
:10600000184600F08FF9034618460837BD4680BD94
:1060100080B582B000AF78607B68184600F08EF9DA
:10602000034618460837BD4680BD80B582B000AF34
:1060300078607B68184600F08DF903461B681846A7
:106040000837BD4680BD90B583B000AF7860396039
:106050007B68184600F08BF93C687868FFF7CBFC4A
:1060600003461C607B6818460C37BD4690BD80B562
:1060700082B000AF78607B68184600F085F903466F
:1060800018460837BD4680BD80B582B000AF786045
:106090007B68184600F084F9034618460837BD4669
:1060A00080BD90B585B000AF786039607868FFF743
:1060B00035FC03461B68FB603C687868FFF72EFCE4
:1060C00003461C60FB68002B07D07868FFF7A0FF31
:1060D0000346F9681846FFF746FC00BF1437BD4673
:1060E00090BD80B584B000AF78607868FFF783FC1E
:1060F00003461B68FB607868FFF77DFC03460022BF
:106100001A60FB6818461037BD4680BD90B583B055
:1061100000AF786039607B68184600F04DF93C6844
:106120007868FFF717FD03461C607B6818460C373C
:10613000BD4690BD80B582B000AF78607B681846E0
:1061400000F047F9034618460837BD4680BD80B5C4
:1061500082B000AF78607B68184600F046F90346CD
:1061600018460837BD4680BD80B584B000AF786062
:106170007868FFF7EFFC03461B68FB607868FFF761
:10618000E9FC034600221A60FB6818461037BD463A
:1061900080BD90B583B000AF786039607B681846E9
:1061A00000F02FF93C687868FFF770FD03461C602B
:1061B0007B6818460C37BD4690BD80B582B000AFF5
:1061C00078607B68184600F029F9034618460837BE
:1061D000BD4680BD80B582B000AF78607B68184650
:1061E00000F028F9034618460837BD4680BD80B543
:1061F00084B000AF78607868FFF748FD03461B68FD
:10620000FB607868FFF742FD034600221A60FB68D6
:1062100018461037BD4680BD90B583B000AF78609A
:1062200039607B68184600F011F93C687868FFF720
:10623000C9FD03461C607B6818460C37BD4690BDFF
:1062400080B582B000AF78607B68184600F00BF92B
:10625000034618460837BD4680BD80B582B000AF02
:1062600078607B68184600F00AF90346184608373C
:10627000BD4680BD80B584B000AF78607868FFF718
:10628000A1FD03461B68FB607868FFF79BFD034692
:1062900000221A60FB6818461037BD4680BD90B5D5
:1062A00083B000AF786039607B68184600F0F3F87F
:1062B0003C687868FFF722FE03461C607B6818463E
:1062C0000C37BD4690BD80B582B000AF78607B686A
:1062D000184600F0EDF8034618460837BD4680BD65
:1062E00080B582B000AF78607B68184600F0ECF8AB
:1062F000034618460837BD4680BD80B584B000AF60
:1063000078607868FFF7FAFD03461B68FB607868E1
:10631000FFF7F4FD034600221A60FB6818461037A9
:10632000BD4680BD80B582B000AF7860786800F06F
:10633000D7F8034618460837BD4680BD80B582B001
:1063400000AF7860786800F0D8F803461846083740
:10635000BD4680BD80B582B000AF78607B681846CE
:1063600000F0D7F8034618460837BD4680BD80B513
:1063700082B000AF78607B68184600F0D6F87B6882
:1063800018460837BD4680BD80B582B000AF786042
:10639000786800F0DAF8034618460837BD4680BD35
:1063A00080B582B000AF7860786800F0DBF8034613
:1063B00018460837BD4680BD80B582B000AF786012
:1063C0007B68184600F0DAF87B6818460837BD4647
:1063D00080BD80B582B000AF7860786800F0DEF8EC
:1063E000034618460837BD4680BD80B582B000AF71
:1063F0007860786800F0DFF8034618460837BD4635
:1064000080BD80B582B000AF78607B68184600F030
:10641000DEF87B6818460837BD4680BD80B582B07F
:1064200000AF7860786800F0E2F803461846083755
:10643000BD4680BD80B582B000AF7860786800F05E
:10644000E3F8034618460837BD4680BD80B582B0E4
:1064500000AF78607B68184600F0E2F87B68184669
:106460000837BD4680BD80B582B000AF78607868DF
:1064700000F0E6F8034618460837BD4680BD80B5F3
:1064800082B000AF7860786800F0E7F803461846FD
:106490000837BD4680BD80B582B000AF78607B68AC
:1064A000184600F0E6F87B6818460837BD4680BD00
:1064B00080B582B000AF7860786800F0EAF80346F3
:1064C00018460837BD4680BD80B582B000AF786001
:1064D000786800F0EBF8034618460837BD4680BDE3
:1064E00080B582B000AF78607B68184600F0EAF8AB
:1064F000034618460837BD4680BD80B582B000AF60
:106500007860786800F0E9F8034618460837BD4619
:1065100080BD80B582B000AF7860786800F0E9F89F
:10652000034618460837BD4680BD80B582B000AF2F
:106530007860786800F0EAF87B68184600F0F2F8B6
:106540007B6818460837BD4680BD80B582B000AF75
:1065500078607B68184600F0F3F803461846083761
:10656000BD4680BD80B582B000AF7860786800F02D
:10657000F2F8034618460837BD4680BD80B582B0A4
:1065800000AF7860786800F0F2F87B68184600F099
:10659000FAF87B6818460837BD4680BD80B582B0E2
:1065A00000AF78607B68184600F0FBF80346184699
:1065B0000837BD4680BD80B582B000AF786078688E
:1065C00000F0FAF8034618460837BD4680BD80B58E
:1065D00082B000AF7860786800F0FAF87B681846FF
:1065E00000F002F97B6818460837BD4680BD80B5CB
:1065F00082B000AF78607B68184600F003F903466C
:1066000018460837BD4680BD80B582B000AF7860BF
:10661000786800F002F9034618460837BD4680BD89
:1066200080B582B000AF7860786800F002F97B68CE
:10663000184600F00AF97B6818460837BD4680BD49
:1066400080B582B000AF78607B68184600F00BF927
:10665000034618460837BD4680BD80B582B000AFFE
:106660007860786800F00AF9034618460837BD4696
:1066700080BD80B582B000AF7860786800F00AF91C
:106680007B68184600F012F97B6818460837BD464B
:1066900080BD80B582B000AF78607B68184600F09E
:1066A00013F9034618460837BD4680BD80B582B051
:1066B00000AF7860786800F012F903461846083792
:1066C000BD4680BD80B483B000AF78607B6818465B
:1066D0000C37BD465DF8047B704780B582B000AFD3
:1066E0007860786800F007F9034618460837BD4619
:1066F00080BD80B582B000AF78607B68184600F03E
:1067000005F9034618460837BD4680BD80B582B0FE
:1067100000AF7860786800F004F97B6818460837A5
:10672000BD4680BD80B483B000AF78607B68002236
:106730001A607B6818460C37BD465DF8047B7047CD
:1067400080B483B000AF78607B6818460C37BD46D4
:106750005DF8047B704780B582B000AF78607868E0
:1067600000F0EAF8034618460837BD4680BD80B5FC
:1067700082B000AF7860786800F0E9F87B6818466E
:106780000837BD4680BD80B483B000AF78607B68B9
:1067900000221A607B6818460C37BD465DF8047B02
:1067A000704780B483B000AF78607B6818460C37C0
:1067B000BD465DF8047B704780B582B000AF78605D
:1067C000786800F0CFF8034618460837BD4680BD0C
:1067D00080B582B000AF7860786800F0CEF87B6852
:1067E00018460837BD4680BD80B483B000AF7860DE
:1067F0007B6800221A607B6818460C37BD465DF83E
:10680000047B704780B483B000AF78607B68184623
:106810000C37BD465DF8047B704780B582B000AF91
:106820007860786800F0B4F8034618460837BD462B
:1068300080BD80B582B000AF7860786800F0B3F8B2
:106840007B6818460837BD4680BD80B483B000AF72
:1068500078607B6800221A607B6818460C37BD465A
:106860005DF8047B704780B483B000AF78607B68CC
:1068700018460C37BD465DF8047B704780B582B082
:1068800000AF7860786800F099F80346184608373A
:10689000BD4680BD80B582B000AF7860786800F0FA
:1068A00098F87B6818460837BD4680BD80B483B031
:1068B00000AF78607B6800221A607B6818460C374E
:1068C000BD465DF8047B704780B483B000AF78604C
:1068D0007B6818460C37BD465DF8047B704780B571
:1068E00082B000AF7860786800F07EF80346184602
:1068F0000837BD4680BD80B483B000AF78607B6848
:1069000018460C37BD465DF8047B704780B483B0F1
:1069100000AF78607B6818460C37BD465DF8047B95
:10692000704780B483B000AF78607B6818460C373E
:10693000BD465DF8047B704780B483B000AF7860DB
:106940007B6818460C37BD465DF8047B704780B401
:1069500083B000AF78607B6818460C37BD465DF8A1
:10696000047B704780B483B000AF78607B681846C2
:106970000C37BD465DF8047B704780B483B000AF30
:1069800078607B6818460C37BD465DF8047B70471D
:1069900080B483B000AF78607B6818460C37BD4682
:1069A0005DF8047B704780B483B000AF78607B688B
:1069B00018460C37BD465DF8047B704780B483B041
:1069C00000AF78607B6818460C37BD465DF8047BE5
:1069D000704780B483B000AF78607B6818460C378E
:1069E000BD465DF8047B704780B483B000AF78602B
:1069F0007B6818460C37BD465DF8047B7047000085
:106A000080B582B000AF78600B4A7B681A607B6803
:106A100003F5B6731846FEF749FC7B68E833184661
:106A2000FDF748FE7B681846FDF724FE7B68184694
:106A30000837BD4680BD00BFB0CF010880B582B029
:106A400000AF78607868FFF7DBFF4FF4B8717868C3
:106A500003F04AFE7B6818460837BD4680BD00003B
:106A600090B587B000AF334B1B685A1C31490A60A0
:106A7000002B0CBF01230023DBB2002B0ED02E4BCA
:106A80001B683B602D4B3C1D0FCB84E80F003B1D6A
:106A90003A464FF4A0712A48F6F75EFC294B1B6872
:106AA0005A1C28490A60002B0CBF01230023DBB2CB
:106AB000002B0BD0204B1B687B6107F114024FF4B5
:106AC00000734FF400712048F6F7FEFB1F4B1B6864
:106AD0005A1C1E490A60002B0CBF01230023DBB2A5
:106AE000002B02D01A48F9F793FF1A4B1B685A1C67
:106AF00018490A60002B0CBF01230023DBB2002BD6
:106B000002D01548F5F75CFB144B1B685A1C13495F
:106B10000A60002B0CBF01230023DBB2002B02D044
:106B20000F48F5F735FD0F48FBF7EBFF00BF1C37AB
:106B3000BD4690BDC467002030C9010834C90108B2
:106B400008530020C0670020F0500020E8500020CB
:106B500060500020C8670020B8550020CC67002096
:106B6000446700204077002080B500AF0248FCF762
:106B700005F800BF80BD00BF4077002080B500AFA2
:106B8000FFF76EFF80BD80B500AFFFF7EDFF80BD62
:106B900080B483B000AF78600B467B807B687A88D6
:106BA000A3F87E2000BF0C37BD465DF8047B70471C
:106BB00080B483B000AF78600B467B807B687A88B6
:106BC000A3F87C2000BF0C37BD465DF8047B7047FE
:106BD00080B483B000AF78600B467B807B687A8896
:106BE000A3F87A2000BF0C37BD465DF8047B7047E0
:106BF00080B483B000AF786087ED000A7B683A68A4
:106C0000C3F8802000BF0C37BD465DF8047B704799
:106C100080B500AF074B9B680133064A9360EDF7E0
:106C200089FB0346034AD361024B012283F82020EB
:106C300000BF80BD8477002080B582B000AF78604F
:106C40004FF4FA70F1F7E3F9074800F065F90648E8
:106C500000F08BF80346002B02D0034800F05CFAEA
:106C60000420F1F7D4F9EFE7BC77002080B483B0BB
:106C700000AF78607B680022DA757B6800221A76A4
:106C80007B680022DA617B6800221A627B6800223E
:106C90005A627B6800229A627B680022DA627B6813
:106CA000002283F830207B68A52283F867207B6868
:106CB00018460C37BD465DF8047B704780B584B03C
:106CC00000AF7860786800F027F8EDF733FBF860E4
:106CD0007B68FA68DA617B68DA697B681A627B68CC
:106CE00000225A627B6800229A627B680022DA6284
:106CF0007B68002283F830200648FAF785F80548BB
:106D0000FAF775F80348FAF78CF800BF1037BD465C
:106D100080BD00BFA877002080B582B000AF78604A
:106D20007B680022DA757B6800221A767B6817225E
:106D30000021184605F09DF800BF0837BD4680BD0C
:106D400080B483B000AF786039607B683A685A627B
:106D50007B683A689A627B68002283F8302000BF23
:106D60000C37BD465DF8047B704780B582B000AF3C
:106D700078607B6893F8303083F00103DBB2002B3E
:106D800003D17B685B6A002B01D000230AE0EDF79A
:106D9000D1FA02467B68DB69D31A772B94BF0123B3
:106DA0000023DBB218460837BD4680BD80B584B0ED
:106DB00000AFF860B9607A607A68B968F86800F086
:106DC00005F800BF1037BD4680BD000080B586B015
:106DD00000AFF860B9607A60EDF7ACFA7861FB68F3
:106DE000DB697A69D31AB3F5FA7F02D9F868FFF73D
:106DF00093FFBB6840F20522934205D0BB6840F286
:106E0000062293420AD035E0FB68082279681846CA
:106E100005F0B8F8FB680122DA750AE0FB68083370
:106E200008227968184605F0ADF8FB6801221A7649
:106E300000BFFB687A69DA61FB6800225A62FB686E
:106E4000012283F830200D48F9F7DEFF0B48F9F7EF
:106E5000CEFF0A48F9F7E5FFFB68DB7D002B09D080
:106E6000FB681B7E002B05D0F86800F009F8F86875
:106E7000FFF752FF1837BD4680BD00BFA87700203E
:106E800080B584B000AF7860A523FB737B681B7866
:106E9000A52B03D07868FFF73FFF20E07B68013324
:106EA000BB607B6869330922B968184605F06AF847
:106EB000BB680933BB607B687233BA6812781A709A
:106EC000BB680133BB607B6873330522B968184621
:106ED00005F058F8BB680533BB60FFF799FE103723
:106EE000BD4680BD80B582B000AF78600948F9F733
:106EF0007EFF0848F9F795FF0648F3F7B3FB034612
:106F0000002B0CBF01230023DBB218460837BD4617
:106F100080BD00BFA877002080B586B000AF786044
:106F2000EDF708FA78617B68DB697A69D31A3B610F
:106F30007B681B6A7A69D31AFB607B68DB7D002B58
:106F400003D17B681B7E002B01D0012300E00023CE
:106F5000FB727B685B6A002B14BF01230023BB72AA
:106F60003B6940F2F31293428CBF012300237B72F2
:106F7000FB7A002B04D03B69772B01D9012300E079
:106F800000233B72BB7A002B02D13B69772B03D9DC
:106F90007B68002283F83020BB7A83F00103DBB2E8
:106FA000002B0BD07B7A83F00103DBB2002B05D0E2
:106FB0003B7A83F00103DBB2002B09D1FB68632B22
:106FC00008D9786800F00AF87B687A691A6202E0EA
:106FD00000BF00E000BF1837BD4680BD80B58CB053
:106FE00000AF78607868FFF797FE7B6800225A62EE
:106FF0007B68DB6A5A1C7B68DA627B68002283F854
:10700000302007F1080328220021184604F031FF40
:107010000123BB620E23FB610123BB610023BB6024
:107020000023FB6000233B6100237B6100233B6264
:1070300001237B620E23FB6207211148EBF7F7F96E
:107040004FF475610E48EBF7DCFB0D48EBF7D6F813
:1070500007F1080319460A48EAF7AEFF0848EBF7BC
:1070600089F84FF475610648EBF7A5FBEDF762F977
:1070700002467B68DA6100BF3037BD4680BD00BF85
:10708000604A002080B483B000AF786039607B68CC
:107090001B681B683A6812781A707B681B681A684C
:1070A0007B681B6801321A6000BF0C37BD465DF873
:1070B000047B704780B483B000AF786039607B6830
:1070C0001B681B683A68128892B21A807B681B683A
:1070D0001A687B681B6802321A6000BF0C37BD4615
:1070E0005DF8047B704780B483B000AF786039608E
:1070F0007B681B681B683A6812681A607B681B68AB
:107100001A687B681B6804321A6000BF0C37BD46E2
:107110005DF8047B7047000080B598B000AF7860E0
:107120007B68212283F878207B68122283F87920FB
:10713000624B5B899BB219467868FFF729FD604B6B
:107140001B899BB219467868FFF732FD5C4BDB88E0
:107150009BB219467868FFF73BFD5A4BD3F80330D2
:1071600000EE103A7868FFF743FD07F14403002270
:107170001A605A609A6007F144033B6407F14003C8
:10718000FB637B6803F1780207F13C031146184664
:10719000FFF778FF7B6803F1790207F13C031146A2
:1071A0001846FFF76FFF7B68B3F87A30A7F85230C4
:1071B00007F1520207F13C0311461846FFF77AFF28
:1071C0007B68B3F87C30A7F8543007F1540207F11C
:1071D0003C0311461846FFF76DFF7B68B3F87E301D
:1071E000A7F8563007F1560207F13C03114618463E
:1071F000FFF760FF7B68D3F88030BB6507F158026A
:1072000007F13C0311461846FFF76DFF07F1240311
:1072100000221A605A609A60DA601A615A61082383
:1072200087F83030002387F83830002387F839306A
:1072300040F20723FB6297F830301A4607F1440109
:1072400007F12403184604F09DFE07F10C03002209
:107250001A605A609A60DA601A615A6108233B76B4
:10726000002387F82030002387F821304FF4027381
:107270007B6107F1440308331B68FB60FAF74DFE9E
:1072800003461A680C321268012118469047F865C7
:10729000FB6D1B6810331B6807F124021146F86D63
:1072A0009847FB6D1B6810331B6807F10C021146F1
:1072B000F86D984700BF6037BD4680BD7C4F002009
:1072C000644F0020744F002080B500AF0C4B1B684A
:1072D0005A1C0B490A60002B0CBF01230023DBB2B0
:1072E000002B02D00748F9F793FB4FF4487106488A
:1072F000F3F709FA0548FFF7B9FC00BF80BD00BFEE
:10730000E850002060500020A8770020BC770020C3
:1073100080B500AFFFF7D8FF80BD80B582B000AF69
:107320007860786800F005F87B6818460837BD4635
:1073300080BD80B483B000AF78607A687B685A60A3
:107340007B685A687B681A607B6800229A6000BF7D
:107350000C37BD465DF8047B7047000080B582B0F5
:1073600000AF78603960084A7B681A607B683A68C9
:107370005A603B681B681B687968386898477B6867
:1073800018460837BD4680BD90CA010880B582B056
:1073900000AF786039607B6804333A46114618467E
:1073A00000F0FFF900BF0837BD4680BD80B582B050
:1073B00000AF786039607B6804333A46114618465E
:1073C00000F001FA00BF0837BD4680BD80B586B029
:1073D00000AF78607B6804337B61786900F062FA03
:1073E0000346FB60786900F06EFA0346BB6011E06B
:1073F00007F10C03184600F09AFA03461B683B613C
:107400003B691B681B683869984707F10C031846ED
:1074100000F07DFA07F1080207F10C031146184647
:1074200000F061FA0346002BE2D100BF00BF18371D
:10743000BD4680BD80B582B000AF786039607B68A2
:1074400039681846FFF78AFF054A7B681A607B682F
:1074500000229A727B6818460837BD4680BD00BF7F
:107460007CCA010890B583B000AF786039607B6852
:1074700039681846FFF772FF0C4A7B681A607B6810
:1074800000229A817B680022DA817B6800221A74CC
:107490007B68074A03F1380413460FCB84E80F00DA
:1074A0007B6818460C37BD4690BD00BFA4CA0108D2
:1074B00044C9010880B584B000AF78607B68FB6088
:1074C000F86800F0AAFB7B6818461037BD4680BDFF
:1074D00080B582B000AF78607B68184600F035FA5E
:1074E0007B6818460837BD4680BD80B582B000AFC6
:1074F00078607B681846FFF7EBFF7B681846083713
:10750000BD4680BD80B582B000AF78607B6818460C
:1075100000F02CFA7B6818460837BD4680BD000095
:1075200080B582B000AF7860064A7B681A607B68DD
:1075300004331846FFF7D9FF7B6818460837BD4665
:1075400080BD00BF78D0010880B582B000AF786000
:10755000064A7B681A607B6804331846FFF7D2FF3F
:107560007B6818460837BD4680BD00BF78D001084B
:1075700080B582B000AF78607B681846FFF7D0FF17
:10758000034A7B681A607B6818460837BD4680BD91
:1075900064D0010880B500AF024800F0E5F800BFF4
:1075A00080BD00BF4878002080B582B000AF786011
:1075B0004FF4FA70F0F72BFD0348FFF707FF0520A3
:1075C000F0F725FD00BFF7E74878002080B584B0CC
:1075D00000AF78600123FB730023BB6029E0BB6828
:1075E000DBB20133DBB21946164800F049FA034614
:1075F00019467A68BB68134412330A461A707A68CF
:10760000BB68134412331B7883F00103DBB2002BF9
:107610000CD00023FB73F8F765FF0246BB68DBB2B2
:107620000133DBB219461046F8F786FFBB68013319
:10763000BB60BB68032BD2DDFB7B18461037BD4611
:1076400080BD00BF0853002080B584B000AF7860D3
:107650000123FB730023BB6029E0BB68DBB201336D
:10766000DBB21946164800F00BFA034619467A6851
:10767000BB68134416330A461A707A68BB68134411
:1076800016331B7883F00103DBB2002B0CD00023F0
:10769000FB73F8F727FF0246BB68DBB20133DBB2AE
:1076A00019461046F8F748FFBB680133BB60BB685A
:1076B000032BD2DDFB7B18461037BD4680BD00BFD3
:1076C000F050002080B582B000AF78600C48FFF722
:1076D00009FC03461A467B689A767B689B7E83F09A
:1076E0000103DBB2002B05D0F8F7FCFE0346184679
:1076F000F8F758FF7B689B7E18460837BD4680BD6B
:10770000BC77002080B584B000AF78600B48F4F7F8
:1077100022FF0346002B07D00948F4F777FD034604
:10772000002B01D0012300E00023FB737B68FA7B70
:10773000DA76FB7B18461037BD4680BD44670020D3
:10774000B855002080B483B000AF7860054B1A783C
:107750007B681A77034B1B7818460C37BD465DF8DB
:10776000047B70479475002080B582B000AF7860CC
:107770007868FFF72BFF7868FFF766FF7868FFF7F8
:10778000A1FF7868FFF7DEFF7868FFF7BBFFF8F727
:10779000A9FE03461846F8F733FF00BF0837BD4679
:1077A00080BD80B582B000AF78603960786800F045
:1077B0008AF803463A681946786800F0A0F900BFD5
:1077C0000837BD4680BD80B58CB000AF78603960A9
:1077D00007F120037968184600F0AFF907F120029D
:1077E00007F114031146184600F0BBF907F1200316
:1077F000184600F06EFB786800F054F803463B61D1
:10780000786800F060F80346FB6036E03B69BB60D7
:1078100007F10803184600F07AF807F1100318463C
:1078200000F085F803461A683B681B689A420CBF53
:1078300001230023DBB2002B1DD007F114031846EF
:1078400000F030F80346BB6207F1280207F1240379
:107850001146184600F0A0F907F1100207F12C03B9
:107860001146184600F098F907F11400FB6A7A688F
:10787000796A00F0A1F9BB683B6107F10C0207F1DE
:1078800010031146184600F02EF80346002BBDD118
:1078900000BF07F114031846FFF734FE00BF30376E
:1078A000BD4680BD80B584B000AF78607B681A6843
:1078B00007F10C031146184600F092F9FB681846D0
:1078C0001037BD4680BD80B584B000AF78607A685F
:1078D00007F10C031146184600F082F9FB681846C0
:1078E0001037BD4680BD80B483B000AF786039608A
:1078F0007B681A683B681B689A4214BF0123002307
:10790000DBB218460C37BD465DF8047B704780B487
:1079100083B000AF78607B681B681A687B681A6068
:107920007B6818460C37BD465DF8047B704780B510
:1079300082B000AF78607B681B68184600F05FF982
:10794000034618460837BD4680BD80B584B000AFF9
:1079500078607B68FB60FB68BB607B681846FFF75C
:10796000DCFC7B6818461037BD4680BD80B582B010
:1079700000AF7860786800F05BF97B681846FFF725
:1079800099FD7B6818460837BD4680BD90B583B029
:1079900000AF78603960482002F0B0FE03461C4614
:1079A000386800F070F903461B6819462046FFF757
:1079B00059FD2146786800F081F978680C37BD469A
:1079C00090BD90B585B000AF78607B68184600F038
:1079D00084F9F860FB681B68002B0CD0786800F015
:1079E00089F90446F86800F092F903461B681946C5
:1079F000204600F097F9FB6800221A607B68184661
:107A00001437BD4690BD90B583B000AF7860396043
:107A1000302002F073FE03461C46386800F033F94C
:107A200003461B6819462046FFF704FD2146786887
:107A300000F099F978680C37BD4690BD90B585B0D7
:107A400000AF78607B68184600F09CF9F860FB682E
:107A50001B68002B0CD0786800F0A1F90446F86888
:107A600000F0AAF903461B681946204600F0AFF95A
:107A7000FB6800221A607B6818461437BD4690BD2B
:107A800080B582B000AF78600B46FB70FB78002BAE
:107A900030D0FB78042B2DD8FB785A1E13469B0060
:107AA00013449B0003F594737A6813441846F9F75E
:107AB0009EF9FB785A1E13469B0013449B0003F566
:107AC00094737A6813441846F9F7ABF9FB785A1E99
:107AD00013469B0013449B0003F594737A68134488
:107AE0001846F2F7BFFD0346002B0CBF012300230D
:107AF000DBB200E0002318460837BD4680BD80B5E4
:107B000086B000AFF860B9607A60786800F070F90C
:107B100003461946F86800F076F978617B69BA681F
:107B20001146184602F00BFEFB680121184600F0D2
:107B3000B4F900BF1837BD4680BD80B586B000AF30
:107B4000786039603B68184600F0B8F902467B68F7
:107B50007B613A617B69FB6000BF78681837BD467E
:107B600080BD80B586B000AF786039607A683B68C8
:107B70007B6107F10C033B6107F10C0319461046CA
:107B800000F0B2F907F10C03184600F046F87B68E4
:107B900018461837BD4680BD80B483B000AF78600A
:107BA00039603B681A687B681A607B6818460C3736
:107BB000BD465DF8047B704780B584B000AFF860C7
:107BC000B9607A603B60786800F0A1F902463B68D2
:107BD000B968F86800F0A6F900BF1037BD4680BD4F
:107BE00080B483B000AF786039607B683A681A600F
:107BF0007B6818460C37BD465DF8047B704780B53E
:107C000082B000AF78607B680833184600F0EDF969
:107C1000034618460837BD4680BD80B483B000AF28
:107C200078607B6818460C37BD465DF8047B70476A
:107C300080B58AB000AF78607B681B687B6219E012
:107C40007B6A3B623B6A1B687B62386AFFF7D7FF3F
:107C5000F861786800F0D5F90346BB61FB697B6188
:107C60007B693B61BB69FB6000BF00BF396A786814
:107C700000F0D2F97B687A6A9A42E1D100BF00BF76
:107C80002837BD4680BD80B483B000AF78607B6884
:107C900018460C37BD465DF8047B704780B582B04E
:107CA00000AF786039607B683A681146184600F08A
:107CB000C8F97B6818460837BD4680BD80B582B0DC
:107CC00000AF786039607B6839681846FFF7E6FFD7
:107CD0007B6818460837BD4680BD80B582B000AFCE
:107CE00078607B68184600F0C0F9034618460837EC
:107CF000BD4680BD80B582B000AF78607B68184615
:107D000000F0C0F9034618460837BD4680BD80B470
:107D100083B000AF78607B6818460C37BD465DF8CD
:107D2000047B704780B582B000AF786039603B68F3
:107D3000002B04D01A68083212681846904700BF1A
:107D40000837BD4680BD80B582B000AF786039602D
:107D50007B683A681146184600F0A1F97B6818461E
:107D60000837BD4680BD80B582B000AF786039600D
:107D70007B6839681846FFF7E6FF7B6818460837C6
:107D8000BD4680BD80B582B000AF78607B68184684
:107D900000F099F9034618460837BD4680BD80B506
:107DA00082B000AF78607B68184600F099F903460E
:107DB00018460837BD4680BD80B483B000AF7860F8
:107DC0007B6818460C37BD465DF8047B704780B56C
:107DD00082B000AF786039603B68002B04D01A682D
:107DE000083212681846904700BF0837BD4680BD6C
:107DF00080B483B000AF78607B6818460C37BD460E
:107E00005DF8047B704790B58DB000AF7860396045
:107E10007B68184600F071F9F8627B68184600F03C
:107E2000F0F8B86207F10803FA6AB96A184600F078
:107E300077F9F86AFFF7E3FE04463868FFF7D8FFE2
:107E40000246BB6A7B623C62FA61F869FFF7D0FFC9
:107E500002463B6ABB617A617B6A3B61BB6919463A
:107E60000420F9F78CFA04467869FFF7C1FF03464E
:107E70001B68236000BF00BF07F1080300211846FC
:107E800000F07DF9FC6A07F10803184600F05CF980
:107E9000234618463437BD4690BD80B483B000AF4A
:107EA000786039607B689A683B681A447B689A609E
:107EB00000BF0C37BD465DF8047B704780B483B0CB
:107EC00000AF78607B6818460C37BD465DF8047BD0
:107ED000704780B483B000AF78607B6818460C3779
:107EE000BD465DF8047B704790B583B000AF786005
:107EF00039607C68386800F051F90346194620461D
:107F000000F057F97B6818460C37BD4690BD80B429
:107F100083B000AF78607B6818460C37BD465DF8CB
:107F2000047B704790B587B000AFF860B9607A60A5
:107F30003B603B46184600F055F903463B6107F1AC
:107F400010031846FFF7E3FC3A4607F10803114611
:107F5000184600F058F90346002B12D107F1100221
:107F600007F1140311461846FFF716FE07F1140235
:107F700007F108031146184600F045F90346002BA7
:107F800001D0012300E00023002B2AD1786800F003
:107F90004EF90246FB68934214BF01230023DBB273
:107FA000002B03D07968F86800F04CF907F108035A
:107FB000184600F017F904463B46184600F012F93F
:107FC00002463B692146F86800F056F9FB6801213A
:107FD0001846FFF762FF7B680121184600F05DF943
:107FE00000E000BF1C37BD4690BD80B582B000AF39
:107FF0007860786800F062F9034618460837BD4695
:1080000080BD80B483B000AF78607B6818460C37C1
:10801000BD465DF8047B704780B586B000AF7860E0
:1080200039607B687B613B683B610123FB60FA68D8
:108030003969786900F0A2F900BF00BF1837BD4662
:1080400080BD90B583B000AF786039607B6818461A
:1080500000F03FF93C687868FFF73FFE03461C607C
:108060007B6818460C37BD4690BD80B582B000AF26
:1080700078607B68184600F039F9034618460837DF
:10808000BD4680BD80B582B000AF78607B68184681
:1080900000F038F9034618460837BD4680BD90B554
:1080A00083B000AF786039607B68184600F036F91D
:1080B0003C687868FFF766FE03461C607B681846DC
:1080C0000C37BD4690BD80B582B000AF78607B684C
:1080D000184600F030F9034618460837BD4680BD03
:1080E00080B582B000AF78607B68184600F02FF949
:1080F000034618460837BD4680BD80B584B000AF42
:1081000078607B68FB600123BB600022B968F86877
:1081100000F098F9034600BF18461037BD4680BDF1
:1081200080B584B000AFF860B9607A60B86800F0DC
:108130001AF90246FB681A60FB687A685A60FB68A5
:1081400018461037BD4680BD80B586B000AF786058
:108150007B685B68002B0DD07B681A687B685B6866
:108160007A613B610123FB60FA683969786900F044
:1081700005F900BF7B6818461837BD4680BD80B43E
:1081800083B000AF786039607B6800225A607B68FA
:1081900018460C37BD465DF8047B704780B483B049
:1081A00000AF78607B6818460C37BD465DF8047BED
:1081B000704780B586B000AF786039603868FFF7E7
:1081C000EDFF02467B687B613A617B69FB603B693E
:1081D000BB607B681846FFF7A0F87B681846183725
:1081E000BD4680BD80B584B000AF78607B681A68FA
:1081F00007F10C0311461846FFF7F2FCFB6818461E
:108200001037BD4680BD80B483B000AF7860396060
:108210007B681A683B681B689A420CBF01230023E5
:10822000DBB218460C37BD465DF8047B704780B45E
:1082300083B000AF78607B6818460C37BD465DF8A8
:10824000047B704790B585B000AF786039607B687B
:108250001846FFF7D6FE04463B681846FFF72EFE89
:108260000346FC60BB600023002B01D003F0D6FC6A
:1082700000BF1437BD4690BD80B584B000AFF86034
:10828000B9607A603B60BB6879683A68184602F06A
:1082900048FA00BF1037BD4680BD80B483B000AF40
:1082A000786039607B689A683B68D21A7B689A600C
:1082B00000BF0C37BD465DF8047B704780B483B0C7
:1082C00000AF78607B6818460C37BD465DF8047BCC
:1082D000704780B582B000AF78607B68184600F0C8
:1082E0005FF87B6818460837BD4680BD80B582B010
:1082F00000AF7860786800F063F8034618460837E6
:10830000BD4680BD80B582B000AF7860786800F06F
:1083100064F8034618460837BD4680BD80B582B074
:1083200000AF78607B68184600F063F87B681846F9
:108330000837BD4680BD80B582B000AF78607868F0
:1083400000F067F8034618460837BD4680BD80B583
:1083500082B000AF7860786800F068F8034618468D
:108360000837BD4680BD80B483B000AF78607B68BD
:1083700018460C37BD465DF8047B704780B584B065
:1083800000AFF860B9607A607A6813465B00134406
:108390009B001946B86802F0A7F91037BD4680BDAA
:1083A00080B582B000AF7860786800F07BF87B68B9
:1083B000184600F083F87B6818460837BD4680BD34
:1083C00080B582B000AF78607B68184600F084F812
:1083D000034618460837BD4680BD80B582B000AF61
:1083E0007860786800F083F8034618460837BD4681
:1083F00080BD80B582B000AF7860786800F083F807
:108400007B68184600F08BF87B6818460837BD4635
:1084100080BD80B582B000AF78607B68184600F000
:108420008CF8034618460837BD4680BD80B582B03B
:1084300000AF7860786800F08BF80346184608377C
:10844000BD4680BD80B586B000AFF860B9607A6087
:10845000FB687B61114ABB6893428CBF01230023F8
:10846000DBB2002B14BF01230023DBB2002B07D0AB
:10847000BB680B4A934201D902F06AF902F065F930
:10848000BA6813465B0013449B00184602F036F9A5
:10849000034600BF18461837BD4680BDAAAAAA0ADF
:1084A0005555551580B582B000AF7860786800F0FA
:1084B0005BF87B6818460837BD4680BD80B483B042
:1084C00000AF78607B6800221A607B6818460C3722
:1084D000BD465DF8047B704780B483B000AF786020
:1084E0007B6818460C37BD465DF8047B704780B545
:1084F00082B000AF7860786800F041F80346184613
:108500000837BD4680BD80B582B000AF786078681E
:1085100000F040F87B6818460837BD4680BD80B43F
:1085200083B000AF78607B6800221A607B681846D1
:108530000C37BD465DF8047B704780B483B000AF54
:1085400078607B6818460C37BD465DF8047B704741
:1085500080B582B000AF7860786800F026F80346F6
:1085600018460837BD4680BD80B483B000AF786040
:108570007B6818460C37BD465DF8047B704780B4B5
:1085800083B000AF78607B6818460C37BD465DF855
:10859000047B704780B483B000AF78607B68184676
:1085A0000C37BD465DF8047B704780B483B000AFE4
:1085B00078607B6818460C37BD465DF8047B7047D1
:1085C00090B589B000AF3D4B1B685A1C3B490A600F
:1085D000002B0CBF01230023DBB2002B02D0384854
:1085E000F8F716FA374B1B685A1C36490A60002BFD
:1085F0000CBF01230023DBB2002B02D03248F3F77B
:10860000C7FF324B1B685A1C30490A60002B0CBF55
:1086100001230023DBB2002B0AD02D4B1B683B60EB
:108620003A464FF400734FF400712A48F4F74CFEB9
:10863000294B1B685A1C28490A60002B0CBF0123D8
:108640000023DBB2002B10D0214B1B687B60234B37
:1086500007F108040FCB84E80F0007F108033A1D67
:108660004FF4A0711E48F4F777FE1E4B1B685A1C8E
:108670001C490A60002B0CBF01230023DBB2002B36
:1086800002D01948F3F79CFD1848FEF771FF174B0D
:10869000BB61174A07F1180319461046FFF776F930
:1086A000124BFB61134A07F11C0319461046FFF7F2
:1086B000AAF900BF2437BD4690BD00BFE850002096
:1086C00060500020CC67002044670020C067002075
:1086D00054C90108F0500020C467002058C901089F
:1086E00008530020C8670020B855002048780020B3
:1086F000687800206C78002080B582B000AF786088
:10870000054A7B681A607B681846FEF71DFF7B6888
:1087100018460837BD4680BD64D0010880B500AF5B
:108720000548FFF78BF90548FFF74BF90448FFF7B9
:10873000E3FF00BF80BD00BF6C7800206878002098
:108740004878002080B500AFFFF73AFF80BD80B5C4
:1087500000AFFFF7E3FF80BD80B582B000AF786067
:108760007B68D3E9162310461946E8F787F90346D4
:1087700007EE903AB0EE670A0837BD4680BD0000AC
:1087800080B483B000AF7860044A7B681A607B686D
:1087900018460C37BD465DF8047B7047C4D001080D
:1087A00080B483B000AF7860044A7B681A607B684D
:1087B00018460C37BD465DF8047B7047C4D00108ED
:1087C00080B582B000AF78607868FFF7E9FF0421D8
:1087D000786801F089FF7B6818460837BD4680BD80
:1087E00080B582B000AF786039607B681846FFF7CB
:1087F000C7FF054A7B681A607B683A685A607B68E5
:1088000018460837BD4680BDA8D0010880B582B0A3
:1088100000AF78600B46FB707B685B681A46FB789C
:108820001946104601F0B6F9F0EE407AB0EE670A4C
:108830000837BD4680BD80B582B000AF78600B467A
:10884000FB707B685B681A46FB7819461046FCF79C
:108850006DFCF0EE407AB0EE670A0837BD4680BD89
:1088600080B483B000AF78604FF08D4307EE903A4C
:10887000B0EE670A0C37BD465DF8047B7047000018
:1088800080B582B000AF786039607B681846FFF72A
:1088900077FF054A7B681A607B683A685A607B6894
:1088A00018460837BD4680BD8CD0010880B582B01F
:1088B00000AF78600B46FB707B685B681A46FB78FC
:1088C0001946104601F066F9F0EE407AB0EE670AFC
:1088D0000837BD4680BD80B582B000AF78600B46DA
:1088E000FB707B685B681A46FB7819461046FCF7FC
:1088F0001DFCF0EE407AB0EE670A0837BD4680BD39
:1089000080B483B000AF78604FF08A4307EE903AAE
:10891000B0EE670A0C37BD465DF8047B704780B542
:1089200082B000AF78607B686433184601F0BCF910
:108930007B684C33184601F0B7F97B68343318462E
:1089400001F0B2F97B681433184601F0A2F97B6894
:1089500018460837BD4680BD80B582B000AF78604C
:108960007B6800221A607B680433DFED630A9FEDA9
:10897000630A184601F057F97B688433184601F002
:108980003CF97B689C33184601F037F97B6800227C
:1089900083F8B8207B68002283F820217B6803F5E8
:1089A00098739FED531B9FED520B1846F6F7A0FBF3
:1089B0007B6803F5E0739FED4E1B9FED4D0B184652
:1089C000F6F796FB7B6803F514739FED492B9FED3B
:1089D000481B9FED470B1846F6F751FB7B6803F5E4
:1089E0001A739FED432B9FED421B9FED410B1846E1
:1089F000F6F745FB7B684FF00002C3F880227B68E6
:108A00004FF00002C3F884227B684FF00002C3F8E5
:108A100088227B684FF00002C3F88C227B684FF0FD
:108A20000002C3F890227B68354AC3F894227B6821
:108A3000344AC3F898227B68334AC3F89C227B6887
:108A4000324AC3F8A0227B68314AC3F8A4227B686B
:108A5000304AC3F8A8227B682F4AC3F8AC227B684F
:108A6000294AC3F8B0227B682C4AC3F8B4227B6839
:108A7000002283F8B8227B684FF00002C3F8C820B8
:108A80007B68D3F8C8207B68C3F8C4207B68D3F820
:108A9000C4207B68C3F8C0207B68D3F8C0207B6803
:108AA000C3F8BC207B684FF00002C3F8CC207B6881
:108AB0004FF00002C3F8D0207B684FF00002C3F8EB
:108AC000D4207B684FF00002C3F8E8207B684FF0A9
:108AD0000002C3F824217B684FF00002C3F828216C
:108AE0007B6818460837BD4680BD00BFAFF30080E5
:108AF0000000000000000000B9FC7F3F17B7D1382C
:108B00000000704200409C44CDCC4C3F0080AF44FC
:108B10000000AF43000040420000F0413333333FD8
:108B200080B582B000AF78607B681B68002B04D0F2
:108B30001A6804321268184690477B689C331846BE
:108B400001F0B2F87B688433184601F0ADF87B6819
:108B500004331846FFF7E3FE7B6818460837BD4626
:108B600080BD80B582B000AF786039607B681B68DB
:108B7000002B04D01A6804321268184690477B68AC
:108B80003A681A6000BF0837BD4680BD80B586B020
:108B900000AF786187ED040AC7ED030A87ED021A7A
:108BA000C7ED011A3869E7F757FC02460B467969A9
:108BB000C1E9942379694FF000024FF00003C1E945
:108BC0009623F868E7F748FC02460B467969C1E945
:108BD0009823B868E7F740FC02460B467969C1E97B
:108BE0009A2379694FF000024FF00003C1E99C23FA
:108BF0007868E7F731FC02460B467969C1E99E23A4
:108C000000BF1837BD4680BD80B485B000AFF860A6
:108C100087ED020AC7ED010AFB68BA68C3F898221B
:108C2000FB687A68C3F89C22FB6893EDA67AFB6820
:108C3000D3EDA77A67EE277AFB68C3EDA87AFB68C5
:108C4000D3EDA77A9FED067A67EE877AFB68C3EDCE
:108C5000AA7A00BF1437BD465DF8047B704700BF99
:108C60000000704280B485B000AFF86087ED020A62
:108C7000C7ED010AFB68BA68C3F8A422FB687A68EA
:108C8000C3F8AC2200BF1437BD465DF8047B7047C3
:108C900080B483B000AF78607B684FF000021A6048
:108CA0007B684FF000025A607B684FF000029A60C8
:108CB0007B684FF00002DA607B684FF000021A61B7
:108CC0007B6800221A757B6818460C37BD465DF834
:108CD000047B704780B582B000AF78607B6818462F
:108CE000FFF73AFE7B6803F530731846FFF734FE52
:108CF0007B6803F5B0631846FFF7CAFF786800F099
:108D000005F87B6818460837BD4680BD80B582B03F
:108D100000AF78607B683D4AC3F874237B683C4AA7
:108D2000C3F87C237B683B4AC3F880237B684FF001
:108D30008142C3F884237B68002283F878237B6810
:108D4000354AC3F8E8237B68344AC3F8E4237B68D8
:108D500003F53073DFED321AB1EE081ADFED300A99
:108D6000B1EE000A1846FFF711FF7B6803F5307378
:108D7000DFED2C0A9FED2C0A1846FFF745FF7B68B4
:108D800003F53073F3EE0E0A9FED280A1846FFF73D
:108D900069FF7B68264AC3F8B4207B68254AC3F87C
:108DA000BC207B68244AC3F8C0207B68234AC3F8F0
:108DB000C4207B68002283F8B8207B68174AC3F878
:108DC00028217B681E4AC3F824217B68DFED141A32
:108DD000B1EE081ADFED120AB1EE000A1846FFF7ED
:108DE000D5FE7B68DFED0F0A9FED0F0A1846FFF7EF
:108DF0000BFF7B68F3EE0E0A9FED0C0A1846FFF797
:108E000031FF00BF0837BD4680BD00BF00002042D3
:108E100000004040CDCC8C3F00007A440000FA4373
:108E200000000000CDCC4C3F0000AF440000AF4339
:108E30000000A0410000C040000020400000A04011
:108E40000000C842B0B584B000AFF860B9607A6085
:108E5000FB6803F53074082001F050FC03461D4602
:108E6000B9682846FFF7BCFC29462046FFF779FE83
:108E7000FC68082001F042FC03461D46796828463C
:108E8000FFF7FEFC29462046FFF76BFE00BF1037B8
:108E9000BD46B0BD80B483B000AF78607B6893F806
:108EA000733003F00803DBB2002B14BF012300234F
:108EB000DBB218460C37BD465DF8047B704780B4C2
:108EC00083B000AF78607B6893F9713018460C3737
:108ED000BD465DF8047B704780B483B000AF786016
:108EE00087ED000A7B683A681A6100BF0C37BD46FF
:108EF0005DF8047B704780B483B000AF78600B46A8
:108F0000FB707B68FA781A7500BF0C37BD465DF8B8
:108F1000047B704780B483B000AF786087ED000AAF
:108F20007B683A689A6100BF0C37BD465DF8047BE8
:108F3000704780B483B000AF78600B46FB707B68ED
:108F4000FA781A7700BF0C37BD465DF8047B70478E
:108F500080B598B000AF78604FF4FA70EFF757F82B
:108F6000A74AA849A848FFF76DFFA84B7B65A84B07
:108F70001B68FB604FF00003FB65002387F85B3044
:108F8000F2F712FD034687F85330A24B5B899BB280
:108F900007EE903AF8EE677AC7ED137A9E4B1B897D
:108FA0009BB207EE903AF8EE677AC7ED127A97F81F
:108FB0005330002B0DD0D7ED137AF5EEC07AF1EED9
:108FC00010FA06DDFB6CFB60BB6CFB65012387F8C8
:108FD0005B3097F85330002B0BD0D7ED137AF5EEBA
:108FE000C07AF1EE10FA01DDFB6C0BE0884B1B68D8
:108FF00008E097F85B30002B02D007F10C0300E08B
:10900000834B1B687B647B6C3B6497F85330002B6D
:1090100001D0BB6C07E097F85B30002B01D0FB6DF3
:1090200001E04FF00003FB637C48F3F794FA03463A
:1090300087F83B307948F3F77FFA87ED0D0A97F808
:109040003B3083F00103DBB2002B08D1D7ED0D7A62
:10905000B7EE007AF4EEC77AF1EE10FA01D80123E8
:1090600000E0002387F8333097F83330002B01D02D
:10907000FB6B00E07B6BFB626948FFF70BFF03466D
:1090800087F82B306648FFF71AFF034613F1040FE9
:10909000B4BF0123002387F82A3097F82B30002B28
:1090A0000CD097F83B30002B08D097F8333083F082
:1090B0000103DBB2002B01D0012300E0002387F87D
:1090C000293097F82930002B01D0564A01E04FF0A3
:1090D00000024D4B03F5AA631A604B4B4FF00002A0
:1090E000C3F89022002387F85A3097F82930002BD4
:1090F00003D0022387F85A301DE097F83330002B55
:1091000004D0414B03F26C531B6803E03E4B03F267
:1091100064531B687B6297F82A30002B08D197EDC7
:109120000B7AD7ED097AB4EEE77AF1EE10FA02D5B0
:10913000012387F85A30344A3B6CC2F87433D7EDB8
:10914000107AB6EE007A67EE877A2F4BC3ED2D7A50
:10915000DFED350A9FED350A3549364800F0B8F89D
:10916000DFED350A9FED350A3549274800F0B0F8A4
:1091700097F8332097F85A3019469FED321AD7EDF9
:10918000100A97ED0B0A2B4800F0AAFAD7ED107AD7
:10919000B6EE007A67EE877A1B4BC3ED2D7A1A4B39
:1091A00003F5B0633A6C1A60174B03F28453FA6A02
:1091B0001A60154B03F244531A68134B03F5B1635D
:1091C0001A60114B03F5A9631A680F4B03F28C5315
:1091D0001A600D4BD3F874230B4B03F5B2631A607E
:1091E000094A97F85A3082F8943597F85330002B93
:1091F00003D197F85B30002B26D0012325E000BF78
:1092000008530020F0500020707800206F12833A3D
:1092100058000020644F00207C4F0020446700204D
:10922000BC7700200000F041C1AAD93BE0FFBF3964
:10923000C86E0020307B00209C922B3C4BC2F5383E
:10924000786A00206F12833A002319461C48FFF702
:1092500070FE97ED110A1A48FFF73EFE97ED0F0AD0
:109260001748FFF757FE00211548FFF744FE154B3E
:109270005B683B62FB6AFB61134BD3F87433BB61E1
:109280000F48F4F79CFF87ED050A97F85A3007EE70
:10929000903AF8EE677AC7ED047AD7ED042A97ED95
:1092A000052AD7ED061A97ED071AD7ED080A97EDAC
:1092B000100A0648F2F7C0FC0120EEF7A8FE5FE6B0
:1092C000446700207C4F00207078002050740020FC
:1092D00080B52DED028B90B000AFF860B96087EDDE
:1092E000010AC7ED000AFB681B68002B00F07181C2
:1092F000FB684FF00002C3F8E820FB6893F82031C8
:10930000012B1BD1FB68843300227A6107F1140220
:109310001146184600F0D3FC03464FF000021A60D5
:10932000FB6884330122BA6107F11802114618461E
:1093300000F0C5FC03464FF000021A600023FB63F7
:109340006EE0FB681B681B6808331B68FA681068CE
:10935000FA6BD2B20132D2B21146984787ED0C0AAD
:10936000FB681B681B680C331B68FA681068FA6B93
:10937000D2B20132D2B211469847B0EE407AD7ED60
:10938000007A67EE877AC7ED0B7A97ED0C7AD7ED06
:109390000B7A67EE277AB0EE670AF6F793FBB0EE2A
:1093A000407AFB68D3ED3A7A77EE277AFB68C3ED13
:1093B0003A7A97ED0B0AF6F785FBB0EE408AFB6828
:1093C00084330022FA6107F11C021146184600F0AE
:1093D00076FC0346D3ED007A78EE277AC3ED007A67
:1093E000FB68843301223A6207F1200211461846D5
:1093F00000F065FC034693ED007AD7ED0C7A67EE3A
:10940000A76AD7ED017A66EEA76AD7ED017A66EE14
:10941000A77A77EE277AC3ED007AFB6B0133FB6303
:10942000FB6B032B8DDDFB6893ED2F8AFB68843388
:1094300000227A6207F124021146184600F03FFC30
:109440000346D3ED007A28EE278AFB68D3ED308AF5
:10945000FB6884330122BA6207F1280211461846DC
:1094600000F02DFC0346D3ED007A68EEA77A38EEC3
:10947000277AFB68D3ED3A7A37EE277AFB68D3ED8B
:10948000317A77EE277AFB68C3ED357AFB684FF0C7
:109490000002C3F8D0200023BB6391E0FB681B6887
:1094A0001B680C331B68FA681068BA6BD2B20132C1
:1094B000D2B211469847B0EE407AD7ED007A67EE07
:1094C000877AC7ED0D7ABA6B1346DB0013441B0194
:1094D0001A46BB6813441846FAF797F8B0EE407A7C
:1094E000D7ED017A27EE277AD7ED0D7A27EE278A76
:1094F00097ED0D0AF6F7E6FAB0EE407AFB68D3ED89
:109500002F7A67EE277A38EE278ABA6B1346DB008C
:1095100013441B011A46BB6813441846FAF775F842
:10952000B0EE407AD7ED017A67EE278ABA6B134620
:10953000DB0013441B011A46BB6813441846FAF7B4
:1095400064F8F0EE407A28EEA77AD7ED017A27EE9C
:10955000277AFB68D3ED307A67EE277A38EE277AE0
:10956000FB68D3ED316AB1EE006AC6EE867A77EE1B
:10957000277AFA68BB6B36339B001344C3ED007A3D
:10958000FA68BB6B36339B001344D3ED007AF5EEDB
:10959000C07AF1EE10FA0FD4FB6893ED347AFA68D2
:1095A000BB6B36339B001344D3ED007A77EE277AFA
:1095B000FB68C3ED347A00E000BFBB6B0133BB63D3
:1095C000BB6B032B7FF76AAFFB68012283F8202176
:1095D00000E000BF4037BD46BDEC028B80BD0000FF
:1095E00080B52DED028B8AB000AF786039604FF006
:1095F00000037B6200233B6217E03A6A1346DB00FC
:1096000013441B011A463B6813441846FFF7A4F89D
:10961000F0EE407AF0EEE77A97ED097A77EE277A66
:10962000C7ED097A3B6A01333B623B6A032BE4DDF9
:10963000D7ED097A9FED297AF4EEC77AF1EE10FAA8
:109640001ED87B68D3ED2D7AB5EE007A67EE877A67
:10965000C7ED057A7B68EC333B613B69FB613B6995
:109660001033FB6007E0FB69BB60BB687A691A6076
:10967000FB690433FB61FA69FB689A42F3D128E085
:109680000023BB6122E07B6893ED2D8ABA69134603
:10969000DB0013441B011A463B6813441846FFF7CE
:1096A0005BF8F0EE407AF0EEE76A97ED097AC6EEE5
:1096B000877A68EE277A7A68BB693A339B0013444D
:1096C0000433C3ED007ABB690133BB61BB69032B73
:1096D000D9DD2837BD46BDEC028B80BDBD37863550
:1096E0002DE990438DB000AF786187ED040AC7ED96
:1096F000030A87ED021A0B46FB711346BB717B69A7
:109700003A69C3F880227B69FA68C3F894227B69BE
:10971000FA7983F8B822BB79002B03D07B69D3F8A0
:10972000A83202E07B69D3F8A032FB62BB79002B40
:1097300003D07B69D3F8AC3202E07B69D3F8A43262
:10974000BB62DFED850A97ED0B0A01F0FDF8F0EE44
:10975000407AB0EE670A01F009F887ED090ADFEDFB
:109760007E0A97ED0A0A01F0EFF8F0EE407AB0EECB
:10977000670A00F0FBFF87ED080A7B69D3EDA07A4A
:10978000DFED750AB0EE670A01F0DEF8F0EE407A20
:10979000B0EE670A00F0EAFF87ED070A7B6903F580
:1097A0009874786AE6F758FE80468946F869E6F7C5
:1097B00053FE7B6993ED942B93ED966B93ED987B21
:1097C0009FED635B41EC140B49EC138BB0EE420A46
:1097D000F0EE620AB0EE461AF0EE661AB0EE472AD4
:1097E000F0EE672A2046F5F788FF53EC102B104661
:1097F0001946E7F743F902467B69C3F884227B697F
:1098000003F5E074386AE6F727FE80468946F86972
:10981000E6F722FE7B6993ED9A2B93ED9C6B93ED1B
:109820009E7B9FED4B5B41EC140B49EC138BB0EE30
:10983000420AF0EE620AB0EE461AF0EE661AB0EE98
:10984000472AF0EE672A2046F5F757FF53EC102B16
:1098500010461946E7F712F902467B69C3F88822D9
:109860007B6993F8B832012B02D0022B0CD01CE09C
:109870007B6993EDA57A7B69D3EDAC7A67EE277AA5
:109880007B69C3EDA37A2AE07B6993EDA57A7B69B6
:10989000D3EDA47A37EE277A7B69D3EDA27A77EEFF
:1098A000677A7B69C3EDA37A19E07B69D3EDA07A6F
:1098B00097ED0B7AB4EEE77AF1EE10FA08D87B69EF
:1098C00093EDA57A7B69D3EDA17A77EE677A02E012
:1098D0007B69D3EDA57A7B69C3EDA37A00BF7B6971
:1098E000D3EDA36A7B6993EDAD7A7B69D3EDA57A5D
:1098F00067EE277AF0EE670AB0EE660A01F024F808
:10990000F0EE407A7B69C3EDA37A7B6993EDA37A8D
:109910007B69D3EDA57ADFED116A77EEA67AF0EEDA
:10992000670AB0EE470A01F037F8F0EE407A7B693B
:10993000C3EDA37A7B69D3F88C227B69C3F8B4208A
:1099400000BF3437BD46BDE8908300BFAFF3008051
:109950000000000000407F4000000000000096432F
:1099600090B52DED028B8DB000AF78613961FA6052
:1099700087ED020AC7ED010A7B6993ED347A7B69B2
:10998000D3ED2D7AB4EEE77AF1EE10FA00DCF5E0D3
:109990000023FB62EEE07B691B681B680C331B68CD
:1099A0007A691068FA6AD2B20132D2B21146984787
:1099B000B0EE407AD7ED017A67EE877AC7ED0A7A82
:1099C0007B69D3F8C0307B62BB6A3B627B6993EDF5
:1099D0002F7AD7ED0A7AF0EEE77A27EE277A7B69BD
:1099E000D3ED316AB1EE006AC6EE867A37EE277A99
:1099F0007A69FB6A3A339B0013440433D3ED007A4F
:109A000077EE677AC7ED077AD7ED087A27EEA77A5F
:109A1000D7ED097AF1EE006A67EEA66AD7ED077A0C
:109A200066EEA77A77EE677AC7ED067AD7ED067A03
:109A3000F5EEC07AF1EE10FA1BD8D7ED087AF1EE08
:109A4000676AD7ED097A77EEA77A86EEA77AD7ED1F
:109A5000027AC7EE276A16EE900AE6F7FDFC024688
:109A60000B467869F96A2031C9000144C1E9002335
:109A700049E0FA6A1346DB0013441B011A46FB68EF
:109A800013441846F9F7C1FDF0EE407AF5EEC07ABE
:109A9000F1EE10FA14DD97ED060A00F067FEB0EE65
:109AA000407AD7ED087A77EE676AD7ED097A77EED4
:109AB000A77A86EEA77AD7ED027AC7EE276A15E075
:109AC000D7ED087AB1EE678A97ED060A00F04EFEF0
:109AD000F0EE407A78EE676AD7ED097A77EEA77AEA
:109AE00086EEA77AD7ED027AC7EE276A16EE900ABD
:109AF000E6F7B2FC02460B467869F96A2031C900E4
:109B00000144C1E900237A69FB6A2033DB00134476
:109B1000D3E9002310461946E6F7B0FF03469FED50
:109B20001A1ADFED1A0A00EE103A1948F2F70CF98A
:109B300010EE103A1846E6F78FFC02460B4678699D
:109B4000F96A2031C9000144C1E900237A69FB6A3E
:109B50002033DB001344D3E90023F96A8900386914
:109B6000441810461946E6F789FF03462360FB6A4E
:109B70000133FB62FB6A032B7FF70DAF00BF343765
:109B8000BD46BDEC028B90BD000080C60000804643
:109B90005074002080B582B000AF78600B46FB7037
:109BA000FB785A1E79681346DB001344DB000B4434
:109BB0002833D3E9002310461946E6F75FFF034632
:109BC00007EE903AB0EE670A0837BD4680BD80B513
:109BD00082B000AF78607B6802229A607B680222C4
:109BE000DA6078687B6810330222022100F078FD89
:109BF0007B6818460837BD4680BD80B582B000AF8F
:109C000078607B6802229A607B680122DA6078685B
:109C10007B6810330122022100F062FD7B68184648
:109C20000837BD4680BD80B584B000AFF86087EDD1
:109C3000020AC7ED010AFB6802221A60FB687A6813
:109C40005A60FB68BA689A60FB680022DA60FB68B9
:109C500000221A61FB6814331846FFF7B8FFFB684F
:109C600034331846FFF7C9FFFB684C331846FFF73B
:109C7000C4FFFB686433184600F032F8F86800F05F
:109C800042F8F86800F08CF8FB6818461037BD46BB
:109C900080BD80B483B000AF78607B6818460C3715
:109CA000BD465DF8047B704780B483B000AF786038
:109CB0007B6818460C37BD465DF8047B704780B45E
:109CC00083B000AF786039603B681B6804339B0049
:109CD0007A68134418460C37BD465DF8047B70471C
:109CE00080B584B000AF786007F1080300221A60E5
:109CF0005A6007F108031946786800F097F8786809
:109D00001037BD4680BD80B59EB000AF786007F1CA
:109D10002803184600F0A5F87B6803F1080207F154
:109D2000080307F12801184600F0DAF87B681433BD
:109D300007F108021146184600F0EAF807F1080397
:109D40001846FFF7A6FF07F128031846FFF7A1FF03
:109D500007F148031846FFF7C3FF7B68343307F168
:109D600048021146184600F0E6F807F14803184685
:109D7000FFF79AFF07F160031846FFF7B1FF7B6812
:109D80004C3307F160021146184600F0D4F807F191
:109D900060031846FFF788FF00BF7837BD4680BDD7
:109DA00080B485B000AF78607B68D3ED017AF5EEC2
:109DB000C07AF1EE10FA09DA7B68D3ED017AB7EEDA
:109DC000007AF4EEC77AF1EE10FA01D8012300E030
:109DD0000023002B0BD14FF0500383F31188BFF306
:109DE0006F8FBFF34F8FFB6000BF00BFFDE77B6845
:109DF000D3ED027AF5EEC07AF1EE10FACCBF012372
:109E00000023DBB2002B0BD14FF0500383F31188FA
:109E1000BFF36F8FBFF34F8FBB6000BF00BFFDE785
:109E200000BF1437BD465DF8047B704780B582B033
:109E300000AF786039607868FFF7DFFE7B68103329
:109E400008223968184602F09DF878687B6810335C
:109E50000122022100F044FC7B6818460837BD4609
:109E600080BDF0B589B000AF786007F10C03002227
:109E70001A605A609A60DA600023FB610DE0FA69AB
:109E800013465B0013449B0020333B44143B4FF0CC
:109E90007E521A60FB690133FB61F869E6F7CAFA82
:109EA00004460D460221022000F058F853EC102B16
:109EB00001210E4620462946E6F798FD0346002B71
:109EC00001D100231E46F3B2002BD8D107F10C03B9
:109ED0001946786800F062F878682437BD46F0BD0E
:109EE00080B584B000AFF860B9607A60F868FFF7B9
:109EF0006EFEBA687B68D3ED007AFB681946B0EE57
:109F0000670A104600F098FBF8681037BD4680BD20
:109F100080B582B000AF786039607B6803F11000D3
:109F20003B6810331022194602F02CF87B68184663
:109F30000837BD4680BD80B582B000AF786039601B
:109F40007B6803F110003B6810330822194602F0C9
:109F500019F87B6818460837BD4680BDB0B582B099
:109F600000AF786039607868E6F764FA04460D4619
:109F70003868E6F75FFA02460B4643EC112B45ECD6
:109F8000104B00F087FCB0EE407AF0EE607AB0EE55
:109F9000470AF0EE670A0837BD46B0BD80B582B00B
:109FA00000AF786039607868FFF711FE7B68103386
:109FB00010223968184601F0E5FF78687B68103395
:109FC0000222022100F08CFB7B6818460837BD4650
:109FD00080BD000080B582B000AF7860054A7B6824
:109FE0001A607B681846FEF7DBFB7B68184608376B
:109FF000BD4680BD8CD0010880B582B000AF7860CE
:10A000007868FFF7E7FF0821786800F06DFB7B6850
:10A0100018460837BD4680BD80B582B000AF786075
:10A02000054A7B681A607B681846FEF7B9FB7B68B7
:10A0300018460837BD4680BDA8D0010880B582B05B
:10A0400000AF78607868FFF7E7FF0821786800F0D4
:10A050004BFB7B6818460837BD4680BD90B587B07E
:10A0600000AF344B1B685A1C32490A60002B0CBFEE
:10A0700001230023DBB2002B0AD02F4B1B683B606F
:10A080003A464FF400734FF400712C48F3F71CF973
:10A090002B4B1B685A1C2A490A60002B0CBF01235A
:10A0A0000023DBB2002B10D0234B1B687B60254BB9
:10A0B00007F108040FCB84E80F0007F108033A1DED
:10A0C0004FF4A0712048F3F747F9204B1B685A1C46
:10A0D0001E490A60002B0CBF01230023DBB2002BBA
:10A0E00002D01B48F6F794FC1A4B1B685A1C1949FE
:10A0F0000A60002B0CBF01230023DBB2002B02D02F
:10A100001548F2F75DF8154B1B685A1C13490A6095
:10A11000002B0CBF01230023DBB2002B02D0104820
:10A12000F2F736FA0F48FEF7D5FD00BF1C37BD46E3
:10A1300090BD00BFC067002068C90108F050002032
:10A14000C46700206CC9010808530020E8500020B3
:10A1500060500020C8670020B8550020CC67002060
:10A16000446700207078002080B582B000AF78602E
:10A170007B6803F530731846FEF7D2FC7B681846FF
:10A18000FEF7CEFC7B6818460837BD4680BD000050
:10A1900080B500AF0248FFF7E7FF00BF80BD00BFFA
:10A1A0007078002080B500AFFFF758FF80BD80B504
:10A1B00000AFFFF7EDFF80BD80B584B000AF7860E1
:10A1C0007B6803F5805393F80431002B01D0002302
:10A1D000A0E07868F2F758F8034683F00103DBB299
:10A1E000002B01D0002395E07B68B3F83438002BB6
:10A1F00001D101238EE0EAF79DF8F8607B6803F552
:10A200008053D3F80831FA68D31A4F2B01D80023B2
:10A2100080E0424B93F84130DBB2202B14BF012386
:10A220000023DBB2002B01D0002373E07B6803F531
:10A2300080531A46FB68C2F808317B68B3F834389B
:10A24000062B04D97B680722A3F8362821E07B6817
:10A25000B3F83438042B04D97B680522A3F83628D8
:10A2600017E07B68B3F83438012B04D97B680222ED
:10A27000A3F836280DE07B68B3F83438012B04D1FD
:10A280007B680122A3F8362803E07B680022A3F84C
:10A2900036287B68B3F83638002B12D07A687B6892
:10A2A000B3F8363819461046F1F7ECF87B68B3F886
:10A2B00034287B68B3F83638D31A9AB27B68A3F88F
:10A2C000342878687B68B3F836381A4613461B0181
:10A2D0009B1A7A68D1187B68B3F834381A4613464B
:10A2E0001B019B1A1A4601F04DFE7B68B3F8343807
:10A2F0001A4613461B019B1A7A68D0187B68B3F87C
:10A3000036381A4613461B019B1A1A46002101F0E3
:10A31000B0FD012318461037BD4680BDF44B002028
:10A32000F0B58DB008AF78607B6803F5805393F883
:10A330000431002B01D0002380E07868F1F7A4FFFE
:10A34000034683F00103DBB2002B01D0002375E04C
:10A350007B6803F58053B3F80231002B01D1012350
:10A360006CE0E9F7E7FFF8607B6803F58053D3F80A
:10A370000C31FA68D31A632B01D800235EE0314B0D
:10A3800093F84130DBB2202B14BF01230023DBB252
:10A39000002B01D0002351E07B6803F580531A465F
:10A3A000FB68C2F80C317E686C4606F648050FCD96
:10A3B0000FC495E80F0007C4237006F638030FCBCF
:10A3C000F1F746F97B6803F58053B3F80231013B9E
:10A3D0009AB27B6803F58053A3F802217B6803F5EA
:10A3E0008053B3F80231002B13D07B6803F638009A
:10A3F0007B6803F665017B6803F58053B3F802318F
:10A400001A4613465B0013441A01D31A1A4601F088
:10A4100017FD7B6803F58053B3F802311A461346E3
:10A420005B0013441A01D21A02F638037A68134407
:10A430002D220021184601F01CFD01231846143777
:10A44000BD46F0BDF44B002080B483B000AF78600F
:10A450007B6803F58053012283F8042100BF0C3789
:10A46000BD465DF8047B704780B483B000AF786070
:10A470007B6893F8733003F00403DBB2002B14BF46
:10A4800001230023DBB218460C37BD465DF8047B80
:10A490007047000080B588B000AF78605348F4F78B
:10A4A00031FD0023FB770023BB77E9F743FFB86159
:10A4B000E9F740FF38614E48F1F7E6FE0346FB73CB
:10A4C0004C48FFF7D1FF0346BB730023FB75002305
:10A4D000BB75FB7B002B07D0FB7F83F00103DBB256
:10A4E000002B01D00123FB75BB7B002B07D0BB7F6A
:10A4F00083F00103DBB2002B01D00123FB75FB7B52
:10A50000002B0AD03A69BB69D31A41F287329342D1
:10A5100003D90123BB753B69BB61FB7D002B1CD0BC
:10A52000334B03F5805393F8043183F00103DBB21E
:10A53000002B12D02E4BB3F83438002B0DD12C4BFE
:10A5400003F58053B3F80231002B06D12848FFF7FA
:10A550007BFF2648F4F7D6FC1BE0BB7D002B18D010
:10A56000234B03F5805393F8043183F00103DBB2EE
:10A57000002B0ED01E4BB3F83438002B09D11C4BE6
:10A5800003F58053B3F80231002B02D11748F4F7DA
:10A59000B9FCFB7BFB77BB7BBB771748F2F72CFD45
:10A5A0001348FFF7BDFE1248FFF706FE104B03F5F8
:10A5B000805393F8053183F00103DBB2002B11D0F7
:10A5C0000B4BB3F83438002B0CD1094B03F58053F7
:10A5D000B3F80231002B05D1054B03F5805301225E
:10A5E00083F805210A20EDF712FD61E7087E0020BF
:10A5F00030560020BC7700200C7E002080B500AFD4
:10A60000084B1B685A1C07490A60002B0CBF01232A
:10A610000023DBB2002B02D00348F6F7F9F900BFA4
:10A6200080BD00BFE85000206050002080B500AF22
:10A63000FFF7E4FF80BD000070B4D1E90034026888
:10A6400045689A4248D10388408800FB03F0860899
:10A6500026D005F1100204F11003314652ED047AC0
:10A6600067EE807A013943ED047A52ED037A67EEA2
:10A67000807A02F1100243ED037A52ED067A67EE1A
:10A68000807A03F1100343ED067A52ED057A67EE06
:10A69000807A43ED057AE1D105EB061504EB06144B
:10A6A00010F0030015D0D5ED007A67EE807A0138FE
:10A6B000C4ED007A0DD0D5ED017A67EE807A0128DD
:10A6C000C4ED017A05D0D5ED027A27EE800A84ED3B
:10A6D000020A002070BC70476FF00200FAE700BF6A
:10A6E000018042804360704700F03BB8024B18681D
:10A6F000BFF35B8F704700BF107E0020012838BF7A
:10A70000012010B50446204601F096FA00B110BDB4
:10A71000FFF7ECFF08B901F081FA8047F3E7FFF794
:10A72000EDBF904210B509D054684B6820601A60A4
:10A73000436819604460486850604B6010BD4B68C6
:10A740000160436018604860704708B501F066FA20
:10A7500008B501F063FA08B501F060FA08B501F038
:10A760005DFA01F071BA000000F028BA08B52DEDCD
:10A77000028BB0EE408A00F053F9B4EE488AF1EE55
:10A7800010FA06D6DFED098AB4EEE88AF1EE10FA87
:10A7900002D4BDEC028B08BD01F0C8FB88EEA80A0C
:10A7A000BDEC028B2123036008BD00BF0000000048
:10A7B00010EE103A184923F000428A421AD9B2F139
:10A7C000FF4F02D330EE400A704700B583B06846B1
:10A7D00000F09AFA00F0030001289DED000ADDED7B
:10A7E000010A10D0022809D090B900F01DF903B079
:10A7F0005DF804FBDFED090A00F016B900F014F96A
:10A80000B1EE400AF3E700F091F9B1EE400AEEE74D
:10A81000012000F08BF9EAE7D80F493F0000000063
:10A8200010EE103A194923F000428A421BD9B2F1C6
:10A83000FF4F02D330EE400A704700B583B0684640
:10A8400000F062FA00F0030001289DED000ADDED42
:10A85000010A13D002280BD098B9012000F066F944
:10A8600003B05DF804FBDFED0A0A002000F05EB9DA
:10A87000012000F05BF9B1EE400AF1E700F0D4F8F6
:10A88000EEE700F0D1F8B1EE400AE9E7D80F493F12
:10A890000000000038B52DED028BB0EE418AF0EEDD
:10A8A000618A55EC104B00F021F830B9B0EE480A3F
:10A8B000F0EE680ABDEC028B38BDB0EE480AF0EE4F
:10A8C000680A00F013F838B153EC182B20462946DB
:10A8D000E6F78CF80028E9D045EC184BB0EE480AB2
:10A8E000F0EE680ABDEC028B38BD00BF53EC102BB4
:10A8F000002B10460BD0B3F1004F08D0104923F0C5
:10A900000042A2F5801C8C4506D804207047002820
:10A910000CBF022003207047B3F5801F0DD303F155
:10A920000043B3F5801F08D3064B9A4201D00020A4
:10A930007047B0FA80F0400970470320704700BFAD
:10A94000FFFFDF7F0000F07F08B52DED028BF0EEFA
:10A95000408AB0EE608A00F047F820B9B0EE480AAD
:10A96000BDEC028B08BDB0EE480A00F03DF858B1CE
:10A97000F4EEC88AF1EE10FAC8BFB0EE688AB0EE05
:10A98000480ABDEC028B08BDB0EE688AB0EE480AFA
:10A99000BDEC028B08BD00BF08B52DED028BF0EEBB
:10A9A000408AB0EE608A00F01FF820B9B0EE480A85
:10A9B000BDEC028B08BDB0EE480A00F015F858B1A6
:10A9C000F4EEC88AF1EE10FA48BFB0EE688AB0EE35
:10A9D000480ABDEC028B08BDB0EE688AB0EE480AAA
:10A9E000BDEC028B08BD00BF10EE103A33F0004002
:10A9F0000ED0A0F50003B3F1FE4F0DD3074B421E5E
:10AA00009A4207D9A0F1FF40B0FA80F040097047A0
:10AA1000022070470320704704207047FEFF7F002C
:10AA2000B1EEC00A704700BF10EE103A23F00043A9
:10AA3000B3F1485F2CD2FDEEC07A17EE903A002BAE
:10AA400060D060EE007A9FED317A9FED315ADFEDF4
:10AA5000315A9FED316ADFED316AA7EE875A9FEDDB
:10AA6000307AE7EE855AA7EEA56AA7EE867AE7EE7A
:10AA7000876A67EEA66A60EEC00AB6EE007AE7EE75
:10AA8000A60AB7EE000AD7EE870A30EE600A7047D2
:10AA900060EE007A9FED1D7A9FED1D5ADFED1D5A85
:10AAA0009FED1D6ADFED1D6A1E4AA7EE875A93428D
:10AAB0009FED1B7AE5EE275AA5EEA76AA6EE277A48
:10AAC000E7EE276A66EEA76AD5D9174A934214D8EB
:10AAD00003F17F4307EE103AB7EE006A36EE476A9D
:10AAE00060EEC00AF6EE005A97EEA57AE7EEA60AE7
:10AAF00037EE607A36EE470A7047B6EE076AB5EE73
:10AB0000027AEDE7B7EE000A704700BF4ED747ADB7
:10AB1000F6740F317CF293B4010DD037ABAA2A3D05
:10AB2000610BB6BA9999993E0000483F10EE103A71
:10AB300023F00043B3F1485F04D2FDEEC07A17EE74
:10AB4000903A5BB360EE007A9FED157ADFED155A0F
:10AB50009FED156ADFED156AE7EE875A9FED147ACF
:10AB6000A5EEA76A20EE275AE6EE276AA6EEA77A98
:10AB700030B9DFED106AE7EE876AA6EE850A704706
:10AB800027EE457AF6EE006AA0EEA67ADFED0A6AB5
:10AB9000D7EE270AE5EE260A30EE600A704700BFBE
:10ABA000D3C92E2F342FD7B21BEF3836010D50B931
:10ABB0008988083CABAA2ABEABAA2A3E10B582B04F
:10ABC000CDED010A019B23F00042B2F1FF4FF0EE00
:10ABD000407A30D810EE100A20F00041B1F1FF4F5A
:10ABE00029D8B3F17E5F3ED09C1704F0020444EAFA
:10ABF000D07431B37AB3B2F1FF4F3FD0B1F1FF4F10
:10AC000029D0891AB1F1F45F4FEAE15233DA002B0F
:10AC100041DA3C323FDA9FED330A012C4DD0022C51
:10AC200042D064B19FED307ADFED307A30EE070A22
:10AC300030EE670A03E09DED017A37EE270A02B095
:10AC400010BD022C0CD09FED2A7A032C08BFB0EE69
:10AC5000470A02B010BD00280ADB9FED260AEEE786
:10AC60009FED220AEBE702B0BDE8104000F082B988
:10AC70009FED210AE3E79FED1F0ACEE7B1F1FF4FF9
:10AC800004F1FF3420D0022C26D81C4B03EB8403A4
:10AC900093ED000AD3E79DED017A87EE870A00F075
:10ACA0003BFA00F067F9B8E79FED0F7ADFED0F7A16
:10ACB00030EE070A37EEC00AC1E710EE103A03F192
:10ACC000004300EE103ABAE7022C08D80C4B03EB15
:10ACD000840393ED000AB2E79FED020AAFE79FED10
:10ACE000090AACE7000000002EBDBB33DB0F494072
:10ACF000DB0F49C0DB0FC93FDB0FC9BFDCD0010848
:10AD0000E8D00108DB0F493F70B510EE103A8B4ACE
:10AD100023F00044944286B0054671D9884A944293
:10AD20001E4624D823F00042002BDFED867A8649A8
:10AD300022F00F02B0EE407A40F3E6808A4270EED5
:10AD4000677A09BF9FED817ADFED816ADFED816A65
:10AD500077EEC77A37EEE67A77EEC77A80ED007A3B
:10AD600077EEE67AC0ED017A012006B070BD7A4A2E
:10AD7000944253D9B4F1FF4F49D2E215863AA4EB7D
:10AD8000C25307EE903ABDEEE77ADFED746AB8EE93
:10AD9000C77A77EEC77A8DED037A67EEA67ABDEEB5
:10ADA000E77AB8EEC77A77EEC77A8DED047A67EE68
:10ADB000A67AF5EE407AF1EE10FACDED057A40F084
:10ADC0008E80B5EE407AF1EE10FA40F08A800123D1
:10ADD000634901910221009103A8294600F0A4F9DA
:10ADE000002EC2DA95ED007AD5ED017AB1EE477A00
:10ADF000F1EE677A85ED007AC5ED017A4042B4E75D
:10AE0000002285ED000A4260002006B070BD70EEA1
:10AE1000407AC0ED017AC0ED007AF5E700F07CF9E8
:10AE20009FED507A9FED476AF6EE007AE0EE077AE2
:10AE30009FED477AFDEEE77AF8EEE76A17EE900AA3
:10AE4000A6EEC60A1F2866EE877AB1EE666A30EE75
:10AE5000677A1EDC444A411E26F0004352F8212046
:10AE600023F0FF03934214D085ED007A30EE470AB9
:10AE7000002E30EE670A85ED010ABFF676AFB1EE1F
:10AE8000477AB1EE400A85ED007A85ED010A40422D
:10AE90006BE717EE103AC3F3C753C3EBD453082B39
:10AEA0004FEAE452E0DD9FED297A9FED2A5AF0EE59
:10AEB000405AE6EE075A70EE657AE6EE077AD6EE6D
:10AEC000857A35EEE77A17EE103AC3F3C753D21AF4
:10AED000192A08DCB0EE650A85ED007AC6E703237F
:10AEE00076E7022374E79FED217A9FED215AB0EEB9
:10AEF000650AA6EE070A75EEC07AE6EE077AD6EE88
:10AF0000857A30EE677AAFE78A4270EE277A09BF1A
:10AF10009FED0E7ADFED0E6ADFED0E6A77EE877A2F
:10AF200037EEA67A77EEC77A80ED007A77EEA67ACA
:10AF3000C0ED017A4FF0FF3017E700BFD80F493F4F
:10AF4000E3CB1640800FC93FD00FC93F00443537CF
:10AF50004344353708A3852E800F494300008043C2
:10AF600074D1010884F9223FF4D0010800A3852E92
:10AF700032318D2438B510EE105A25F00044B4F16A
:10AF8000A14FF0EE407A07D3B4F1FF4F55D8002D12
:10AF900077DD9FED4E0A38BD4D4B9C425CD8B4F135
:10AFA000445F4DD34FF0FF3327EEA76A9FED495A18
:10AFB0009FED497ADFED495ADFED494A66EE066AB0
:10AFC0005A1CA6EE857AE6EEA54A9FED465ADFEDBD
:10AFD000465AA7EE265AE4EEA65A9FED447ADFEDD4
:10AFE000444AA5EE267AE5EEA64A9FED425ADFEDE9
:10AFF000425AA7EE265A9FED417AA4EEA67AE5EED4
:10B00000265A27EE267AA5EE867A27EE877A3BD057
:10B010003B493C4A01EB8301D1ED006A37EE667A89
:10B0200002EB8303D3ED006A37EE677A002D36EE2C
:10B03000C70AB0DAB1EE400A38BD30EE000A38BDBA
:10B040009FED317A30EE077AF7EE006AB4EEE67AD9
:10B05000F1EE10FAA6DD38BD00F05EF82B4B9C42F5
:10B0600015D8A3F5D0039C4226D8F0EE007ABFEEA7
:10B07000007AA0EE277A002330EE270AC7EE007A86
:10B0800092E79FED230A38BD37EEC70A38BD214B42
:10B090009C420BD8F7EE087AB7EE007AA0EE277A3A
:10B0A000022330EE670AC0EE077A7DE7BFEE007A32
:10B0B000C7EE007A032377E7F7EE007A30EE677A7F
:10B0C00030EE270A0123C7EE007A6DE7DB0FC93F98
:10B0D000FFFFDF3ED769853C59DA4B3D21A215BD04
:10B0E0006BF16EBD356B883D95879DBD6E2EBA3D6B
:10B0F000388EE3BD2549123EABAAAA3ECDCC4CBE4C
:10B100008CD401089CD40108CAF24971FFFF973F13
:10B11000DB0FC9BFFFFF1B4010EE103A23F00043C6
:10B1200000EE103A704700BF2DE9F04F2DED048B73
:10B13000DBB01C46944603930A46BA4B68991CF14F
:10B14000040F53F82170824604F1FF39C0F2568291
:10B15000BCF1030348BF0CF10403DB10029301337D
:10B160004FEAC30EACEB0E030593029B17EB0900ED
:10B17000A3EB090316D401309FEDAB7A699C184408
:10B180001EA9002BA4BF54F8235007EE905A03F1D8
:10B190000103ACBFF8EEE77AF0EE477A8342E1ECC8
:10B1A000017AEED1002FC0F2E28203991EA800EBD3
:10B1B00081004FEA81087E18002346AD4C460AEB19
:10B1C0008101B9F1000F80F2C8800134B44245F822
:10B1D000043B00F10400F4D10DF1280B0BEB8703C5
:10B1E000CDE9062E043B9FED929ADFED908A0598FB
:10B1F00004930AEB080446AE0BEB87080097CDF8E2
:10B2000020C00DEB8703002F93ED460A4FEA870518
:10B2100015DD73195A4660EE097AB0EE407AFDEEFC
:10B22000E77A73ED016AF8EEE77AB342A7EEE87ABF
:10B2300037EEA60ABDEEC77AA2EC017AEBD10190F7
:10B2400000F0B8FAF4EE007AB0EE408A20EE270A59
:10B2500000F01EFBF2EE007AA0EE678A019800284B
:10B26000FDEEC89AF8EEE97A38EE678A40F38280FC
:10B27000791EC0F108035BF821E04EFA03FC0CFADA
:10B2800003F3AEEB030EC0F1070219EE903A4EFA4B
:10B2900002F26344002A09EE903A4BF821E000F3F1
:10B2A000AF80B5EE408AF1EE10FA74D1009B9F4258
:10B2B0000ADD5D44002355F8041D454543EA0103BA
:10B2C000F9D1002B40F00281009B013B5BF8232069
:10B2D0007B1C9C46002A40F0F780049A012152F81A
:10B2E000045D0131002DFAD03944029D039A05EB2B
:10B2F000030E0EF1804E699D0EF1FF3E3A4405EBC0
:10B300008E0E1EAD06EB830705EB8205DEED017A9E
:10B31000F8EEE77AB9F1000F0EF1040EE5EC017AD0
:10B32000DFED417A09DB2A465346F3EC016A32ED40
:10B33000017AA342E6EE877AF7D10CF1010C8C4535
:10B34000E7EC017AE2DD0F465BE70134B442E5EC5D
:10B35000017A00F104003FF43FAFDFED337A83461A
:10B360005346F3EC016A3BED017A8B42E6EE877AB5
:10B37000F7D1EAE700F09180F6EE007AB4EEE78AC2
:10B38000F1EE10FA80F22981B5EE408AF1EE10FA62
:10B390004FF000028AD09246DDE9062EDDF820C08B
:10B3A0000197AEEB0C00B0EE480A009F009200F04F
:10B3B00001FADFED1E6AB4EEE60AF1EE10FADDE9FD
:10B3C0000023F0EE407AC0F29C819FED197A059936
:10B3D00020EE077A0831BDEEC77A0591B8EEC77A3C
:10B3E0005C1CE7EE667ABDEEC77AFDEEE77A17EEF3
:10B3F000901A4BF8231017EE103A4BF824307EE0E9
:10B400000133002F09EE903A40F39D8159464FF0E9
:10B41000000E51F8043B002B39D0C3F5807341F87E
:10B42000043C0CE0D8D40108000000000000804378
:10B430000000803B0B68C3F1FF0341F8043B0EF1B1
:10B44000010E7745F6DC01239E4600280BDD01281E
:10B4500000F0BB80022806D1791E5BF8213003F092
:10B460003F0C4BF821C0022A7FF41BAFB7EE000A55
:10B47000734630EE488A002B3FF413AF09920190D7
:10B4800000F098F90198099A38EE408A09E70EF120
:10B49000010E7745BDDC9E46D7E77B1E5BF8232077
:10B4A000D211002A7FF7FDAE19EE903A002F03F17A
:10B4B000010309EE903AA9DC022A7FF4F2AEF7EE1E
:10B4C000007A37EEC88AECE619460EE73B4692460C
:10B4D000DDE905125C1EA1F108005BF82410009F55
:10B4E000059061B903F18043013B0BEB83030146F7
:10B4F00053F8040D013C08390028F9D0059105984E
:10B500000092B7EE000A00F055F9002C009AB0EE58
:10B51000407AC0F22281601C46AD5FED3B6A81003B
:10B520000BEB800305EB800073ED017AF8EEE77A10
:10B530005B4567EE877A27EE267A60ED017AF3D1D4
:10B540000DF1C8080E1F2E44C646A4460025002F44
:10B550007DDBDFF85C92DFED957A3046002307E073
:10B56000F9EC016AB0EC017A9F42E6EE877A03DBE0
:10B57000AB4203F10103F3DD0CF1FF3CBCF1FF3FF3
:10B58000EEEC017A05F10105A6F10406E1D1689B14
:10B59000022B6ADC002B36DC0ED1DFED847A4144CD
:10B5A00031ED017A414577EE877AF9D15346002B88
:10B5B00040F0C680C2ED007A19EE903A03F0070021
:10B5C0005BB0BDEC048BBDE8F08F791E5BF82130D9
:10B5D00003F07F0C4BF821C045E719EE903A002F9D
:10B5E00003F1010309EE903AC8BF02223FF70EAF04
:10B5F000F7EE007A37EEC88A022252E600234FF0B7
:10B60000080E0293AEE5DDED327A9FED687A414493
:10B6100071ED016A414537EE267AF9D15346002B88
:10B6200040F0848077EEC77A82ED007A64B133A966
:10B630000123B1EC017A01339C4277EE877AF8DA84
:10B6400053460BB1F1EE677AC2ED017AB4E70CF123
:10B65000FF3C0023BCF1FF3F4EF8043B05F1010520
:10B66000A6F104067FF473AF91E7689B032BA3D187
:10B67000002C00F08C8008EB840595ED007AA0008A
:10B680002B46294671ED017AF0EE476A37EE277AAC
:10B69000414577EEC77A81ED007A77EEA67AC1ED63
:10B6A000017AEFD1012C72D095ED007A08F10401F6
:10B6B00073ED017AF0EE476A37EE277A994277EE1A
:10B6C000C77A83ED007A77EEA67AC3ED017AEFD1DF
:10B6D000031DDFED367A434408F1080833ED017AA3
:10B6E000984577EE877AF9D15346DDED326A9DEDC4
:10B6F000337A73B9C2ED006A82ED017AC2ED027A43
:10B700005AE7FDEEC07A1C4617EE901A4BF823104C
:10B71000F5E6F1EE666AB1EE477AF1EE677AC2EDD0
:10B72000006A82ED017AC2ED027A45E7F1EE476ADE
:10B7300077EEC77AC2ED006A002C7FF478AF81E71C
:10B74000F1EE677A36E7012815D002287FF4B4AE0F
:10B750000EF03F034BF82130AEE6689B022B12DC63
:10B76000002B17DC7FF428AFDFED107A1EE7039B78
:10B770004FEA830830E50EF07F03022A4BF82130B0
:10B780007FF48FAD9BE6689B032B7FF415AFDFED55
:10B79000077AA9E75346DDED327A1BB14FF000433B
:10B7A00013604FE7002313604EE700BF0000000066
:10B7B000ACD4010810EE103A33F000411A4625D0FF
:10B7C000B1F1FF4F1FD213F0FF4F20D1DFED297AE7
:10B7D000294A60EE277A904217EE903A31DB4CF21C
:10B7E000503CC3F3C75160451A46A1F1190114DD5D
:10B7F000002BDFED227A9FED210AB8BFDFED207A22
:10B8000027EE800A704730EE000A704770474CF20E
:10B81000503C60454FEAD151EADC0144FE29E7DCA7
:10B82000002915DC11F1160F19DB193122F0FF4246
:10B8300042EAC15207EE902A9FED120A27EE800AD3
:10B840007047DFED117A07EE103A27EE270A7047AE
:10B8500022F0FF4242EAC15300EE103A7047002B3B
:10B86000DFED097A9FED080AB8BFDFED087A27EE11
:10B87000800A70470000004CB03CFFFFCAF24971DB
:10B88000CAF249F1000000336042A20D6042A28D6D
:10B8900010EE102AC2F3C7537F3B162B22F0004153
:10B8A0001BDC002B10461EDB1A4919410A4223D02B
:10B8B000DFED197A70EE277AF5EEC07AF1EE10FA24
:10B8C0001ADD002A04DA4FF4000242FA03F31844A6
:10B8D00020EA010300EE103A7047B1F1FF4F0BD39D
:10B8E00030EE000A7047DFED0C7A70EE277AF5EE45
:10B8F000C07AF1EE10FA00DC7047002A02DB9FEDFF
:10B90000070A704711B99FED060A7047BFEE000A9B
:10B91000F2E700BFFFFF7F00CAF24971000000009C
:10B92000000000802DE9F047089D0F4604468C4634
:10B93000002B48D18A42164661D9B2FA82F34BB144
:10B94000C3F1200201FA03FC20FA02F29E4042EA0F
:10B950000C0C9C404FEA164EB7B2BCFBFEF1220C19
:10B960000EFB11CC42EA0C4201FB07F0904209D9D0
:10B97000B21801F1FF3C80F0EE80904240F2EB8083
:10B9800002393244121AA4B2B2FBFEF00EFB1022AE
:10B9900044EA024400FB07F7A74209D9341900F131
:10B9A000FF3280F0DA80A74240F2D7803444023878
:10B9B00040EA0140E41B00211DB1DC400023C5E941
:10B9C0000043BDE8F0878B4206D90DB1C5E90001FF
:10B9D00000210846BDE8F087B3FA83F1002948D179
:10B9E000BB4202D3824200F20781841A67EB030252
:10B9F00001209446002DE4D0C5E9004CE1E7002A7F
:10BA000000F09280B2FA82F3002B40F0A8808A1AEC
:10BA10004FEA164E1FFA86FC0121200CB2FBFEF7FE
:10BA20000EFB172240EA02420CFB07F0904207D9B6
:10BA3000B21807F1FF3802D2904200F2E280474686
:10BA4000121AA4B2B2FBFEF00EFB102244EA02442A
:10BA50000CFB00FCA44507D9341900F1FF3202D2D7
:10BA6000A44500F2CB801046A4EB0C0440EA07404A
:10BA7000A2E7C1F120068B4022FA06FC4CEA030C37
:10BA800007FA01F420FA06F3F7404FEA1C49234372
:10BA900000FA01F81FFA8CFEB7FBF9F01C0C09FB49
:10BAA000107744EA074400FB0EF7A74202FA01F2BE
:10BAB0000AD91CEB040400F1FF3A80F09B80A742F6
:10BAC00040F2988002386444E41B9FB2B4FBF9F35F
:10BAD00009FB134447EA044403FB0EFEA64509D9BB
:10BAE0001CEB040403F1FF3780F08280A6457FD968
:10BAF000023B644443EA0040A4EB0E04A0FB02E7CF
:10BB0000BC427346B94663D360D05DB1B8EB030263
:10BB100064EB090404FA06F622FA01F31E43CC4052
:10BB2000C5E9006400214CE76208480842EAC17197
:10BB30000B0C43EA00438AB242EA0342B3FBF6F13C
:10BB4000E407B4463746B6461F23B0FBF6F0D21BD7
:10BB500041EA004161E7614614E7104628E7C3F176
:10BB6000200120FA01F29E4027FA01F19F403A435A
:10BB70004FEA164E1FFA86FCB1FBFEF70EFB1710BC
:10BB8000110C41EA004107FB0CF8884504FA03F464
:10BB90003AD9711807F1FF3001D288451FD8A1EBBF
:10BBA0000801B1FBFEF808FB0CF70EFB181192B26E
:10BBB00042EA0142BA422FD2B21808F1FF31C6D28E
:10BBC000BA42C4D2A8F102013244C0E7F0459CD287
:10BBD000BEEB020367EB0C070138B94695E7A6EB0D
:10BBE00008084144B81EB1FBFEF808FB0CF7DCE77F
:10BBF0003B467FE7504667E70846FBE63444023899
:10BC000032E7023F32441BE7A1EB08013846B1FBA3
:10BC1000FEF808FB0CF7C8E7414698E708B5062090
:10BC200000F058F90120EDF7A5FF002301461A4660
:10BC3000184600F0B5B90000024B0146186800F044
:10BC40002DB800BF5C000020024B0146186800F0D0
:10BC500001BA00BF5C00002070B50F4E0C46316881
:10BC6000054611B900F052F930602146284600F02F
:10BC70004DF9431C03D14FF0FF34204670BDC41C66
:10BC800024F00304A042F8D0211A284600F03EF91F
:10BC90000130F2D1EFE700BF147E00202DE9F84318
:10BCA000CD1C25F0030508350C2D38BF0C25002DC3
:10BCB000064601DBA94204D90C2333600020BDE80D
:10BCC000F883DFF8D48000F069F8D8F800301C461B
:10BCD00044BB29463046FFF7BFFF431C044658D1FA
:10BCE000D8F800402746002F43D1002C4BD02368C2
:10BCF0003946304604EB030900F008F9814542D18A
:10BD000021686D1A29463046FFF7A6FF01303AD068
:10BD100023682B442360D8F800305A6862BBC8F807
:10BD200000700FE02268521B20D40B2A17D961192A
:10BD3000A342256018BF5960636808BFC8F80010A7
:10BD400062514B60304600F02FF804F10B00231DC8
:10BD500020F00700C21A1CBF1B1AA350AFE762688D
:10BD6000A3420CBFC8F800205A60EBE72346646882
:10BD7000AEE73C467F68B6E71A465B68A342FBD154
:10BD800000235360DEE70C233360304600F00CF8EC
:10BD900094E70560D6E700BF187E0020014800F058
:10BDA000EFB800BF587F0020014800F0EAB800BF9C
:10BDB000587F00200CB430B5184B0C1E1D689DB088
:10BDC00008DA8B232B604FF0FF301DB0BDE8304008
:10BDD00002B070474FF40273ADF814304FF0000317
:10BDE0001B9314BF04F1FF332346049307934FF6CC
:10BDF000FF7302900690ADF81630209A21AB02A98D
:10BE00002846019300F0D0F9431CBCBF8B232B6064
:10BE1000002CDAD0029B00221A70D6E75C000020CA
:10BE200010B501390244904201D1002005E00378A9
:10BE300011F8014FA34201D0181B10BD0130F2E7E9
:10BE4000884210B501EB020402D98442234607D888
:10BE5000431EA14207D011F8012B03F8012FF8E788
:10BE60000244824200D110BD13F8011D02F8011DE9
:10BE7000F7E702440346934200D1704703F8011BE1
:10BE8000F9E71F2938B505460C4604D91623036087
:10BE90004FF0FF3038BDC26B12B152F821304BB9B0
:10BEA000284600F031F8224601462846BDE83840D1
:10BEB00000F018B8012B0AD0591C03D116230360D7
:10BEC0000120E7E7002142F824102046984700208F
:10BED000E0E70000024B01461868FFF7D2BF00BF41
:10BEE0005C00002038B5074D002304460846114683
:10BEF0002B60EDF72FFE431C02D12B6803B12360AA
:10BF000038BD00BF547F0020EDF71CBE38B5064D8C
:10BF10000023044608462B60EDF7DEFD431C02D1EA
:10BF20002B6803B1236038BD547F0020014B186893
:10BF3000704700BF5C00002070B50D4B0D4D5B1BC2
:10BF40009C100026A64209D100F0EEFB0A4D0B4BD7
:10BF50005B1B9C100026A64205D170BD55F8043B22
:10BF600098470136EEE755F8043B98470136F2E76B
:10BF700020D5010820D5010820D501085CD501088D
:10BF8000704770470A44914200F1FF3300D1704777
:10BF900010B511F8014B03F8014F9142F9D110BDD2
:10BFA0002DE9F047264E0746306892468846994666
:10BFB000FFF7E6FF234A15683DB9234B1360234A78
:10BFC00012B11268C3F888201F4D6C681F2C06DD63
:10BFD0003068FFF7D6FF4FF0FF30BDE8F0872FB392
:10BFE000D5F8880068B91A4B002BF1D04FF4847053
:10BFF000FFF722FE0028EBD00023C0E94033C5F84C
:10C0000088006C6840F824A00122D0F80031A240DA
:10C0100000EB84011343C0F80031022FC1F8809077
:10C0200002BFD0F804311343C0F80431631C02345A
:10C0300030686B6045F82480FFF7A3FF0020CCE751
:10C04000AC000020E87F00205C7F002000000000A2
:10C0500039BC010838B50546002941D051F8043CE7
:10C060000C1F002BB8BFE418FFF798FE1D4A136899
:10C0700033B9636014602846BDE83840FFF794BECA
:10C08000A34208D9206821188B4201BF19685B6858
:10C0900009182160EDE71A465B680BB1A342FAD993
:10C0A00011685018A0420BD12068014450188342F7
:10C0B0001160E0D118685B68536008441060DAE7EB
:10C0C00002D90C232B60D6E7206821188B4204BFCD
:10C0D00019685B68636004BF091821605460CAE78F
:10C0E00038BD00BF187E00202DE9F0478E681F463E
:10C0F000BE4282460C469046334653D8B1F90C00F6
:10C1000010F4906F2BD065692368096905EB45052C
:10C11000A3EB010905EBD5757B1C6D104B44AB42BD
:10C120002A4684BF1D462A46430527D51146504658
:10C13000FFF7B4FD064658B321694A46FFF722FFD0
:10C14000A38923F4906343F08003A3812661656192
:10C150004E44A5EB09052660A5603E463B461F46BA
:10C1600020683A464146FFF76BFEA3689B1BA3601D
:10C1700023683B4423600020BDE8F087504600F070
:10C180009DFA06460028E1D121695046FFF762FF7B
:10C190000C23CAF80030A38943F04003A3814FF079
:10C1A000FF30E9E73E46DBE72DE9F04F98468B8903
:10C1B0001B069DB007460D46144610D50B6973B992
:10C1C0004021FFF76BFD2860286130B90C233B60EC
:10C1D0004FF0FF301DB0BDE8F08F40236B610023AE
:10C1E000099320238DF82930CDF80C803023DFF817
:10C1F0009C818DF82A304FF0010923469A4613F8A6
:10C20000012B0AB1252AF9D1BAEB040B0BD05B46FE
:10C21000224629463846FFF767FF013000F0A78025
:10C22000099A5A4409929AF80030002B00F09F8036
:10C2300000234FF0FF32CDE905230AF1010A0493F0
:10C2400007938DF853301A935446052214F8011BB6
:10C250004E48E4F785FC049AD8B9D00644BF2023A1
:10C260008DF85330110744BF2B238DF853309AF8C3
:10C2700000302A2B15D0079A544600204FF00A0CA4
:10C28000214611F8013B303B092B4BD9B0B1079245
:10C2900014E0A0EB080309FA03F313430493A24646
:10C2A000D2E7039B191D1B680391002BBBBF5B42A8
:10C2B00042F0020207930793B8BF049223782E2B13
:10C2C0000AD163782A2B32D1039B1A1D1B68039273
:10C2D00043EAE37302340593DFF8C0A02178032218
:10C2E0005046E4F73DFC38B1049BA0EB0A00402225
:10C2F000824013430134049314F8011B24488DF841
:10C3000028100622E4F72CFC002836D0214B1BBB5A
:10C31000039B073323F0070308330393099B33443C
:10C3200009936AE70CFB02320C460120A8E70023C0
:10C330000134059319464FF00A0C204610F8012BE2
:10C34000303A092A03D9002BC6D00591C4E70CFB6B
:10C35000012104460123F0E703AB00932A460E4B6C
:10C3600004A93846AFF30080421C0646D6D1AB89FB
:10C370005B063FF52DAF09982CE703AB00932A46E7
:10C38000054B04A9384600F079F8EDE7E4D401083C
:10C39000EED4010800000000E9C00108EAD4010859
:10C3A0002DE9F047164698468A680B69DDF820901B
:10C3B0009342B8BF1346336091F8432007460C46BA
:10C3C0000AB1013333602368990642BF33680233F0
:10C3D0003360256815F0060506D104F1190AE368F3
:10C3E00032689B1AAB4226DC94F843302268003B4B
:10C3F00018BF012392062BD404F14302414638466C
:10C40000C84701301ED02368226903F00603042BBD
:10C4100002BFE5683368ED1AA3680CBF25EAE5752D
:10C4200000259342C4BF9B1AED1800261A34B5426A
:10C430001AD1002008E00123524641463846C84739
:10C44000013003D14FF0FF30BDE8F0870135C6E77A
:10C45000E1185A1C302081F84300224494F845101A
:10C4600082F843100233C7E701232246414638468B
:10C47000C8470130E6D00136D9E700002DE9FF4773
:10C480000F7E0C9E782F914680460C469A4601F10D
:10C49000430207D8622F0AD8002F00F0D280582F0D
:10C4A00000F0B78004F1420684F842703AE0A7F148
:10C4B0006303152BF6D801A151F823F015C5010827
:10C4C00029C50108A5C40108A5C40108A5C401081F
:10C4D000A5C4010829C50108A5C40108A5C401080F
:10C4E000A5C40108A5C4010829C6010853C501084F
:10C4F000DFC50108A5C40108A5C401084BC6010891
:10C50000A5C4010853C50108A5C40108A5C40108B4
:10C51000E7C5010833681A1D1B68326004F1420642
:10C5200084F8423001239DE033682068191D316092
:10C53000060601D51D6803E04506FBD5B3F900509A
:10C54000002D03DA2D236D4284F8433059480A2325
:10C5500010E021683368080653F8045B02D44906EA
:10C5600048BFADB26F2F5348336059D10823002123
:10C5700084F843106668A660002E05DB21682E4310
:10C5800021F0040121604DD01646B5FBF3F103FB09
:10C590001157C75D06F8017D2F46BB420D46F4D901
:10C5A000082B0BD12368DF0708D5236961689942FE
:10C5B000DEBF302306F8013C06F1FF36921B2261F4
:10C5C000CDF800A04B4603AA21464046FFF7E8FEFF
:10C5D00001304CD14FF0FF3004B0BDE8F087236844
:10C5E00043F0200323603448782784F8457023689B
:10C5F00031681F0651F8045B02D45F0648BFADB234
:10C600003160D90744BF43F0200323601DB11023DC
:10C61000ADE72848E9E7236823F020032360F6E725
:10C620000A23A4E71646BBE7336825686169181D2D
:10C6300030602E061B6801D5196002E06806FBD544
:10C640001980002323611646BAE733681A1D326049
:10C650001E68626800213046E4F782FA08B1801B48
:10C66000606063682361002384F84330A8E723698E
:10C67000324649464046D0470130ABD023689B073D
:10C6800013D4E068039B9842B8BF1846A4E701237F
:10C69000324649464046D04701309BD00135E368D9
:10C6A00003995B1AAB42F2DCEBE7002504F11906B3
:10C6B000F5E700BFF5D4010806D501082DE9F041E2
:10C6C000074614460D4621B9BDE8F0411146FFF773
:10C6D000E5BA2AB9FFF7BEFC25462846BDE8F08139
:10C6E00000F01AF88442064602D8B4EB500FF4D892
:10C6F00021463846FFF7D2FA804608B94546ECE7AE
:10C70000B4422246294628BF3246FFF73BFC294661
:10C710003846FFF79FFCF1E751F8043C181F002B47
:10C72000BCBF0B58C0187047F8B500BFF8BC08BCB8
:10C730009E467047F8B500BFF8BC08BC9E467047DF
:10C7400049444C4500000000546D7220537663004C
:10C75000546D72510000000064656661756C74541C
:10C7600061736B00636861737369735461736B0009
:10C77000636F6D6D756E69636174696F6E5461008E
:10C7800072656665655461736B000000726C73546A
:10C7900061736B006576656E745461736B000000A5
:10C7A0006C6D7000465249006D6672005649530028
:10C7B0006D7673004E4F52006D6E7200524F5400F2
:10C7C0006D727400464F4C006D666C0073637000B0
:10C7D00076736100707772007000000066697265A0
:10C7E0005F6E756D3A25640066696C000102030492
:10C7F000010000000200000003000000040000002F
:10C8000057000000707772006C6D70007425303234
:10C8100064000000736370007000000076736100B4
:10C8200061353000613630006137300061383000EA
:10C8300061393000613130006131310061313200E5
:10C8400061313300772530326400000066696C0086
:10C85000636431006D647200737472004652490063
:10C860006D667200564953006D7673004E4F52004C
:10C870006D6E7200524F54006D727400464F4C0042
:10C880006D666C00666972655F6E756D3A300000AA
:10C890000102030401000000020000000300000088
:10C8A0000400000001020304010000000200000077
:10C8B0000300000004000000010203040100000066
:10C8C0000200000003000000040000002C7600209D
:10C8D0001200000040760020000100000102030465
:10C8E000010000000200000003000000040000003E
:10C8F000766563746F723A3A5F4D5F7265616C6C16
:10C900006F635F617070656E640000002C760020BC
:10C910001200000040760020000100000102030424
:10C9200001000000020000000300000004000000FD
:10C9300001020304010000000200000003000000E7
:10C9400004000000FF0000FF00FF00FF0000FFFFE9
:10C95000FF0000FF010203040100000002000000CC
:10C9600003000000040000000102030401000000B5
:10C9700002000000030000000400000000000000AE
:10C98000000000000102030406070809000000007F
:10C9900001020304000610160006101658C701080D
:10C9A0000000000000000000000000000000000087
:10C9B000000200001800000000000000000000005D
:10C9C00064C7010800000000000000000000000033
:10C9D000000000000010000018000000000000002F
:10C9E0000000000070C70108000000000000000007
:10C9F000000000000000000000020000180000001D
:10CA0000000000000000000080C7010800000000D6
:10CA10000000000000000000000000000002000014
:10CA20001800000000000000000000008CC7010892
:10CA300000000000000000000000000000000000F6
:10CA400000100000180000000000000000000000BE
:10CA500094C7010800000000000000000000000072
:10CA600000000000000200001800000000000000AC
:10CA7000000000000000000000000000BD9C000855
:10CA80002DA1000851A100080000000000000000D6
:10CA90000000000000000000000000000000000096
:10CAA00000000000F1A1000821A6000845A600082A
:10CAB000005EBCE2613FDD83C29C7E20A3FD1F417E
:10CAC0009DC3217FFCA2401E5F01E3BD3E6082DC6E
:10CAD000237D9FC1421CFEA0E1BF5D0380DE3C625E
:10CAE000BEE0025CDF81633D7C22C09E1D43A1FF4E
:10CAF0004618FAA427799BC584DA3866E5BB59073E
:10CB0000DB856739BAE406581947A5FB7826C49A2D
:10CB1000653BD987045AB8E6A7F91B45C6987A241D
:10CB2000F8A6441A99C7257B3A6486D85B05E7B90D
:10CB30008CD2306EEDB3510F4E10F2AC2F7193CDFD
:10CB4000114FADF3702ECC92D38D6F31B2EC0E50ED
:10CB5000AFF1134DCE90722C6D33D18F0C52B0EEDD
:10CB6000326C8ED0530DEFB1F0AE4C1291CF2D73CD
:10CB7000CA947628ABF517490856B4EA6937D58BBD
:10CB80005709EBB536688AD495CB2977F4AA4816AD
:10CB9000E9B7550B88D6346A2B7597C94A14F6A89D
:10CBA000742AC896154BA9F7B6E80A54D7896B358D
:10CBB0000000891112239B322446AD573665BF749D
:10CBC000488CC19D5AAFD3BE6CCAE5DB7EE9F7F84D
:10CBD0008110080193331A22A5562C47B7753E647D
:10CBE000C99C408DDBBF52AEEDDA64CBFFF976E82D
:10CBF00002218B30100299132667AF763444BD555D
:10CC00004AADC3BC588ED19F6EEBE7FA7CC8F5D90C
:10CC100083310A2091121803A7772E66B5543C453C
:10CC2000CBBD42ACD99E508FEFFB66EAFDD874C9EC
:10CC300004428D5316619F702004A9153227BB361C
:10CC40004CCEC5DF5EEDD7FC6888E1997AABF3BACC
:10CC500085520C4397711E60A1142805B3373A26FC
:10CC6000CDDE44CFDFFD56ECE9986089FBBB72AAAC
:10CC700006638F7214409D512225AB343006B917DC
:10CC80004EEFC7FE5CCCD5DD6AA9E3B8788AF19B8C
:10CC900087730E6295501C41A3352A24B1163807BC
:10CCA000CFFF46EEDDDC54CDEBB962A8F99A708B6C
:10CCB000088481951AA793B62CC2A5D33EE1B7F09C
:10CCC0004008C919522BDB3A644EED5F766DFF7C4C
:10CCD000899400859BB712A6ADD224C3BFF136E07C
:10CCE000C1184809D33B5A2AE55E6C4FF77D7E6C2C
:10CCF0000AA583B4188691972EE3A7F23CC0B5D15C
:10CD00004229CB38500AD91B666FEF7E744CFD5D0B
:10CD10008BB502A499961087AFF326E2BDD034C13B
:10CD2000C3394A28D11A580BE77F6E6EF55C7C4DEB
:10CD30000CC685D71EE597F42880A1913AA3B3B21B
:10CD4000444ACD5B5669DF78600CE91D722FFB3ECB
:10CD50008DD604C79FF516E4A9902081BBB332A2FB
:10CD6000C55A4C4BD7795E68E11C680DF33F7A2EAB
:10CD70000EE787F61CC495D52AA1A3B03882B193DB
:10CD8000466BCF7A5448DD59622DEB3C700EF91F8B
:10CD90008FF706E69DD414C5ABB122A0B9923083BB
:10CDA000C77B4E6AD5585C49E33D6A2CF11E780F6B
:10CDB0000000000000000000A5D6000800000000F0
:10CDC00000000000A5D600080000000000000000E0
:10CDD00007D80008000000000000000007D8000885
:10CDE0000000000000000000000000000000000043
:10CDF0000000000000000000000000000000000033
:10CE000009FB00080000000000000000850F010879
:10CE1000BD0F0108D910010879110108B5110108E9
:10CE20000000000000000000000000000000000002
:10CE300000000000000000000000000000000000F2
:10CE400000000000000000000000000000000000E2
:10CE500000000000000000000000000000000000D2
:10CE600000000000000000000000000000000000C2
:10CE7000350F0108650F0108811401089714010896
:10CE8000DF140108871501082B1601088F16010809
:10CE9000B91601080000000000000000ED1F0108A5
:10CEA0003120010861210108012201083D22010809
:10CEB0000000000000000000000000000000000072
:10CEC0000000000000000000000000000000000062
:10CED0000000000000000000000000000000000052
:10CEE0000000000000000000000000000000000042
:10CEF0000000000000000000000000000000000032
:10CF00000000000000000000000000000000000021
:10CF1000A91F0108CD1F0108D5220108E922010837
:10CF20001123010859230108A1230108D323010873
:10CF3000032401084B24010893240108DB24010881
:10CF4000192501080000000000000000495F0108E9
:10CF50006D5F0108FD4401080000000000000000B2
:10CF6000D95C0108FD5C010889440108000000004B
:10CF700000000000115E0108355E010859420108F9
:10CF80000000000000000000A15B0108C55B010873
:10CF9000113F01080000000000000000415A010894
:10CFA000655A0108593C010800000000000000001B
:10CFB000016A01083D6A010809480108454801085D
:10CFC0000000000000000000B5460108D946010835
:10CFD000752C0108A72C0108C52C0108E32C0108B9
:10CFE000012D01081F2D01083D2D01085B2D0108B1
:10CFF000792D0108972D01080000000000000000B5
:10D00000B52D0108D52D0108752C0108A72C0108A4
:10D01000C52C0108E32C0108012D01081F2D010872
:10D020003D2D01085B2D0108792D0108972D010880
:10D0300000000000000000000000000000000000F0
:10D0400000000000000000000000000000000000E0
:10D0500000000000000000000000000000000000D0
:10D06000000000008D730108AD730108CD73010845
:10D0700000000000000000000000000000000000B0
:10D08000000000000000000000000000D59F010823
:10D09000F99F0108AD880108D788010801890108B6
:10D0A000000000000000000019A001083DA00108D8
:10D0B0000D88010837880108618801080000000018
:10D0C0000000000000000000000000000000000060
:10D0D00000000000000000000000000000000080D0
:10D0E000DB0F4940DB0F49C0DB0F49BFE4CB1640E3
:10D0F000E4CB16C0000FC93F000F494000CB96405B
:10D10000000FC9400053FB4000CB164100ED2F41FA
:10D11000000F49410031624100537B41003A8A418E
:10D1200000CB9641005CA34100EDAF41007EBC41C5
:10D13000000FC94100A0D5410031E24100C2EE41DB
:10D140000053FB4100F20342003A0A4200831042BE
:10D1500000CB164200141D42005C234200A5294268
:10D1600000ED2F4200363642007E3C4200C742426C
:10D17000000F4942A2000000F900000083000000F7
:10D180006E0000004E00000044000000150000008A
:10D1900029000000FC0000002700000057000000EC
:10D1A000D1000000F500000034000000DD000000A8
:10D1B000C0000000DB0000006200000095000000DD
:10D1C000990000003C0000004300000090000000B7
:10D1D00041000000FE00000051000000630000005C
:10D1E000AB000000DE000000BB000000C500000036
:10D1F00061000000B7000000240000006E00000085
:10D200003A000000420000004D000000D200000083
:10D21000E000000006000000490000002E000000B1
:10D22000EA00000009000000D100000092000000A8
:10D230001C000000FE0000001D000000EB000000CC
:10D240001C000000B100000029000000A700000041
:10D250003E000000E80000008200000035000000F1
:10D26000F50000002E000000BB000000440000009C
:10D2700084000000E90000009C0000007000000035
:10D2800026000000B40000005F0000007E000000E7
:10D29000410000003900000091000000D6000000AD
:10D2A0003900000083000000530000003900000036
:10D2B000F40000009C000000840000005F000000FB
:10D2C0008B000000BD000000F900000028000000F5
:10D2D0003B0000001F000000F80000009700000065
:10D2E000FF000000DE0000000500000098000000C4
:10D2F0000F000000EF0000002F00000011000000F0
:10D300008B0000005A0000000A0000006D000000C1
:10D310001F0000006D000000360000007E000000CD
:10D32000CF00000027000000CB0000000900000033
:10D33000B70000004F000000460000003F00000062
:10D34000660000009E0000005F000000EA00000090
:10D350002D0000007500000027000000BA0000004A
:10D36000C7000000EB000000E5000000F100000035
:10D370007B0000003D0000000700000039000000B5
:10D38000F70000008A000000520000009200000038
:10D39000EA0000006B000000FB0000005F000000DE
:10D3A000B10000001F0000008D0000005D000000C3
:10D3B00008000000560000000300000030000000DC
:10D3C00046000000FC0000007B0000006B00000035
:10D3D000AB000000F0000000CF000000BC00000027
:10D3E000200000009A000000F40000003600000059
:10D3F0001D000000A9000000E300000091000000F3
:10D40000610000005E000000E60000001B0000005C
:10D410000800000065000000990000008500000081
:10D420005F00000014000000A00000006800000081
:10D43000400000008D000000FF000000D800000048
:10D44000800000004D000000730000002700000075
:10D45000310000000600000006000000150000007A
:10D4600056000000CA00000073000000A800000081
:10D47000C900000060000000E20000007B00000026
:10D48000C00000008C0000006B0000006937AC3168
:10D4900068212233B40F14336821A2333863ED3E80
:10D4A000DA0F493F5E987B3FDA0FC93F0000C93F62
:10D4B0000000F0390000DA370000A2330000842EAB
:10D4C0000000502B0000C2270000D0220000C41F23
:10D4D0000000C61B00004417040000000700000005
:10D4E00009000000232D302B2000686C4C0065667D
:10D4F00067454647003031323334353637383941A5
:10D5000042434445460030313233343536373839BA
:08D510006162636465660000BE
:08D518003836FE7F010000001F
:10D52000690C0008E9B900082DBC0008B5E1000845
:10D5300021F0000859F60008E50001087909010802
:10D54000E50D0108D12A01087D6B0108117301085E
:0CD5500045870108A5A101082DA60108CF
:10D55C00410C0008876B01084F870108AFA1010837
:10D56C000024F4001000000001000000AAAAAAAADE
:10D57C00010000000100000001000000010000009B
:10D58C0001000000FFFFFFFFFFFFFF00FFFF008017
:10D59C00008000000200000077527B40EDECAF40B1
:10D5AC00C50E493F14CB164099475C3FA208FD3F7E
:10D5BC00D5EC6640ABA20D4000007042600000202C
:10D5CC00000000001C7E0020847E0020EC7E0020E9
:10D5DC00000000000000000000000000000000003F
:10D5EC00000000000000000000000000000000002F
:10D5FC00000000000000000000000000000000001F
:10D60C00000000000000000000000000597F002016
:0400000508009B8DC7
:00000001FF
